Country,Year,GR.real.DI.pc.hh,GR.real.FC.pc.hh,GR.real.GDP.pc,I.CC,I.real.DI.pc.hh,I.real.FC.pc.hh,I.real.GDP.pc,S.CT.hh,S.Debt.hh,S.LUN,S.NFW.hh,S.SR.hh,S.UR
AUS,2015,0.53,1.09,0.86,99.67,114.2,107.32,107.21,95.29,186.54,22.56,204.12,16.03,6.06
AUS,2016,-0.09,1.04,1.07,99.94,114.1,108.44,108.35,94.59,193.64,21.94,225.23,15.09,5.71
AUS,2017,0.25,0.9,0.79,99.8,114.39,109.42,109.21,93.73,198.96,21.86,232.74,14.53,5.61
AUS,2018,1.2,0.98,1.29,100.26,115.76,110.49,110.62,93.02,199.38,21.17,223.72,14.72,5.31
AUS,2019,0.59,-0.58,0.41,99.83,116.45,109.85,111.07,92.95,197.05,20.6,263.02,15.71,5.16
AUS,2020,4.54,-6.89,-2.95,99.24,121.74,102.27,107.79,95.78,188.08,25.39,264.9,24.94,6.44
AUS,2021,3.06,4.85,5.16,100.87,125.47,107.24,113.36,94.18,191.71,20.9,282.15,23.63,5.14
AUS,2022,-2.04,5.69,2.54,98.71,122.91,113.34,116.24,92.03,193.89,15.93,254.13,17.61,3.72
AUS,2023,-5.12,0.01,-0.39,97.84,116.61,113.35,115.78,89.65,198.25,15.95,275.86,13.15,3.69
AUS,2024,,,,98.4,,,,,,,,,4.02
AUT,2015,-0.23,0.14,0.3,99.67,96.69,101.83,100.95,88.83,87.58,13.03,218.82,13.02,6.15
AUT,2016,1.34,0.53,0.83,100.17,97.99,102.37,101.78,90.7,86.73,13.18,219.94,13.74,6.45
AUT,2017,0.24,1.24,1.63,101.07,98.23,103.64,103.44,89.97,85.8,12.03,227.67,12.82,5.93
AUT,2018,0.93,0.36,1.99,101.37,99.14,104.01,105.5,88.83,85.33,10.35,222.63,13.41,5.21
AUT,2019,-0.14,0.23,1.3,100.87,99.01,104.26,106.87,88.35,86.33,9.76,230.68,13.04,4.84
AUT,2020,-0.93,-7.98,-6.73,99.55,98.09,95.93,99.67,91.72,88.4,16.76,247.8,19.15,6.03
AUT,2021,1.94,4.35,4.39,100.46,99.99,100.11,104.05,90.08,88.23,13.86,258.58,17.26,6.2
AUT,2022,0.75,3.74,4.1,97.04,100.74,103.85,108.32,90.65,82.83,11.2,225.94,14.97,4.76
AUT,2023,-1.36,-1.32,-1.8,97.35,99.36,102.47,106.37,90.59,75.58,11.6,220.32,14.91,5.11
AUT,2024,,,,98.62,,,,,,,,,
BEL,2015,-0.1,1.04,0.89,100.54,99.72,106.84,100.93,81.77,102.73,14.03,421.86,11.59,8.65
BEL,2016,0.96,1.09,0.68,100.33,100.67,108.01,101.62,83.04,104.24,13.06,425.99,11.47,7.85
BEL,2017,1.26,1.51,1.08,101.15,101.94,109.64,102.71,83.16,104.93,12.79,415.08,11.11,7.1
BEL,2018,0.84,1.15,1.42,100.8,102.79,110.91,104.17,83.36,105.18,11.84,386.23,10.87,5.96
BEL,2019,2.32,0.9,1.89,99.93,105.18,111.91,106.14,84.08,106.86,10.81,402.11,12.12,5.37
BEL,2020,0.55,-7.59,-5.2,99.63,105.76,103.41,100.62,87.76,108.89,14.86,409.04,19.07,5.54
BEL,2021,2.25,5.14,5.76,101.29,108.14,108.73,106.42,86.34,109.07,14.58,410.99,16.63,6.28
BEL,2022,-1.86,2.81,3.4,98.18,106.13,111.78,110.03,85.03,105.34,12.54,347.75,12.73,5.57
BEL,2023,1.4,-0.25,0.39,99.51,107.62,111.49,110.47,85.07,99.25,11.97,339.75,14.13,5.53
BEL,2024,,,,99.97,,,,,,,,,
CAN,2015,2.49,1.5,-0.16,,114.18,110.36,103.49,86.36,169.56,14.11,353.46,8.56,7.0
CAN,2016,-1.2,1.04,-0.02,,112.81,111.51,103.47,87.0,177.07,13.93,381.25,6.46,7.07
CAN,2017,2.65,2.43,1.79,,115.8,114.21,105.32,87.59,177.13,13.08,389.95,6.56,6.43
CAN,2018,0.26,1.21,1.31,,116.1,115.6,106.7,87.2,177.89,11.85,379.66,5.54,5.84
CAN,2019,1.27,0.11,0.43,,117.58,115.72,107.16,87.24,177.06,11.23,409.9,6.77,5.68
CAN,2020,6.35,-7.35,-6.14,,125.04,107.22,100.57,95.14,169.99,18.11,414.42,18.12,9.69
CAN,2021,0.06,5.13,5.33,,125.11,112.72,105.94,90.64,176.4,13.96,442.99,14.08,7.53
CAN,2022,-1.7,3.72,2.46,,122.99,116.91,108.54,88.03,178.26,10.18,390.04,9.12,5.28
CAN,2023,-1.23,-0.94,-1.27,,121.48,115.82,107.16,87.35,174.9,10.26,401.44,8.85,5.38
CAN,2024,,,,,,,,,,,,,6.35
CHE,2015,,1.21,0.4,100.32,,105.62,103.74,,,12.47,,,4.8
CHE,2016,,0.55,0.98,100.07,,106.2,104.76,,,12.79,,,4.92
CHE,2017,,0.22,0.43,100.63,,106.43,105.2,,,12.6,,,4.8
CHE,2018,,-0.06,2.12,100.35,,106.37,107.44,,,11.93,,,4.71
CHE,2019,,0.49,0.42,99.69,,106.89,107.89,,,11.68,,,4.39
CHE,2020,,-4.09,-2.88,98.4,,102.52,104.79,,,15.12,,,4.82
CHE,2021,,1.49,4.79,100.57,,104.04,109.8,,,13.73,,,5.02
CHE,2022,,3.4,2.17,97.01,,107.58,112.19,,,11.89,,,4.12
CHE,2023,,-0.01,-0.82,96.62,,107.57,111.27,,,11.89,,,4.04
CHE,2024,,,,,,,,,,,,,
CHL,2015,-0.37,1.34,1.1,98.77,138.37,135.48,121.53,96.62,67.94,23.81,204.96,,6.33
CHL,2016,3.55,2.16,0.63,97.81,143.29,138.41,122.29,97.3,68.54,24.3,201.04,,6.68
CHL,2017,-0.41,2.12,-0.05,99.16,142.71,141.34,122.23,96.56,72.7,24.05,208.18,,6.97
CHL,2018,2.29,1.98,2.19,101.45,145.98,144.14,124.91,96.41,75.95,23.8,207.31,,7.38
CHL,2019,1.45,-1.12,-1.22,99.55,148.09,142.53,123.38,95.87,78.36,23.81,224.04,,7.22
CHL,2020,7.14,-9.01,-7.76,95.76,158.66,129.69,113.81,117.23,69.61,35.84,202.85,,10.77
CHL,2021,8.99,19.59,10.04,98.12,172.92,155.09,125.24,121.54,67.12,25.63,185.0,,8.86
CHL,2022,-16.3,0.84,1.25,96.33,144.73,156.39,126.81,99.77,81.6,21.18,199.56,,7.88
CHL,2023,2.18,-5.84,-0.45,96.47,147.88,147.26,126.23,99.29,78.63,22.35,193.53,,8.68
CHL,2024,,,,97.23,,,,,,,,,8.46
COL,2015,,2.11,1.97,100.34,,127.46,125.46,,,,,,8.95
COL,2016,,0.48,0.98,97.67,,128.08,126.69,106.43,45.02,,74.57,7.44,9.23
COL,2017,2.46,0.78,0.1,97.28,,129.08,126.82,105.98,46.04,,90.71,9.09,9.3
COL,2018,1.59,1.45,0.79,99.3,,130.95,127.81,107.26,46.44,,99.39,8.79,9.53
COL,2019,0.25,1.74,0.88,98.29,,133.23,128.93,107.36,49.6,,107.29,7.45,10.37
COL,2020,-4.15,-6.82,-8.95,96.09,,124.15,117.39,110.01,51.49,,101.7,10.42,15.86
COL,2021,5.61,13.16,9.29,97.38,,140.49,128.3,109.36,50.09,,98.47,4.0,13.81
COL,2022,8.9,9.47,6.11,97.35,,153.79,136.14,109.82,44.03,,93.88,2.71,11.22
COL,2023,2.4,-0.21,-0.44,96.35,,153.47,135.54,109.36,41.31,,80.43,5.63,10.16
COL,2024,,,,,,,,,,,,,
CRI,2015,,3.4,2.39,98.75,,129.55,118.43,,,,,,9.61
CRI,2016,,2.52,2.96,98.97,,132.81,121.93,,,,,,9.54
CRI,2017,,4.34,2.96,99.78,,138.58,125.54,,,,,,9.07
CRI,2018,,0.8,1.46,98.85,,139.69,127.38,,,,,,10.26
CRI,2019,,0.6,1.32,97.03,,140.53,129.06,,,,,,11.76
CRI,2020,,-7.91,-5.27,97.7,,129.42,122.26,,,,,,19.61
CRI,2021,,7.24,6.84,98.68,,138.79,130.61,,,,,,16.43
CRI,2022,,1.52,3.46,100.15,,140.9,135.14,,,,,,12.22
CRI,2023,,4.11,4.22,102.23,,146.69,140.84,,,,,,8.89
CRI,2024,,,,,,,,,,,,,
CZE,2015,2.42,3.58,4.92,102.18,106.13,108.31,106.8,89.96,65.76,7.02,160.07,11.08,5.06
CZE,2016,2.97,3.53,2.52,102.64,109.28,112.13,109.49,88.9,67.35,5.78,165.24,10.44,3.97
CZE,2017,4.9,4.42,5.1,103.03,114.64,117.09,115.08,88.0,70.23,4.46,158.72,10.77,2.91
CZE,2018,4.26,3.39,2.7,103.56,119.52,121.07,118.18,86.89,69.23,3.48,175.72,11.53,2.27
CZE,2019,3.34,2.92,3.41,102.87,123.51,124.6,122.21,86.84,68.46,3.18,180.15,11.88,2.02
CZE,2020,1.92,-6.0,-4.87,100.57,125.89,117.12,116.26,89.1,68.94,4.93,195.64,18.73,2.55
CZE,2021,5.37,4.19,4.04,100.43,132.65,122.04,120.96,89.89,66.48,6.13,191.13,19.57,2.81
CZE,2022,-3.08,-1.89,0.37,96.71,128.57,119.73,121.41,91.66,60.72,5.91,181.1,18.2,2.4
CZE,2023,-1.76,-3.83,-1.15,98.35,126.3,115.15,120.02,91.97,58.93,7.03,185.48,19.44,2.63
CZE,2024,,,,99.91,,,,,,,,,
DEU,2015,1.66,1.43,0.78,101.41,105.77,105.95,106.98,83.8,84.64,9.4,202.5,17.11,4.37
DEU,2016,1.58,1.41,1.47,101.28,107.44,107.45,108.55,83.66,84.49,8.43,224.42,17.1,3.91
DEU,2017,1.43,1.12,2.33,101.77,108.98,108.66,111.08,83.13,84.47,7.88,233.26,17.47,3.57
DEU,2018,2.12,1.11,0.81,101.75,111.3,109.86,111.98,83.05,83.14,7.12,235.63,18.1,3.21
DEU,2019,1.01,1.44,0.76,101.22,112.42,111.44,112.84,82.85,84.88,6.63,252.22,17.82,2.97
DEU,2020,-0.2,-6.83,-4.18,99.76,112.2,103.83,108.12,84.54,87.82,,272.28,23.17,3.62
DEU,2021,0.56,2.25,3.63,100.63,112.83,106.17,112.04,83.88,89.19,9.84,284.21,21.94,3.58
DEU,2022,1.02,4.83,0.64,97.75,113.97,111.3,112.76,83.83,85.79,8.59,245.02,18.94,3.07
DEU,2023,-0.45,-1.21,-1.11,98.63,113.46,109.95,111.51,84.47,80.83,8.31,249.01,19.29,3.03
DEU,2024,,,,99.45,,,,,,,,,
DNK,2015,3.95,1.27,1.4,101.54,105.91,97.68,98.11,76.14,257.32,11.99,481.61,8.37,6.27
DNK,2016,4.24,2.45,2.24,100.64,110.41,100.07,100.31,77.76,251.16,13.93,474.72,8.87,5.98
DNK,2017,1.65,2.07,2.41,101.29,112.23,102.14,102.73,76.68,246.67,11.98,489.14,9.59,5.82
DNK,2018,2.81,3.24,1.35,101.27,115.39,105.45,104.12,77.2,239.19,9.95,460.78,9.5,5.15
DNK,2019,1.52,1.37,1.31,100.83,117.13,106.89,105.48,75.54,239.25,9.7,525.56,7.91,5.03
DNK,2020,0.04,-1.49,-2.0,100.18,117.18,105.3,103.37,76.1,245.83,13.19,595.07,9.16,5.62
DNK,2021,0.76,6.39,6.93,101.12,118.07,112.02,110.54,73.24,237.48,10.05,701.15,5.76,5.11
DNK,2022,0.88,-2.95,0.65,97.15,119.11,108.72,111.25,75.26,199.41,8.54,584.02,9.68,4.47
DNK,2023,1.48,0.68,1.78,98.42,120.87,109.46,113.23,76.0,196.63,9.38,585.95,9.67,5.11
DNK,2024,,,,99.03,,,,,,,,,
ESP,2015,4.31,3.1,4.17,102.15,92.44,90.21,95.14,94.85,111.62,34.42,227.07,7.93,22.08
ESP,2016,2.33,2.56,2.82,101.88,94.59,92.52,97.82,94.58,107.11,31.48,224.55,7.71,19.65
ESP,2017,1.33,2.89,2.71,102.8,95.85,95.19,100.47,93.61,103.47,28.94,226.99,6.3,17.23
ESP,2018,1.02,1.29,1.95,102.34,96.83,96.42,102.43,93.06,100.64,26.01,214.66,6.1,15.27
ESP,2019,3.06,0.34,1.15,101.83,99.8,96.75,103.61,92.93,95.83,24.4,224.26,8.61,14.11
ESP,2020,-2.83,-12.55,-11.42,97.18,96.97,84.61,91.77,96.79,97.08,33.06,244.57,17.62,15.53
ESP,2021,2.68,7.1,6.68,100.04,99.57,90.61,97.9,94.8,93.66,27.52,249.12,14.26,14.93
ESP,2022,-2.07,3.9,5.21,96.1,97.51,94.14,103.01,91.99,89.53,24.26,231.57,9.06,13.03
ESP,2023,3.73,0.49,1.4,98.17,101.14,94.6,104.45,92.21,78.91,22.77,231.89,12.05,12.19
ESP,2024,,1.92,2.3,99.57,,96.42,106.85,,,,,,
EST,2015,,4.93,2.03,101.7,,103.15,101.35,,,12.07,,,6.39
EST,2016,,4.08,2.89,101.74,,107.35,104.28,,,13.15,,,6.83
EST,2017,,2.29,5.66,102.95,,109.81,110.18,,,11.26,,,5.81
EST,2018,,4.32,3.42,103.27,,114.56,113.95,,,10.83,,,5.39
EST,2019,,3.83,3.28,103.57,,118.94,117.69,,,9.86,,,4.48
EST,2020,,-1.14,-3.18,100.02,,117.58,113.94,,,12.97,,,6.88
EST,2021,,7.02,7.06,100.13,,125.84,121.99,,,12.31,,,6.21
EST,2022,,2.72,-0.07,95.06,,129.27,121.9,,,11.91,,,5.57
EST,2023,,-3.76,-5.44,94.55,,124.4,115.27,,,12.57,,,6.42
EST,2024,,,,93.87,,,,,,,,,
FIN,2015,0.84,1.03,0.14,99.09,104.22,102.27,92.08,91.14,115.8,19.31,127.05,8.23,9.46
FIN,2016,1.1,1.57,2.3,100.16,105.36,103.88,94.19,90.7,121.89,19.82,125.59,7.75,8.92
FIN,2017,1.04,0.21,3.06,102.1,106.46,104.1,97.07,91.53,127.16,18.84,125.89,8.52,8.77
FIN,2018,1.83,1.01,1.05,101.69,108.41,105.15,98.09,91.35,133.13,17.02,112.64,9.26,7.43
FIN,2019,2.29,0.32,1.25,99.58,110.89,105.49,99.32,91.37,135.41,15.86,125.26,11.05,6.74
FIN,2020,0.31,-3.58,-2.65,98.74,111.24,101.71,96.68,93.52,142.67,19.28,133.87,14.46,7.72
FIN,2021,0.66,3.0,2.48,101.59,111.98,104.76,99.08,90.7,144.2,16.56,150.21,12.48,7.68
FIN,2022,-2.22,0.58,0.48,96.28,109.49,105.37,99.56,89.13,140.73,14.01,128.44,10.01,6.77
FIN,2023,0.28,0.09,-1.58,97.0,109.8,105.47,97.98,90.25,133.74,14.29,132.43,10.21,7.22
FIN,2024,,,,97.68,,,,,,,,,
FRA,2015,0.51,1.16,0.62,99.45,101.59,102.57,101.02,88.64,112.13,18.14,247.58,13.61,10.35
FRA,2016,1.09,1.33,0.48,99.67,102.7,103.94,101.51,88.85,113.56,17.97,264.4,13.42,10.07
FRA,2017,1.38,1.06,1.68,100.75,104.11,105.04,103.21,88.76,116.48,17.47,268.86,13.66,9.43
FRA,2018,0.44,0.6,1.19,99.72,104.57,105.68,104.43,88.68,118.3,16.45,253.7,13.54,9.02
FRA,2019,2.13,1.28,1.63,100.09,106.79,107.03,106.14,90.59,118.6,15.27,274.25,14.24,8.43
FRA,2020,-0.19,-6.77,-7.76,98.84,106.59,99.78,97.9,94.54,122.74,19.09,286.01,20.03,8.03
FRA,2021,3.11,4.88,6.5,100.46,109.9,104.64,104.27,92.17,123.27,15.85,298.37,18.68,7.88
FRA,2022,0.14,2.89,2.26,97.49,110.05,107.67,106.62,90.74,121.98,14.49,259.72,16.46,7.32
FRA,2023,0.56,0.53,0.63,97.96,110.66,108.24,107.29,91.1,114.62,14.24,260.66,16.52,7.34
FRA,2024,,,,98.64,,,,,,,,,
GBR,2015,5.28,2.08,1.47,102.38,106.33,101.93,101.02,89.69,141.99,11.46,334.15,9.82,5.35
GBR,2016,-0.05,2.91,1.17,101.6,106.28,104.9,102.2,89.44,144.53,10.35,364.87,6.47,4.9
GBR,2017,0.34,1.27,2.09,100.72,106.63,106.24,104.34,88.6,144.87,9.36,367.36,5.33,4.43
GBR,2018,1.48,1.46,0.9,100.81,108.21,107.79,105.29,88.43,142.23,8.63,333.2,5.32,4.1
GBR,2019,1.6,0.62,1.17,100.07,109.94,108.46,106.52,88.38,139.91,8.14,349.58,5.53,3.83
GBR,2020,-0.6,-13.34,-10.5,98.31,109.27,93.99,95.33,90.27,143.75,14.7,376.19,16.73,4.6
GBR,2021,1.14,6.74,8.09,101.11,110.52,100.33,103.04,87.91,140.05,13.79,366.27,12.74,4.55
GBR,2022,-2.65,6.43,3.88,94.24,107.59,106.79,107.04,85.82,137.08,12.6,272.31,6.05,3.8
GBR,2023,1.15,-0.47,-0.59,96.85,108.82,106.28,106.41,86.19,128.04,13.06,247.73,7.31,4.05
GBR,2024,,,,99.35,,,,,,,,,
GRC,2015,0.37,1.05,0.43,97.5,70.28,78.43,75.0,97.87,104.76,32.97,114.71,-1.63,24.98
GRC,2016,0.13,0.76,0.39,96.24,70.37,79.02,75.29,97.15,104.48,32.14,113.55,-2.24,23.88
GRC,2017,1.82,2.77,1.67,96.68,71.65,81.21,76.55,95.39,99.37,30.05,127.8,-3.17,21.84
GRC,2018,-1.18,2.47,2.27,98.5,70.8,83.22,78.29,95.26,102.27,27.57,111.23,-7.01,19.74
GRC,2019,7.32,2.72,2.39,101.73,75.99,85.48,80.16,96.08,91.51,25.11,126.4,-2.42,17.88
GRC,2020,-3.09,-6.0,-9.0,100.03,73.64,80.36,72.94,97.24,94.21,29.75,139.61,0.65,17.62
GRC,2021,9.8,5.66,9.25,99.67,80.86,84.91,79.69,96.69,88.8,27.1,138.17,4.39,14.79
GRC,2022,0.93,9.24,6.36,97.65,81.61,92.75,84.75,96.15,77.44,22.26,142.36,-3.47,12.46
GRC,2023,3.63,2.08,2.63,99.02,84.58,94.68,86.99,96.3,70.25,19.39,149.14,-1.93,11.08
GRC,2024,,,,98.28,,,,,,,,,
HUN,2015,4.06,4.3,4.06,101.64,105.39,98.35,108.44,91.24,46.2,12.08,175.54,12.81,6.52
HUN,2016,4.86,5.21,2.8,102.0,110.51,103.48,111.48,90.66,43.57,9.39,183.48,12.54,4.88
HUN,2017,6.34,5.89,4.51,102.43,117.52,109.57,116.51,91.39,40.25,8.0,186.53,12.93,4.05
HUN,2018,8.24,5.25,5.83,102.84,127.2,115.33,123.3,91.8,37.56,6.98,185.95,15.3,3.49
HUN,2019,6.72,5.39,5.29,102.61,135.74,121.55,129.82,91.65,38.07,6.66,185.56,16.17,3.26
HUN,2020,0.25,-0.63,-4.25,100.61,136.09,120.79,124.3,93.89,41.6,9.36,203.16,17.07,4.12
HUN,2021,7.5,5.37,7.62,101.01,146.29,127.28,133.77,95.36,42.04,7.8,203.89,18.67,4.05
HUN,2022,4.06,6.79,4.55,98.9,152.23,135.92,139.85,93.85,37.64,6.35,187.9,16.47,3.67
HUN,2023,1.64,-1.34,-0.83,98.85,154.73,134.1,138.69,94.1,33.66,6.66,184.35,18.96,4.08
HUN,2024,,,,100.02,,,,,,,,,
IRL,2015,3.91,2.31,23.47,102.55,97.75,91.93,121.76,88.49,167.4,18.2,183.66,12.14,9.93
IRL,2016,3.17,3.02,0.02,102.72,100.85,94.71,121.78,88.04,152.3,15.41,195.02,11.88,8.41
IRL,2017,3.85,1.62,8.48,103.03,104.73,96.25,132.11,87.22,159.58,14.06,184.68,14.21,6.75
IRL,2018,1.37,3.4,6.02,103.17,106.17,99.52,140.06,86.15,145.83,13.38,186.5,12.69,5.8
IRL,2019,3.67,1.14,3.41,101.26,110.06,100.65,144.84,86.12,127.55,12.06,211.49,14.02,5.01
IRL,2020,3.23,-11.52,5.73,99.43,113.62,89.05,153.14,90.49,106.99,16.64,253.96,26.22,5.86
IRL,2021,1.15,7.67,14.94,101.79,114.93,95.88,176.02,85.44,104.75,14.62,269.0,22.5,6.26
IRL,2022,-0.74,8.46,6.37,97.41,114.07,103.99,187.23,83.28,102.68,9.22,223.42,15.11,4.47
IRL,2023,0.36,2.34,-7.24,,114.49,106.42,173.67,83.77,95.2,9.57,226.51,13.61,4.31
IRL,2024,,,,,,,,,,,,,
ISL,2015,,3.39,3.34,,,86.83,98.88,,,11.69,,,4.51
ISL,2016,,4.99,4.57,,,91.17,103.4,,,9.64,,,3.34
ISL,2017,,5.37,1.69,,,96.07,105.15,,,9.16,,,3.28
ISL,2018,,2.1,2.16,,,98.08,107.42,,,8.5,,,3.1
ISL,2019,,-0.36,-0.25,,,97.72,107.15,,,9.13,,,3.93
ISL,2020,,-4.62,-8.4,,,93.21,98.15,,,12.6,,,6.43
ISL,2021,,5.31,3.64,,,98.15,101.72,,,12.77,,,6.01
ISL,2022,,5.51,6.19,,,103.56,108.02,,,8.69,,,3.72
ISL,2023,,-2.64,1.71,,,100.83,109.87,,,8.4,,,3.38
ISL,2024,,,,,,,,,,,,,
ISR,2015,,1.73,0.04,100.98,,110.23,113.65,,,,,,5.24
ISR,2016,,4.21,2.41,102.43,,114.87,116.39,,,,,,4.81
ISR,2017,,1.6,2.44,102.73,,116.71,119.23,,,,,,4.22
ISR,2018,,1.59,2.21,102.55,,118.57,121.87,,,,,,4.0
ISR,2019,,2.05,1.79,102.25,,121.0,124.05,,,,,,3.8
ISR,2020,,-9.02,-3.15,97.81,,110.09,120.14,,,,,,4.32
ISR,2021,,9.49,7.64,101.47,,120.53,129.32,,,,,,4.96
ISR,2022,,5.37,4.18,98.56,,127.0,134.72,,,,,,3.77
ISR,2023,,-2.97,-0.28,97.8,,123.23,134.34,,,,,,3.42
ISR,2024,,,,,,,,,,,,,
ITA,2015,1.27,1.99,1.04,100.28,88.12,92.59,89.7,92.06,79.63,28.63,310.11,11.1,12.0
ITA,2016,0.96,0.97,1.43,100.4,88.97,93.49,90.98,92.0,79.64,27.46,301.54,11.21,11.75
ITA,2017,0.97,1.41,1.79,100.23,89.83,94.81,92.61,91.87,79.16,26.16,307.68,10.87,11.26
ITA,2018,0.38,0.72,1.04,101.47,90.17,95.49,93.57,91.68,79.23,25.72,287.22,10.63,10.6
ITA,2019,0.05,0.23,0.68,100.69,90.22,95.71,94.21,91.56,80.64,25.27,312.86,10.42,9.93
ITA,2020,-2.06,-10.15,-8.42,99.56,88.36,85.99,86.27,95.87,82.79,33.51,338.92,17.78,9.3
ITA,2021,3.95,6.38,9.49,102.2,91.85,91.48,94.46,93.46,81.84,26.54,359.85,15.78,9.56
ITA,2022,0.0,5.19,4.87,98.22,91.85,96.22,99.06,93.07,78.81,23.19,326.75,11.6,8.07
ITA,2023,-0.05,1.04,0.73,99.53,91.8,97.22,99.79,92.35,75.25,21.82,338.51,10.69,7.67
ITA,2024,,,,99.59,,,,,,,,,
JPN,2015,0.52,-0.24,1.54,99.9,99.43,103.79,102.72,,105.05,12.01,467.39,,3.38
JPN,2016,1.19,-0.25,0.93,100.01,100.61,103.52,103.68,,106.17,11.27,464.94,,3.12
JPN,2017,0.69,1.24,1.86,100.57,101.3,104.8,105.6,,107.73,10.37,482.92,,2.81
JPN,2018,0.66,0.45,0.86,100.53,101.96,105.27,106.51,,109.49,10.17,466.04,,2.44
JPN,2019,1.39,-0.36,-0.14,99.27,103.38,104.89,106.36,,109.37,10.12,472.89,,2.35
JPN,2020,3.73,-4.17,-3.9,97.08,107.23,100.52,102.22,,109.39,14.26,466.65,,2.78
JPN,2021,-3.02,0.89,2.85,98.55,103.99,101.41,105.14,,115.08,13.28,510.25,,2.82
JPN,2022,-0.25,2.64,1.5,97.44,103.73,104.08,106.71,,115.34,10.94,496.84,,2.6
JPN,2023,,1.33,1.97,98.24,,105.47,108.82,,,10.11,,,2.57
JPN,2024,,,,98.78,,,,,,,,,2.55
LTU,2015,,5.12,3.76,100.77,,109.6,120.02,,,12.34,,,9.13
LTU,2016,,5.0,3.88,100.5,,115.09,124.68,,,11.21,,,7.9
LTU,2017,,4.36,5.89,100.17,,120.11,132.02,,,10.52,,,7.12
LTU,2018,,4.41,5.79,102.08,,125.41,139.66,,,8.58,,,6.18
LTU,2019,,3.12,4.98,103.56,,129.32,146.62,,,8.37,,,6.28
LTU,2020,,-3.16,0.07,100.82,,125.23,146.72,,,11.57,,,8.52
LTU,2021,,8.14,6.46,101.87,,135.42,156.19,,,10.99,,,7.14
LTU,2022,,1.15,1.7,98.61,,136.99,158.84,,,9.01,,,5.95
LTU,2023,,-1.73,-1.05,101.47,,134.62,157.16,,,10.15,,,6.88
LTU,2024,,,,103.61,,,,,,,,,
LUX,2015,,1.04,0.28,99.86,,101.76,93.98,,,14.3,,,6.46
LUX,2016,,0.75,2.33,101.34,,102.52,96.17,,,12.84,,,6.33
LUX,2017,,0.76,-0.86,102.55,,103.3,95.34,,,12.08,,,5.62
LUX,2018,,0.64,-0.75,102.3,,103.96,94.63,,,11.54,,,5.5
LUX,2019,,0.44,0.81,102.3,,104.42,95.39,,,10.81,,,5.59
LUX,2020,,-9.87,-2.42,98.86,,94.11,93.09,,,13.84,,,6.69
LUX,2021,,9.63,5.5,101.26,,103.17,98.2,,,10.94,,,5.43
LUX,2022,,0.09,-0.81,95.7,,103.26,97.41,,,9.7,,,4.6
LUX,2023,,2.09,-2.94,97.49,,105.42,94.54,,,11.06,,,5.22
LUX,2024,,,,98.94,,,,,,,,,
LVA,2015,,2.71,4.67,103.56,,99.25,104.04,,,16.71,,,9.88
LVA,2016,,4.86,3.49,102.92,,104.08,107.67,,,16.8,,,9.63
LVA,2017,,3.77,4.37,102.26,,108.0,112.38,,,15.53,,,8.71
LVA,2018,,4.41,5.12,102.7,,112.77,118.13,,,12.79,,,7.4
LVA,2019,,0.57,1.36,103.08,,113.41,119.74,,,11.21,,,6.32
LVA,2020,,-4.16,-2.84,99.72,,108.69,116.33,,,14.07,,,8.09
LVA,2021,,8.98,7.86,100.48,,118.44,125.48,,,15.04,,,7.57
LVA,2022,,5.02,1.73,96.17,,124.38,127.65,,,12.08,,,6.86
LVA,2023,,-0.79,1.96,97.97,,123.41,130.15,,,10.78,,,6.51
LVA,2024,,,,100.7,,,,,,,,,
MEX,2015,5.57,1.52,1.54,98.46,,102.09,102.28,107.08,20.56,23.64,94.1,11.81,4.35
MEX,2016,-0.03,0.77,0.62,97.17,,102.87,102.91,106.78,21.35,22.12,93.27,11.19,3.88
MEX,2017,-0.48,0.56,0.71,96.44,,103.45,103.64,104.7,22.02,20.91,98.55,11.43,3.42
MEX,2018,-0.06,0.21,0.71,99.33,,103.66,104.37,106.7,22.21,20.44,90.84,9.88,3.32
MEX,2019,1.68,-0.41,-1.69,103.22,,103.24,102.61,105.06,22.97,20.99,95.69,13.85,3.49
MEX,2020,-6.78,-10.85,-9.39,97.71,,92.03,92.98,105.26,25.06,,112.46,18.15,4.43
MEX,2021,6.12,7.37,5.02,101.71,,98.82,97.65,107.27,23.77,29.94,111.18,16.01,4.14
MEX,2022,-1.78,4.04,2.93,101.65,,102.81,100.51,108.17,24.72,22.42,100.66,8.78,3.27
MEX,2023,4.99,3.64,2.71,103.77,,106.55,103.24,103.94,25.51,18.97,102.74,12.21,2.8
MEX,2024,,,,105.01,,,,,,,,,2.67
NLD,2015,1.74,1.77,1.67,100.89,99.67,97.51,100.77,77.11,253.93,15.19,467.87,14.08,7.89
NLD,2016,2.56,0.79,1.88,100.83,102.22,98.28,102.67,76.96,248.75,14.12,497.37,15.39,7.0
NLD,2017,-0.02,1.65,2.18,101.6,102.19,99.89,104.9,76.3,247.69,11.64,480.41,13.18,5.88
NLD,2018,2.73,1.78,1.67,101.25,104.99,101.68,106.65,76.31,239.65,9.81,463.99,13.91,4.87
NLD,2019,2.16,0.38,1.63,100.05,107.26,102.06,108.39,75.29,232.45,8.53,513.13,16.2,4.43
NLD,2020,1.4,-6.67,-4.41,99.14,108.76,95.26,103.61,77.09,229.49,10.09,555.3,22.0,4.85
NLD,2021,1.11,3.91,5.72,100.56,109.97,98.99,109.54,77.99,224.39,8.57,518.02,19.1,4.22
NLD,2022,-0.27,5.92,4.01,97.3,109.67,104.85,113.93,78.43,216.1,6.98,391.77,14.38,3.54
NLD,2023,0.2,-0.2,-0.91,98.44,109.9,104.65,112.89,77.97,202.62,6.72,397.62,14.55,3.54
NLD,2024,,,,99.39,,,,,,,,,
NOR,2015,4.04,1.7,0.85,,121.56,109.34,98.2,84.61,203.7,10.46,73.64,15.24,4.69
NOR,2016,-2.18,0.22,0.26,,118.91,109.58,98.45,85.72,211.96,10.48,76.78,12.79,4.91
NOR,2017,1.3,1.44,1.67,,120.46,111.16,100.1,86.16,216.17,9.55,81.3,12.58,4.37
NOR,2018,0.45,0.77,0.17,,121.0,112.02,100.27,85.69,220.69,9.71,76.58,12.16,3.99
NOR,2019,1.49,0.38,0.49,,122.81,112.45,100.75,85.27,221.68,9.22,85.72,13.29,3.88
NOR,2020,0.7,-6.77,-1.86,,123.67,104.83,98.88,87.73,226.9,11.22,99.09,18.93,4.75
NOR,2021,3.32,4.55,3.37,,127.77,109.61,102.22,84.96,225.22,10.33,113.37,18.89,4.46
NOR,2022,-4.15,6.85,2.3,,122.47,117.12,104.57,85.5,227.45,8.27,109.15,11.41,3.23
NOR,2023,,-2.0,-1.12,,,114.78,103.4,,,8.25,,,3.58
NOR,2024,,,,,,,,,,,,,
NZL,2015,,1.97,2.04,100.41,,111.04,107.28,,,13.36,,,5.4
NZL,2016,,3.43,1.75,100.04,,114.85,109.16,,,12.71,,,5.12
NZL,2017,,3.32,1.93,100.38,,118.66,111.26,,,11.85,,,4.72
NZL,2018,,2.74,2.22,99.92,,121.91,113.73,,,11.58,,,4.32
NZL,2019,,1.4,1.5,99.58,,123.62,115.44,,,10.33,,,4.1
NZL,2020,,-3.54,-2.94,99.11,,119.24,112.05,,,11.62,,,4.6
NZL,2021,,7.05,5.29,99.48,,127.64,117.97,,,9.86,,,3.8
NZL,2022,,3.88,2.94,97.3,,132.6,121.45,,,8.67,,,3.28
NZL,2023,,-1.27,-0.49,96.82,,130.92,120.85,,,9.51,,,3.7
NZL,2024,,,,97.85,,,,,,,,,
POL,2015,2.98,3.98,4.5,100.55,128.15,127.37,129.47,94.47,60.05,12.92,101.81,4.69,7.68
POL,2016,6.02,3.84,3.09,101.38,135.87,132.26,133.48,95.02,60.01,10.73,108.06,6.79,6.28
POL,2017,3.37,6.05,5.14,101.71,140.45,140.26,140.34,94.3,58.2,8.93,109.05,4.2,4.96
POL,2018,3.98,4.87,6.26,102.33,146.03,147.09,149.12,93.09,59.08,7.41,107.96,3.57,3.9
POL,2019,4.45,3.26,4.6,102.48,152.54,151.89,155.98,93.94,58.58,6.16,107.03,4.58,3.23
POL,2020,6.22,-1.16,0.06,99.12,162.03,150.13,156.08,96.39,56.03,8.14,118.43,11.29,3.14
POL,2021,-1.93,6.71,7.44,100.04,158.9,160.2,167.69,94.52,57.01,6.39,126.81,4.08,3.38
POL,2022,-1.7,2.92,3.03,98.38,156.19,164.88,172.76,94.18,47.53,5.42,116.01,-0.79,2.88
POL,2023,4.08,0.09,0.53,100.02,162.57,165.03,173.68,93.68,41.63,5.32,116.06,2.84,2.82
POL,2024,,,,101.71,,,,,,,,,
PRK,2015,,2.04,2.38,100.38,,113.71,123.7,,,,,,3.59
PRK,2016,,2.38,2.76,99.92,,116.41,127.11,,,,,,3.67
PRK,2017,,2.57,3.14,100.84,,119.41,131.11,,,,,,3.68
PRK,2018,,2.83,2.73,100.56,,122.79,134.69,,,,,,3.83
PRK,2019,,2.02,1.96,99.83,,125.27,137.33,,,,,,3.78
PRK,2020,,-4.77,-0.84,98.1,,119.29,136.18,,,,,,3.94
PRK,2021,,3.92,4.8,100.42,,123.97,142.71,,,,,,3.67
PRK,2022,,4.45,2.96,99.28,,129.49,146.94,,,,,,2.88
PRK,2023,,1.64,1.28,99.53,,131.62,148.82,,,,,,2.71
PRK,2024,,,,99.89,,,,,,,,,2.8
PRT,2015,3.27,2.14,1.96,100.02,96.91,96.5,95.96,102.8,124.73,22.19,186.98,7.47,12.98
PRT,2016,2.45,2.61,2.25,100.48,99.28,99.01,98.12,103.13,118.76,20.31,189.12,7.3,11.48
PRT,2017,1.2,1.94,3.48,101.9,100.47,100.94,101.53,102.77,116.29,17.28,196.31,6.54,9.24
PRT,2018,3.01,2.61,3.0,101.93,103.49,103.58,104.58,102.27,111.33,14.0,195.59,6.94,7.15
PRT,2019,3.35,3.26,2.55,101.33,106.96,106.95,107.25,102.04,112.25,13.15,194.71,7.0,6.65
PRT,2020,-1.57,-7.03,-8.47,98.17,105.28,99.43,98.16,103.27,116.41,20.91,203.75,12.05,7.11
PRT,2021,3.29,4.66,5.33,99.65,108.74,104.07,103.39,102.47,114.96,14.67,209.04,10.95,6.73
PRT,2022,0.92,4.96,6.36,96.74,109.74,109.23,109.96,101.79,109.26,13.07,197.45,7.33,6.18
PRT,2023,1.65,0.9,1.47,97.43,111.56,110.22,111.58,100.22,101.16,13.19,198.6,7.99,6.57
PRT,2024,,,,99.55,,,,,,,,,
SVK,2015,,3.13,5.1,101.93,,111.01,119.92,,,15.35,,,11.47
SVK,2016,,3.48,1.79,102.41,,114.87,122.06,,,13.26,,,9.66
SVK,2017,,5.8,2.73,102.57,,121.53,125.4,,,11.64,,,8.08
SVK,2018,,3.98,3.92,102.53,,126.37,130.31,,,9.44,,,6.51
SVK,2019,,2.67,2.14,102.53,,129.75,133.1,,,8.38,,,5.72
SVK,2020,,0.28,-2.72,99.7,,130.11,129.48,,,11.09,,,6.66
SVK,2021,,3.38,6.11,99.88,,134.51,137.4,,,10.36,,,6.82
SVK,2022,,4.83,0.15,98.05,,141.01,137.6,,,8.92,,,6.15
SVK,2023,,-3.27,1.37,99.34,,136.4,139.49,,,8.25,,,5.85
SVK,2024,,,,100.84,,,,,,,,,
SVN,2015,,2.33,2.32,101.28,,101.33,96.38,,,12.87,,,8.98
SVN,2016,,4.03,2.97,101.24,,105.41,99.24,,,11.26,,,8.01
SVN,2017,,2.45,5.11,103.35,,108.0,104.31,,,9.12,,,6.57
SVN,2018,,3.1,4.07,103.89,,111.34,108.56,,,6.89,,,5.12
SVN,2019,,4.64,2.66,103.09,,116.51,111.44,,,5.86,,,4.44
SVN,2020,,-6.76,-4.71,98.74,,108.62,106.19,,,10.99,,,4.98
SVN,2021,,10.29,8.14,99.67,,119.8,114.83,,,11.96,,,4.78
SVN,2022,,5.22,2.62,96.82,,126.05,117.84,,,8.28,,,4.03
SVN,2023,,-0.38,1.58,96.93,,125.57,119.69,,,7.9,,,3.66
SVN,2024,,,,98.44,,,,,,,,,
SWE,2015,1.66,3.12,3.34,99.99,116.95,110.29,103.93,86.87,169.6,15.82,394.25,14.24,7.59
SWE,2016,2.13,1.05,1.13,100.11,119.45,111.45,105.1,85.75,175.09,14.83,414.55,15.44,7.15
SWE,2017,0.78,1.02,0.38,100.57,120.37,112.58,105.5,85.65,179.39,13.93,422.17,14.52,6.86
SWE,2018,0.52,0.77,0.73,100.2,121.0,113.46,106.27,84.98,181.43,13.02,399.37,15.51,6.47
SWE,2019,1.19,-0.31,1.46,99.56,122.44,113.11,107.83,84.84,182.27,13.62,463.75,17.4,6.91
SWE,2020,-1.3,-3.72,-2.7,99.76,120.85,108.9,104.92,87.13,192.77,18.02,516.27,17.84,8.48
SWE,2021,3.59,5.33,5.31,101.73,125.19,114.7,110.49,85.22,193.25,19.57,577.07,17.52,8.89
SWE,2022,-0.94,1.79,0.41,96.04,124.02,116.76,110.95,85.98,188.02,16.99,463.48,14.68,7.48
SWE,2023,-1.98,-2.85,-0.91,95.75,121.55,113.43,109.94,85.48,180.4,16.79,496.67,16.26,7.67
SWE,2024,,,,99.77,,,,,,,,,
TUR,2015,,3.91,4.68,100.11,,129.79,131.33,,,18.41,,,10.33
TUR,2016,,2.4,1.94,101.25,,132.9,133.88,,,19.15,,,10.91
TUR,2017,,4.56,6.12,100.96,,138.96,142.06,,,18.64,,,10.93
TUR,2018,,-0.69,1.63,99.96,,138.0,144.38,,,18.45,,,10.89
TUR,2019,,0.06,-0.61,97.5,,138.09,143.49,,,21.16,,,13.74
TUR,2020,,2.23,0.88,97.91,,141.17,144.75,,,28.85,,,13.14
TUR,2021,,14.33,10.43,97.29,,161.4,159.85,,,26.47,,,12.03
TUR,2022,,17.73,4.5,94.84,,190.03,167.04,,,22.77,,,10.48
TUR,2023,,13.17,4.68,97.39,,215.04,174.86,,,24.55,,,9.39
TUR,2024,,,,97.32,,,,,,,,,
USA,2015,3.0,2.57,2.14,100.84,108.56,105.19,105.04,,104.0,10.58,420.26,11.52,5.29
USA,2016,1.21,1.67,1.04,100.73,109.87,106.94,106.13,,103.86,9.74,429.86,11.12,4.87
USA,2017,2.4,1.93,1.75,101.31,112.51,109.01,107.99,,102.69,8.62,453.16,11.53,4.35
USA,2018,2.95,2.14,2.36,101.47,115.82,111.34,110.54,,100.15,7.78,420.23,12.22,3.9
USA,2019,2.58,1.62,2.05,101.25,118.81,113.13,112.81,,99.52,7.22,466.02,13.05,3.67
USA,2020,6.34,-2.92,-2.55,99.49,126.34,109.83,109.93,,95.43,13.81,492.03,20.62,8.09
USA,2021,3.47,8.55,5.84,99.06,130.72,119.22,116.35,,96.79,9.51,513.73,16.72,5.37
USA,2022,-5.71,2.46,1.94,96.89,123.26,122.16,118.61,,101.89,6.95,453.89,9.5,3.65
USA,2023,3.39,1.69,2.04,97.63,127.43,124.22,121.03,,96.92,6.95,461.0,10.99,3.63
USA,2024,1.72,1.84,1.86,98.43,129.63,126.51,123.28,,,,,10.88,4.02
