Country,Year,Core.inflation,Export.performance.for.goods.and.services.volume.growth,Exports.of.goods.and.services.volume.growth.nab,Harmonised.core.inflation,Harmonised.headline.inflation,Headline.inflation,Imports.of.goods.and.services.volume.growth.nab,Potential.output.volume.growth,Private.final.consumption.expenditure.deflator.growth,Private.final.consumption.expenditure.volume.growth,Productive.capital.stock.volume.annual.average.growth,Productive.capital.stock.volume.growth,Total.domestic.expenditure.volume.growth,Total.employment.growth
AUS,2015,2.11714890613943,4.20752349833793,6.09500629205694,,,1.4847984916333,2.01192501795501,2.56761736491777,1.2874798527361,2.50462299351139,3.17305317224418,2.94792365849817,1.14951754144799,1.95930045429455
AUS,2016,1.54342317438373,3.43878813495509,6.65078074228225,,,1.27728750580582,0.384148329450895,2.4080254511393,0.625631536950067,2.62275832621691,2.66245736698441,2.54152304548961,1.94172107844831,1.69561844195955
AUS,2017,1.70145190562594,-2.51478902503015,3.68857781225962,,,1.99495528548498,7.75782537067545,2.32600253641203,1.25637371638825,2.48083464222933,2.53954983304637,2.57432317657565,2.92833539460359,2.11883253635301
AUS,2018,1.65068034798151,-0.378069499018181,5.07969742755618,,,1.93345323741015,4.52864721543364,2.31478011250738,1.66553746576174,2.4953356057069,2.5794746652831,2.52797760349466,2.85523384587729,2.60855584850361
AUS,2019,1.62387535659448,2.82412988909236,2.9384394640213,,,1.56594618438459,-1.07626860120622,2.22881409051283,1.80720206848561,0.836705573085695,2.27860152652254,2.14993391513087,0.847178407901197,2.3316372166806
AUS,2020,1.25242928093272,-4.64125418023626,-9.6538456400048,,,0.890336590662315,-11.9024938377474,2.14085833501231,1.28362826165939,-6.06805412832487,1.90380139568293,1.82565903220267,-2.43916746798246,-1.76461096900927
AUS,2021,2.38856899125605,-10.9780011123052,-2.35070856438693,,,2.81962978906589,5.03434469365492,2.22160599834791,1.9678191054083,5.24658971668416,2.20668779204485,2.35757098800707,7.48072768215528,3.03313572634514
AUS,2022,5.936263278483,1.64738026882057,2.56764896907043,,,6.61503035377899,13.5692649734189,2.25577247164571,5.33637845286121,7.06341121562848,2.32635128788533,2.33830821312721,5.86042931903206,4.47447533444033
AUS,2023,5.81989775906251,3.62137716268056,6.8293147062394,,,5.63518554879259,6.46080005788491,2.24566450088817,5.76988244506897,2.02770753235272,2.45700411221587,2.53661586611737,1.81231076567126,3.37813132756862
AUS,2024,3.24481978652936,-2.49063562348758,1.46787475753048,,,3.17389776951667,5.56030721540201,2.24603101247415,3.88086292650591,1.02484611626494,2.52444835985163,2.47797691330575,1.87871404606466,2.5613905974605
AUT,2015,,-0.78749829152153,3.24983107535681,1.7492538325868,0.804757984577137,,3.69460200728702,0.851071038365134,1.33217248355292,1.13497807973918,1.01510168097661,1.04188646897416,1.47792251186182,0.865008783820755
AUT,2016,,-0.537189925559233,2.85802364228987,1.63668030566899,0.970833333334014,,3.78039273947765,0.910540577913622,1.32610247326063,1.83857735484148,1.1567475150069,1.20154947703548,2.61264225651875,1.73386367745435
AUT,2017,,-0.482712431076024,4.90488990415118,2.09243787050312,2.23084223991975,,5.2575421928176,0.908061285597583,1.84285661062235,1.960375513665,1.26994185729021,1.32951955132553,2.19547696315554,0.946050815428265
AUT,2018,,0.658004521604468,5.06286467894915,1.81423924828262,2.11999870830303,,5.10856746350865,0.99998142908909,2.10882301158723,0.874370735822453,1.41464101493189,1.46969037619586,2.24952601262834,1.38318349334523
AUT,2019,,1.04326769566656,3.55202798420189,1.65333585750972,1.49097980931839,,2.35759720915854,1.10362483852074,1.7145710227601,0.627367757745787,1.61355788980507,1.61358773337672,0.486590519692342,0.824838939343948
AUT,2020,,-1.9012220768477,-10.029762754059,1.98804997284091,1.38806667705249,,-9.44199862195659,1.00766346485784,1.01917889329731,-7.3753373565398,1.29658516803252,1.1837455830125,-5.39881641369296,-1.32789087527127
AUT,2021,,-0.944034425711692,9.32758006955962,2.26809300627025,2.75886971620076,,13.840872674458,1.1038005203276,2.0553170665477,4.54432955094468,1.37493446393475,1.43723632489998,6.91284617916655,0.210620632676452
AUT,2022,,2.81544861605971,10.1839515245539,5.09474529993327,8.61812445328293,,7.07858940398566,1.23995849886552,7.6107659603349,5.31538553953243,1.37871652621328,1.35275426306509,4.05497190478717,3.17182918686679
AUT,2023,,-0.514692547598017,-0.552529733382684,7.31553648995947,7.70856277542865,,-4.56922721124367,1.18604996870476,8.2880261241927,-0.397627480604683,1.19682915913661,1.08247346638264,-3.74822215953584,0.910533601953873
AUT,2024,,-2.99844605247658,-2.05822233770765,3.92481198608107,2.88030589442307,,-3.05763435416114,0.938365055523036,3.30846931107941,-0.116462398741987,0.892823390605059,0.805981093838597,-1.2367075039071,0.201021931926448
BEL,2015,,-1.18542132682704,3.66974900432082,1.63290195812708,0.619654536307351,,4.20076465971307,1.13865228837246,0.787392840608121,1.62582063226213,1.64143500366312,1.59695400385614,1.90268636791174,0.828184071976722
BEL,2016,,3.56377053648367,6.14455725776403,1.75250000000011,1.77001475012267,,7.77331042812423,1.31064713931858,1.48681131238862,1.60788721282263,1.63035816689937,1.72861161740369,2.3856131880997,1.23953938631067
BEL,2017,,0.270655465663552,5.51627729650731,1.47744117671165,2.22398729150115,,5.36361461846684,1.47094194952612,2.02481159117882,1.91035317457163,1.69499723732616,1.66509958052306,1.34020746313993,1.48198490092881
BEL,2018,,-2.45755824497469,1.54497558416671,1.27918519534808,2.31097653778075,,2.33814858308395,1.55584167947005,2.06267603043383,1.61250992424323,1.68046626198237,1.71274207327629,2.54731977677824,1.46397682555833
BEL,2019,,-0.142430789932078,2.93653450289007,1.52121250757007,1.24878644577404,,1.4858386175227,1.62703103586864,1.46680343653696,1.44701470648836,1.80761130016425,1.84695002718367,1.24429142287079,1.56718479784698
BEL,2020,,3.07732931253018,-5.95786444713187,1.35477743502794,0.427624710985924,,-6.72431811597203,1.56760470008875,0.91614679214689,-7.19467665133045,1.52576898641863,1.3864499900979,-5.40756708681131,-0.130976429280281
BEL,2021,,4.69262080094092,14.6518070051912,1.25845098236601,3.22240359738799,,12.8314716177817,1.65725866927782,2.67883800350603,5.57859653474162,1.53632966246857,1.53428724302522,4.60091964762788,1.6514585193368
BEL,2022,,-1.29999144151529,5.78284200387186,3.98999632892921,10.3344099897815,,5.84063927355903,1.70151808806838,10.199149261549,3.63584339406079,1.49477808638692,1.53122567723371,4.29691597925836,1.89506904919041
BEL,2023,,-7.35285830268596,-7.13288465307426,5.99401334195996,2.28177755526565,,-6.81191114318949,1.73349443903305,5.99363383311436,0.59960436857412,1.64020509281445,1.63877293895828,1.46167854484743,0.749968345491908
BEL,2024,,-4.47123591909687,-3.49533273514687,3.40829509765086,4.33208435943591,,-3.03191665732969,1.54197529356065,1.55217365833188,1.31750687599065,1.63046923475976,1.71442809873923,1.27114750936177,0.237734553996958
CAN,2015,1.85509275463781,-1.0004664586566,3.3988369245789,,,1.11858312803786,0.759807875632475,1.79802561363158,1.03095419698617,2.32088966528018,2.50675318298481,2.22948898735176,-0.149100750466914,0.735178288119002
CAN,2016,1.84879725085899,-0.0710941512671468,1.52524566983719,,,1.43543820372689,0.0521446820247888,1.56467081167489,0.830052527282632,2.10428042514661,1.90608164419281,1.75388668942617,0.445923226859506,0.611598164972605
CAN,2017,1.58580201093194,-3.26029117153789,1.49083822014347,,,1.60337552742617,4.78113557243424,1.51328371752705,1.04666563679967,3.67956037419654,1.75364759989846,1.81929156189781,4.20034717139153,2.14328602342374
CAN,2018,1.89982728842799,-0.563068903479589,3.57412175746899,,,2.24252491694401,3.49782854381927,1.54066480471408,1.59465587940799,2.64172729345731,1.86709818864998,1.81681994788981,2.66834019854825,1.78261288968295
CAN,2019,2.08604954367709,0.993504031603095,2.28655558371604,,,1.9558832718856,-0.108156546288157,1.4362217459842,1.63749502432559,1.58392069386588,1.7266247437731,1.72235649046414,1.10759809573229,2.05840436508821
CAN,2020,1.11749680715208,-0.167032321159979,-8.980875826046,,,0.723216474626952,-9.4171553809151,1.27007167279238,0.735288594260155,-6.25743199369565,1.46243705377795,1.35936963725634,-5.35030546513515,-5.58395906058749
CAN,2021,2.36185664666813,-9.26356812066039,2.72931766865761,,,3.40148472678538,8.13741536536514,1.49744830594712,2.89564652745447,5.11467970265096,1.68721666436484,1.79896714971082,6.93229571048026,5.01442984785207
CAN,2022,4.97871552841097,-4.24710160057171,3.20073733713797,,,6.80280115341634,7.63841499632748,1.84746608604621,5.5194529371842,5.08275355683934,1.65574223469034,1.52155930921525,5.18075334504196,3.95507080371743
CAN,2023,3.8963328631874,5.88992298624594,5.42076739302398,,,3.87900159788444,0.86614120575797,2.06205761230513,3.65438850350388,1.74103598665951,1.30551330862669,1.22723137547015,-0.272981697375002,2.41338164862124
CAN,2024,2.59172464505863,-3.61847992436721,1.15536564007513,,,2.36225057020089,1.21257337321107,1.98744735638549,2.59931419840956,1.96472056243442,1.1503715610378,1.13603936333607,1.08003820625646,1.63507550645329
CHE,2015,-0.474244683628569,0.889757964153532,3.81432567737912,,,-1.14390867228151,4.83148660614785,1.83204709905701,-1.3747367898208,2.46225726022985,1.28146576770008,1.2903328298038,1.95028917948294,1.53691042155651
CHE,2016,-0.272084971009704,3.38005783295307,6.01856761307252,,,-0.434618664285807,5.24609452256428,1.79046196597862,-0.185008111477998,1.61849916976345,1.32794794125323,1.33715691545748,1.07182375998548,1.47561292217583
CHE,2017,0.288045922150474,-5.67699027511365,-0.148891925152299,,,0.533787839825365,-0.318068648355094,1.71074664101354,0.817488353742021,1.16767913493014,1.38095449915768,1.42992985527115,1.38943220346628,0.700574443028771
CHE,2018,0.451246661810742,-1.33990768278305,3.32099732919998,,,0.936335464114705,0.65037773984983,1.66004954561689,1.23150361298813,0.662355324469885,1.42534338186653,1.35628037158627,1.08108027433862,0.824269092447977
CHE,2019,0.436387585367655,-2.32119739413727,-0.65979420961024,,,0.362886179940176,0.341085102516359,1.61073078218384,-0.304972895674027,1.21325433964111,1.28410268965349,1.30000613519063,2.02911115951512,0.663385114542621
CHE,2020,-0.281085448946982,4.0627055556139,-5.58213117086638,,,-0.725874933313392,-3.20045959805103,1.64088213587223,-0.429269878628872,-3.37941631062796,1.18048095433514,1.11484995902994,-0.421609337932068,-0.222464326562587
CHE,2021,0.251086773941438,2.37529575364378,13.5841171929893,,,0.581814168490183,5.93179887925305,1.73942093041259,0.208971786215358,2.24713230222629,1.16042278498929,1.18852232731646,0.308985023914502,0.255084442331253
CHE,2022,1.69895606853802,-0.261425620485241,6.41197543577363,,,2.83502798644442,5.64833769533895,1.81352118806231,2.59540136946039,4.28118099391077,1.14669289258079,1.10085157351635,2.04646408368531,0.95590736919803
CHE,2023,1.79669728752276,-0.0901987258025088,0.925911960509865,,,2.13540088102964,2.78392244316667,1.82642721794734,1.95448749675917,1.50220826006688,1.07673582380008,1.03027610684366,1.97086401713992,2.02160903600036
CHE,2024,1.07364116070396,0.0278772491705439,2.47116090985331,,,1.13147252433063,-0.887909670792752,1.60913921033647,1.03152162356987,1.47632687292503,0.924510763062784,0.889322442994384,-1.1780940584157,0.767321065277727
CHL,2015,4.67297681022248,-3.8911561062875,-2.63906803156411,,,4.34877353217054,-1.19114882675836,2.68651267463905,5.64928653841875,2.40367568087967,5.76813004865626,5.5961783165554,2.64219876740758,1.72509419252918
CHL,2016,4.00408727969831,-1.7310078556676,0.659050370163712,,,3.7861935589312,1.39366059165221,2.57060389623403,3.6816745403538,3.11927310993154,5.17425729243099,4.82801790184563,1.82624401820379,1.20584222150038
CHL,2017,2.030169977829,-6.15021427257714,-0.266712507675024,,,2.18271846868518,5.11015331487845,2.47161254404462,2.47713809439939,3.76600363122137,4.28854153997877,4.10880481394156,3.10474155573826,2.41989021355113
CHL,2018,1.88155091606301,-0.253842776442241,4.58011660518682,,,2.43488981353055,8.28316401420953,2.6573057800754,1.6899480290557,3.86378713610056,4.21754748883156,4.25344985019292,5.08568192126633,2.1828168699559
CHL,2019,2.58786530386901,-3.19714520688143,-2.72560115544977,,,2.557544757033,-1.92657973658709,2.71586547883093,1.78494514252019,0.664022278181122,4.23202082351557,4.23031456854937,0.750224329004126,2.13402556219908
CHL,2020,2.28614290839187,5.0144839164184,-1.31302391990832,,,3.04549084804393,-12.6038943579294,2.45821416533991,5.31799018199874,-7.56006387861012,3.46052709534602,2.9099369813855,-9.54041090451886,-12.2907938988294
CHL,2021,3.82126004336159,-10.7588760254785,-1.41807701226209,,,4.52456838259143,31.6538463532434,2.40157152949459,4.51346496585177,21.2035792698111,3.37667271621892,3.83934132615975,21.5321733312529,5.50849172016331
CHL,2022,8.95124760076808,-0.980284247382826,1.04186547282811,,,11.6438667110553,2.02660601318017,2.36767850515444,11.138643800875,1.59029844345734,3.8919683957853,3.84790322102396,2.38690549878433,6.7218091130763
CHL,2023,6.67892804692821,-2.58989648327642,0.176954390510488,,,7.58168251418505,-11.6161480844863,2.12638698677979,7.3674144608415,-5.16909580390605,3.68819120000524,3.46376928089354,-4.16588949877004,2.379059655204
CHL,2024,3.51896297203486,1.63085699063473,5.68536425691767,,,4.30865620672034,1.13058862496284,1.86119066564208,3.61652712814586,1.15789470354952,3.13515393427788,3.08444893226618,0.951797608379451,2.94287025042497
COL,2015,4.26058854916491,-0.377516145530308,1.65802941508855,,,4.99010861604729,-1.08093771482081,3.18657584936119,6.19717302411732,3.09251539802875,,,2.35540543269967,1.85841203714402
COL,2016,6.08626799664,-1.58471497719675,-0.208836234277726,,,7.51308782233299,-3.54090287277702,2.47467068822321,6.571991588937,1.58362869841582,,,1.22912666887973,0.339782135741544
COL,2017,5.0799169882757,-2.81908140150173,2.56936653059925,,,4.3147585072423,1.01883945336654,2.17620639939864,3.59072389734551,2.05381436705285,,,1.12407478543048,0.941608343401896
COL,2018,3.09844514704038,-3.24547803954329,0.642348450761048,,,3.24061615939337,5.80541906500071,2.22427062132431,3.35160213898565,3.23649636314319,,,3.46332569072602,0.680407564712326
COL,2019,2.75327250424282,2.27828396631006,3.08409774146304,,,3.51967494465143,7.34397308041378,2.52305495041394,3.95249179215236,4.07055515894749,,,4.02152029555906,0.179146032122915
COL,2020,1.98775133075489,-15.3843727642329,-22.4592652414175,,,2.52629445027677,-20.0924598269469,2.384034070303,2.12218806521605,-5.00726706293372,,,-7.5410768752602,-10.6034048312096
COL,2021,1.75980117052833,2.67746623666352,14.6341228205524,,,3.49593818109777,26.7286666295409,2.51853489026325,7.02753901865076,14.7240894893113,,,13.3729887415108,7.04187226475536
COL,2022,6.41166042938704,6.42050992534701,12.3032531063085,,,10.1764354524992,23.6140813436844,2.77707693076069,13.127178858814,10.68435106857,,,10.1527164102294,8.04462273793803
COL,2023,9.81838105418564,2.04192346060111,3.38976032776038,,,11.7365768928392,-15.0138413907972,2.75630346382898,9.81927019486402,0.843215199997701,,,-3.95458247290649,3.43231430130399
COL,2024,6.04663440348092,0.174699424793857,4.11138184298426,,,6.68497858437136,3.29620059919721,2.75827054661313,5.23732374764175,1.25081521435646,,,1.80611966864036,1.15761198932699
CRI,2015,2.31375664948358,-1.48340823980811,2.88831194597766,,,0.801856860849242,4.4980204142125,,0.945168094479826,4.67558475707379,,,4.14410533844773,-0.344118439909209
CRI,2016,0.561063833441978,6.80323548524873,9.41727189701199,,,-0.0174720657745553,8.93843043357116,,1.0021859530907,3.75363855503558,,,4.07186053026648,-2.99196544599855
CRI,2017,1.47871249165054,1.56837018959672,6.95492449133887,,,1.62572330389916,5.01255323944783,,3.18166009372038,5.55461280877638,,,3.54003708877359,2.7803613958728
CRI,2018,1.892241711531,0.654240568097919,4.89096079682677,,,2.22119827424301,2.85595794944894,,2.51206688388199,1.94914007917347,,,1.94505271222776,3.20858867217545
CRI,2019,2.7421343400641,1.99566807736416,4.26147004697249,,,2.0961966767718,-2.29742946098165,,2.33124864570432,1.69141382828155,,,0.249117514447775,2.74180730048026
CRI,2020,1.31027093996164,-2.39023414749423,-10.632856321862,,,0.724841973552245,-12.9292954930086,,0.69760357457065,-6.93692718679146,,,-4.79615604117507,-10.8926126546942
CRI,2021,0.884119427579733,4.10204542702917,15.933921657609,,,1.72657485064188,19.2462289043508,,3.38721057883801,8.34499668847263,,,8.59295866500082,5.24509422017539
CRI,2022,4.20787256731036,10.0902873000061,18.500876493387,,,8.27462734695665,8.1177662250426,,10.0382901141679,2.58792303813756,,,0.771248829432324,5.60929772647944
CRI,2023,1.03911720086819,10.5780466670394,9.9593139361599,,,0.525185385816286,5.19035522888178,,0.309051249623394,4.99985261598907,,,3.1270529681522,-2.75797553420217
CRI,2024,0.111563902450939,1.105554188184,4.82567952367889,,,-0.3586482103251,5.97256291246978,,-0.433610225004671,3.50647530308392,,,4.29478602634346,5.42261240544318
CZE,2015,1.25717178535234,1.57868561776849,6.07051875702251,,,0.309364548494855,6.67414298262905,2.55703203471617,0.566994531073291,3.65388531096892,1.5574979576902,1.71471792326638,5.42938581672168,1.38338059147603
CZE,2016,1.61653195567067,0.234766203709796,3.9408320376302,,,0.683504209385831,2.43263235823522,2.92694138567398,1.0425076092901,3.54960822352675,1.58616955256194,1.45170678561605,1.21534660520619,1.89908739545838
CZE,2017,1.99261992619944,1.76691386738088,7.46337405269867,,,2.45053398460161,6.30609750651153,2.87271682951679,2.98486901617021,4.58517209602219,1.45454571132346,1.51691485565011,4.26667412779129,1.60470492300323
CZE,2018,2.35568419360013,-0.937957326836269,3.4940844123071,,,2.14949494949504,5.49941239140225,2.55076997812418,2.89627640287209,3.51166848418757,1.75597506095484,1.91847687210687,4.28616670637973,1.41213916002758
CZE,2019,2.52140444584064,-2.01777939868221,1.19173011455621,,,2.84787595918024,1.19123035415997,2.07610270665351,2.9254852820921,3.02843862528735,2.14324399702217,2.23083839728938,3.66405718877989,0.0614402926807429
CZE,2020,3.6316273368069,-0.196246873544013,-8.57107954734749,,,3.16129528497807,-8.47887989781712,1.53020214380983,2.98891510297155,-6.43878815642549,1.94456969009937,1.73840666834498,-5.03959245886563,-1.37865812351524
CZE,2021,4.990388880674,-1.95706725072533,8.01651503925308,,,3.839844915001,13.5607167287098,1.60640078365043,4.21824240328138,4.15098326375076,1.8643296252271,2.0233309802064,7.28630220054271,0.343649780427938
CZE,2022,12.1963242025214,-1.86965993489578,5.15015738225381,,,15.1001651468374,5.95858845982707,2.04170440921499,14.2844259746628,0.536083685860419,2.22307532642651,2.28447140075627,3.32453795806141,-1.55386425180832
CZE,2023,7.66961652048016,3.76682741039538,3.04743733160861,,,10.6612601411584,-0.649689915944606,2.02454346094042,8.15837630238379,-2.73494472216346,2.29998957688429,2.30116619243852,-2.60404000812284,1.53170777094539
CZE,2024,3.94859834800276,0.475824260131944,1.11679625866637,,,2.35887412034553,-0.340832904122095,1.64955131864737,3.14839618257571,1.84453928421806,2.21762393097605,2.18365070725258,0.0016769797587272,2.60844320823757
DEU,2015,,0.377490842627012,4.30973684629443,1.88471007725603,0.679644235609842,,4.86948292663782,1.64605835763294,0.521303348375667,2.17651775545389,0.797934886060432,0.814648725669059,1.41165685663044,0.790161218377619
DEU,2016,,-1.22273579681463,1.81058939170536,1.0499125072913,0.366697224768743,,3.64451104959981,1.60795757532284,0.721937381659032,2.01292261464752,0.899282578446758,0.929439896887132,2.93572407918326,2.45937914901688
DEU,2017,,-0.930745856209015,4.7571998735044,1.28638575080372,1.70223366270886,,4.52177938725981,1.40011484053147,1.67801189539672,1.83627232291228,0.974375643819243,1.02550555029205,2.78546978390571,1.04282364556337
DEU,2018,,-1.35500976975901,2.6643416191548,1.34332003582166,1.93500979751778,,5.14104750510957,1.1659093045044,1.6851181297321,1.41420328072201,1.09551551027405,1.13704573163653,1.96013061252239,0.653435114503822
DEU,2019,,-0.379876885616781,1.9153906726945,1.34158097686401,1.35362434921915,,3.51733913196391,0.92343976267486,1.43323429524132,1.70462059212113,1.17144724847505,1.15892689181086,1.58535436590064,0.962666343081423
DEU,2020,,-2.6049594236914,-10.2555439398734,0.713436385255605,0.371424055634265,,-8.74413582133164,0.644539057988837,0.554489222960285,-7.02546259726941,0.953238028465805,0.85571475531944,-3.47834074244055,-0.971515564280367
DEU,2021,,-0.50623987694236,9.80037977916422,2.2038567493111,3.21234548460801,,8.85689049699128,0.647723413405402,2.90088839813922,2.26339222012768,0.849034356256155,0.811604039091193,3.02524127514258,0.3843275279648
DEU,2022,,-2.92410412925869,3.20160582891525,3.9430111667309,8.66580212068025,,7.13824601435894,0.764568764357577,6.76077128984217,5.6066989742399,0.771092086113001,0.749821688139164,2.95524827637728,2.62155681383126
DEU,2023,,-0.237341043719567,0.197217905124717,5.11965621989623,6.03018603095894,,-0.25385581042184,0.820330041923881,6.68777469784906,-0.185470768184686,0.698465297601828,0.660061269201435,-0.235452167687143,1.12119070059708
DEU,2024,,-1.50977271380172,0.117500360803973,3.16342524527597,2.4497933115556,,-1.10145803847583,0.645774022422515,2.85105895156191,0.386492548858072,0.538085916595293,0.461927729247805,-0.526222490339251,0.145228557066815
DNK,2015,1.23318863131576,-0.87170905851815,3.23225696420279,,,0.452034153691756,4.06298444613726,1.43525460835053,0.175326436597018,1.97039861630786,1.14318656654019,1.22575678499052,2.48843974928253,1.71511627906976
DNK,2016,0.704443421949847,0.714799737478998,3.66175325496346,,,0.250000000000014,4.28601243756071,1.83066430122526,0.0721209193362427,3.28180576096354,1.4746670094862,1.57022122714579,3.37192707908059,1.67666952462608
DNK,2017,0.887069272229994,-0.400536307757676,4.8057447526988,,,1.14713216957604,4.32235693342065,2.05780510698888,0.960670874484421,2.71365366637831,1.62115368645354,1.70713517862191,2.66996066569823,1.16181017520847
DNK,2018,0.694920171018012,-0.573371485578434,3.40411575489115,,,0.813609467455578,5.70522940746352,2.24965821172894,0.479238270903409,3.75565498325601,1.86792376302127,1.80963282874477,2.95231430186485,1.5189404464203
DNK,2019,0.768406733993231,1.61380029151535,4.41706306300431,,,0.758131572511871,3.05333817140645,2.26023240811318,0.829439141147517,1.77012021101953,1.64672474178282,1.61788142864613,0.83060990942576,1.46884408356902
DNK,2020,0.955944824594482,2.10756580601007,-6.35977231350336,,,0.420711974109764,-3.95374314632768,2.31749657750362,0.173935546746961,-1.27395388815798,1.61987933757008,1.75700712808153,-0.26244643091259,-0.926092429419171
DNK,2021,1.19977066941701,-0.626856178808183,8.81452961997854,,,1.85304543989719,9.49292163522833,2.60953830863794,2.0347336100464,6.83690676254211,2.1201762168678,2.22938633675878,7.56321358963697,1.54278972683547
DNK,2022,4.02580607387404,-0.494912536609718,7.19030354908132,,,7.69656699889241,4.38079773235947,2.7766820528729,7.10004617700014,-2.08682056524745,2.19625181697977,2.25279030606889,-0.291896253260205,2.53820716775404
DNK,2023,4.31177478764188,10.516146693625,10.4472160079783,,,3.30517811226143,3.74538008531846,2.74705606294911,2.89038060215447,1.39215133471018,1.95911482953076,1.64221487087897,-2.86334523638416,0.55783143031465
DNK,2024,1.58309759986095,4.5308253149167,6.36890213365109,,,1.43291922698918,1.17530547433707,2.25055913093657,1.58605998005201,0.194106979573249,1.47903768426117,1.44772836040941,-0.969963847334625,1.45545635780532
ESP,2015,,0.0095600784045331,4.35173817252225,0.335284280936293,-0.629347466048273,,5.0917079425741,0.380817450682926,-0.0753965453334757,2.99564736328566,0.474108020952727,0.566325693904403,4.27585408033764,3.00893527654097
ESP,2016,,2.27234199286703,5.39246103057116,0.667494437546296,-0.336666666666815,,2.64605170686484,0.698611758521196,0.195817280930541,2.65725263617531,0.597669262262329,0.60901956271573,1.97965946988811,2.66147245753818
ESP,2017,,0.135446336010617,5.60718126997558,1.24335689806524,2.03602127161454,,6.69632581948706,1.02534881863259,1.51387008006165,3.07608074932739,0.760238981178091,0.884805963979488,3.12240796183244,2.63472825360998
ESP,2018,,-2.06639639879215,1.66138133093925,1.04330193615847,1.73562455441638,,3.88785883779289,1.36368689897785,1.40177949977596,1.73388202234356,1.0569755378352,1.14795486833526,3.14198485039779,2.6716087289108
ESP,2019,,-0.336905635800733,2.26451554703041,1.06327884771002,0.779708253791313,,1.31842136389324,1.61532628750632,1.06899193545146,1.14164768365103,1.27986834260848,1.32479874666807,1.63961611218572,2.33641051908593
ESP,2020,,-11.5812057215616,-20.0985660794332,0.506029112687258,-0.337284301892822,,-15.1484806898573,1.59746028252161,0.0815058801778719,-12.0713892200113,0.93705020570485,0.705164427123208,-9.04537208506247,-2.91655923111536
ESP,2021,,3.23754376947029,13.3873915228779,0.552076860571091,3.008139861261,,14.9811359981411,1.75243779183184,2.19777565454621,7.105148944565,0.748883940382413,0.784847146842452,7.04821778748956,3.28617349110854
ESP,2022,,5.5028651950055,14.3129477600467,3.79102987664373,8.32256356757011,,7.74334047724142,2.11794758528777,6.5057238919136,4.84877955337474,0.874928174954007,0.899553887065025,3.92642621205719,3.60023092301138
ESP,2023,,2.40313198660942,2.78054225617301,4.12964489624673,3.40027023891643,,0.282330410489664,2.30593436221525,5.37665805375543,1.75349342492667,0.923224780619776,0.955733545908828,1.69626380394403,3.08894025799003
ESP,2024,,1.99397547152032,3.36830948595654,2.91068947212904,2.79297401440535,,2.19077697905465,2.09901592818477,4.00350550035539,2.71693801897165,0.983087282504357,0.989726677063857,2.61550809112005,2.15353276180963
EST,2015,,-3.0190524431212,-1.49673348817171,1.16166342108997,0.0675455932754403,,-2.11508717276217,2.07222347384476,0.165004845504896,4.75023085234288,3.42324659295328,3.27848028387679,1.75865763455681,2.57272036170127
EST,2016,,1.63785413716117,4.80699850426501,1.23998966675279,0.799999999999571,,5.99050389170303,2.33392738110979,1.78153427478222,3.95439571623452,3.47358956439496,3.41766223349092,4.27883210444365,0.581213917927911
EST,2017,,-1.30491029107394,4.82036908707111,1.99688860719962,3.65079365079427,,3.53185807083169,2.66183450004985,4.50301296265141,2.35292703235226,4.06645278737584,4.2190738904045,5.13886015322868,2.16404886561955
EST,2018,,-1.54439540245279,2.88355944736679,1.65516684824254,3.41213629402748,,6.3857295085345,2.68454501371235,3.55941799713804,4.67406982884989,4.30637945662087,4.64564909232904,6.38882915253508,0.937630490073261
EST,2019,,2.35684151784255,5.010352689258,2.40699871393859,2.26834497971502,,3.73578225768418,2.69549588842436,3.03844710967218,4.01177471964533,4.80345966508933,4.77214911948666,3.17590540731481,0.992854456562611
EST,2020,,3.34001591254193,-4.10634815051624,-0.0403107024916949,-0.634262227082445,,0.602680651481478,2.49690588736678,-1.255200633212,-0.855262020661002,4.85520640669843,5.70761789406625,0.904149304529497,-2.19706561406122
EST,2021,,10.1811047750782,22.16142163679,2.767049772774,4.48715029524722,,23.0439945468521,2.81150846543606,3.62860592167156,7.70535083236085,6.3652932785639,5.45013972521697,9.59151433990102,-0.361711848918674
EST,2022,,-1.83934387237828,5.06659312407538,10.2706129163701,19.4470675402785,,5.09263075115899,2.00244541653426,17.6609965787352,2.72678530098231,3.94068628564509,3.95747395221922,-0.593330987501759,4.06970079101227
EST,2023,,-8.31463814382687,-8.96713748779322,8.73367824340792,9.11589778249215,,-6.63742621055964,1.9936313130336,9.12855419186863,-1.58096919466928,4.39730505387807,4.32340301987867,-1.76441793805176,2.81266064788969
EST,2024,,-1.7839872714672,-0.902269483450354,4.91620923377037,3.37520572724443,,-0.22548173657573,1.60523827189856,2.76295542380176,-0.516912443725829,3.85493024704,3.58233113476074,-1.87754700469655,0.4250926474853
FIN,2015,,-1.62494608511992,0.243912191611017,0.770064074033996,-0.155590870892524,,2.13543205565554,0.530476203410714,0.467594703573596,1.35798953475955,0.640361661320838,0.635638987323304,1.23533195813596,-0.689298638635321
FIN,2016,,1.49785949130224,4.18694322563489,1.11751862531,0.389166666666995,,5.65826846202398,0.557748217447738,0.153444307474999,1.84814483134032,0.879302750974531,1.03506712509302,3.44178547261242,0.555266354329206
FIN,2017,,2.86362605650662,9.02895646958231,0.566182348626867,0.839233981090274,,4.33722044529627,0.633233873696511,1.02932229107878,0.445678129013899,1.14222579444201,1.21645765735768,1.57143207773576,0.990509059534205
FIN,2018,,-2.3922758147371,1.71360348339068,0.276990149640895,1.16893593901742,,5.83281645116656,0.828569252614813,1.27359181357266,1.16031582560933,1.32396047056699,1.36018808141883,2.68181714718307,2.80910395735083
FIN,2019,,4.4881218807332,6.84480655481138,0.700369389688973,1.13671499943075,,2.37359962130604,0.95631688498294,0.975086538930924,0.420795439120397,1.26263550302973,1.18980297242834,-0.387777989086516,1.06701236537694
FIN,2020,,-0.632305805217001,-8.50009693470909,0.460148838265965,0.38295989380039,,-6.11788796899771,0.996613093290421,0.371788854740942,-3.42491213841579,1.10933055579214,1.03056864707625,-1.61860240868828,-1.53264265745753
FIN,2021,,-4.45835703725771,6.04091626056454,1.18105147510326,2.06618525138117,,6.45675754910583,0.981911379633587,2.26425380538224,3.16759102122225,1.003185517883,1.04793009097503,3.17050478869191,2.31470657002572
FIN,2022,,-1.57256755827072,4.21930155629066,3.59041916167634,7.17163071559226,,8.35527257906391,1.04284438825499,6.21534903658117,1.25662441175224,1.13653801758453,1.11762233529966,3.16274358154497,2.56920867067107
FIN,2023,,-0.565804006451302,0.156571197290361,4.08410213789742,4.3404991154684,,-6.60492446577069,0.946421640151428,4.59250913914208,0.289740991651101,0.751368543433529,0.533526624372755,-4.14060491292992,0.286450873675165
FIN,2024,,-1.43886567960328,-0.0078067507497223,2.09592376555477,0.910587170482117,,-0.597280597372347,0.588671268971083,1.0151743501912,0.518477432596043,0.270466622628177,0.165084914500909,-0.403896605898368,-0.724897648290963
FRA,2015,,0.70230441594596,4.35870212685168,0.62218569979116,0.0867411194611662,,5.59986948653929,0.707801386507995,0.252642155887926,1.57297192198213,0.864079255522185,0.863155583656308,1.39615883451029,0.249279411890157
FRA,2016,,-0.854284686191008,1.86376991995419,0.626671888932108,0.304997458353895,,3.65215675224114,0.795774893800427,0.217629549908295,1.54498858770346,0.908236193641045,0.921829961053618,1.28853246390983,0.521523243050055
FRA,2017,,-0.471110577505513,4.82017597651675,0.548235625378183,1.16227869765018,,4.7920641542771,0.921752532266126,0.772497537247062,1.63174989792326,0.991048180645535,1.05513204509013,2.29061491906208,0.840209652597309
FRA,2018,,-0.283621871848624,3.62390914270198,0.874700402757782,2.09910812542064,,3.02687883295346,1.04865940133971,1.90809317401852,1.05277577400565,1.11415330849923,1.15018324608604,1.40549843940359,0.814740887290114
FRA,2019,,-0.164732977241471,2.1816813630457,0.641763625229174,1.29824166277876,,2.06642506821835,1.17513143051798,0.809752549204191,1.69409455439592,1.24289289825984,1.2897000166795,2.04171153450172,0.410045750855588
FRA,2020,,-8.79191685105539,-16.7994905035765,0.610898824446124,0.524075721001267,,-12.5509600237056,1.14394924942545,0.895189243582138,-6.53651492951963,0.954776967714622,0.835611160158635,-6.23001403817999,-0.50447484402784
FRA,2021,,0.71798894580904,11.0946598487021,1.293402357798,2.06641600050601,,8.00191021286757,1.30739575153662,1.35127945676892,5.27097629809019,1.17980899468512,1.28127732175183,5.96738749235681,2.71269443199371
FRA,2022,,1.358458021004,8.35693424888973,3.42785269626961,5.90579822307477,,9.06033629024796,1.38241437209938,4.83772740864441,3.17330729073034,1.22037187002391,1.19775913776098,2.93485389277959,2.2125968439389
FRA,2023,,2.17339696184916,2.46156916546063,3.99156429925063,5.66415527356241,,0.713230453967341,1.40605153760674,6.98985294673295,0.942511918756267,1.18444863969627,1.15808481507545,0.50028645934465,0.873201807545115
FRA,2024,,-0.166610360347448,1.64961735277332,2.43197766355733,2.41019936209189,,-1.42887446806469,1.14903300049157,2.67608160186461,0.825152932603885,1.05456731124632,0.984081023998414,0.0696994667071493,1.81575065555838
GBR,2015,,-2.9701459512964,3.77100771940994,1.09510571982155,0.0500208420180144,,4.95513594942867,1.55801798844253,-0.352144468227678,2.83483686712675,1.30028636679631,1.40284600813051,2.6068962277855,1.69191550164807
GBR,2016,,-1.21100540405226,2.76793594886618,1.32488959253379,0.64161319889979,,3.97959053021088,1.63600827150692,1.25185597021328,3.67798277310105,1.51382036386592,1.58751593113645,2.28473236561483,1.47136310654808
GBR,2017,,1.44563246886631,6.7660930113917,2.38486842105267,2.69084285477749,,3.16294602452189,1.57545908315966,1.8179079880898,1.83070561652698,1.64963353181263,1.66735076790259,1.64392440019759,0.9811095113335
GBR,2018,,-0.0511622937953575,3.07944124763628,2.04819277108426,2.47520761106172,,3.09748298174813,1.39511206606326,2.08584524682101,1.96847575060873,1.58155326421343,1.50464001052788,1.43309803742501,1.15701062735687
GBR,2019,,-5.10300725147141,2.00104052627945,1.74734356552537,1.77812745869377,,2.72018820761653,1.20975207513864,1.51875360270436,1.07098095191022,1.50591104230139,1.51071577696554,1.8634224415368,1.12452150069704
GBR,2020,,-5.57913407419069,-11.7922207892825,1.39243443954496,0.881261595547386,,-15.8853139349565,0.961954863323271,0.461705397081744,-13.1244727249386,1.04329266393277,0.819125705169455,-11.6508240901859,-0.891136618098457
GBR,2021,,-2.76909285499966,3.23022218568228,2.39566643778117,2.58237547892712,,5.81012054392161,0.82110165080617,2.48629596618288,7.24758637244749,1.03143390527302,1.15824443453049,9.36119108082832,-0.116812554275569
GBR,2022,,4.31137594854819,12.567812054916,5.93845466060685,9.05355942332113,,12.9833190653003,1.07917857236869,8.13796160782951,7.41328861323254,1.32185445581538,1.36554115716061,4.97826755472316,1.3426071969901
GBR,2023,,-3.25700417542436,-2.15576657535927,6.154170768889,7.30186998921101,,-3.38771035883457,1.09430360432712,6.741366384881,0.67866098398467,1.31676718791458,1.26890710158247,-0.121233820806339,0.701509307904885
GBR,2024,,-4.90827679595756,-2.08191942576789,3.73702220471833,2.61989906271312,,2.26268548231783,1.09325783602347,2.2881270848243,0.726204615750859,1.24083540145948,1.27369611921415,2.19708052201746,0.108282569360682
GRC,2015,,1.79326360572755,5.23381771130477,-0.395922907086174,-1.0937203801235,,8.17710440598204,-1.67805656487762,-1.2978671495224,0.383129843771812,-1.93381880461466,-1.9510553326796,0.750959436074638,2.10604453870626
GRC,2016,,-3.00949762572358,-0.39508885069894,0.609161590321008,0.0133331111150028,,2.12979751670126,-0.890608213564633,-0.847983212286294,0.339036710271856,-1.95582913375799,-1.86461637579809,0.454021931260144,1.73926289041674
GRC,2017,,2.37910340853321,8.40501600853788,0.288241725473128,1.13816260894167,,7.14855886308921,-0.118328611885033,0.295549198631122,2.56773890898225,-1.77129685182888,-1.64603007142031,1.19568607136897,2.1539257252911
GRC,2018,,5.40126096839644,9.23385396412849,0.331185992732415,0.774401898109119,,8.25074971019589,0.50096152088048,0.0739758683287732,2.26468345457816,-1.60301201089669,-1.76849393883539,2.1372402492546,2.00591581948756
GRC,2019,,2.50819238904951,4.84010761135536,0.824820342276098,0.517478172721752,,2.81988718123316,0.837078114594306,0.0660923757271803,2.6141783164055,-1.80101877624065,-1.77177419102155,1.96870073913379,2.1708889280746
GRC,2020,,-14.2327627213341,-21.517986219663,-1.1756733587515,-1.26222988524539,,-7.295543373361,1.08599687497727,-1.1602108783102,-6.19662974937552,-1.72713623773902,-1.70180397670069,-3.25261673185994,-0.910886532302911
GRC,2021,,13.3372891996209,24.3717207712782,-1.08639078674551,0.574111445162785,,17.3732526155434,1.44336014350144,0.976715358994014,5.09004957190903,-1.34020707672586,-1.04203290537298,7.479531577659,1.35663415389379
GRC,2022,,-1.65321301457818,6.60696409332037,4.59458105038104,9.29960197212259,,10.9643430289568,1.8297068026265,5.83543127212268,8.60892297598265,-0.668122667891268,-0.435964725138248,7.81893630423613,5.41373099370541
GRC,2023,,0.868088482885483,1.86746929890386,5.32304817224431,4.15489633033617,,0.878526382161326,2.23705777686526,4.64400560313177,1.78254655924111,-0.195949006914859,-0.158564721908022,1.69480385770187,1.27637735849056
GRC,2024,,-0.720660514596219,0.654767806748353,3.65668465821757,2.96427716076425,,5.96148156536864,2.19510626213984,3.20332889762474,1.78226761711035,0.0120596767643661,0.175368186758817,3.4316113263107,2.26670801503549
HUN,2015,1.7713775965334,2.64087295599226,7.36277208442657,,,-0.0616446800641484,5.67120981207104,2.1738330855282,0.47662490091254,3.89592349090411,1.68532659294191,1.81649921620726,1.95597099216438,2.69498500155383
HUN,2016,1.46506386175815,-0.247508325181713,3.8022196982721,,,0.394769306686314,3.44619905620075,2.3776679297378,0.947243102063595,4.84350183275862,1.338398826898,1.0424536036269,1.92268700663871,3.32540034310057
HUN,2017,1.81044057756375,0.519049337952652,6.47972932888948,,,2.34824281150179,8.41891185578223,2.82013491215392,3.28232243730437,5.50104547074392,1.65802100875791,2.02104147748244,5.46784330057345,1.55607336733904
HUN,2018,2.04007418451596,0.318126280719895,4.99049275624547,,,2.85024792594638,6.98382483889186,3.24974502670752,3.49597323736317,5.03186255945725,2.53633084439521,2.9048475197223,7.40089278350598,0.977229329217778
HUN,2019,3.41530054644809,2.4642101404711,5.45703985329797,,,3.33858635381984,8.18635883944988,3.57757603116607,4.47463542595315,5.18264885220694,3.4685224912824,3.57495898002126,7.3397541556395,0.589433633223521
HUN,2020,3.30825340302083,2.5325838672248,-6.14189449627582,,,3.32674385766741,-3.88595315773183,3.30931060174922,2.85346614046003,-0.717148414729991,2.97303357766589,2.69494769924442,-2.53667602885527,-1.20034713520084
HUN,2021,4.54772891532816,-2.3848309148626,8.27219282404118,,,5.11096534382841,7.36365749262328,3.29564733815774,6.095258560506,4.88592429441192,2.78050658614117,2.88909636829902,6.35976961857453,0.952261942569734
HUN,2022,10.236639191704,2.95310888816977,10.6598384513184,,,14.6081439492441,10.7215687079035,3.32697268270738,15.1915679015132,6.49368298493721,2.90646722724254,2.72636848622885,4.198391598219,1.32417702107796
HUN,2023,13.7578388824306,2.19683780916976,1.53647339825365,,,17.1249659694175,-3.77049295578487,3.02077873401076,14.95096438854,-1.44769985082027,2.20879934982872,1.96539835643337,-5.21927745936328,0.542681773224757
HUN,2024,5.82704859818175,-2.7790148259605,-1.83761460666757,,,3.80070910635285,-3.73280086028684,2.50766671250321,3.95140831953806,4.07229974693604,1.4450412600099,1.10847389817704,-0.846340758438956,0.189044833319898
IRL,2015,,31.8798845952939,37.8767176526225,1.59173651680642,-0.0333222259247776,,35.0392637624681,19.991486509103,0.973527623547454,2.80159023435387,,,16.6331469573955,3.38475852790665
IRL,2016,,2.59387542449348,5.33975787225482,0.666722226852414,-0.208333333333414,,17.189184791347,0.915288086896794,0.801025511427611,3.96055432604379,,,14.8125799981709,3.72879294618426
IRL,2017,,8.49644850506981,13.7659252475512,0.165576620580978,0.258872651356967,,4.94837270300796,10.5152714479017,1.08014543153627,2.9598702084246,,,2.86425497781052,3.14921855764383
IRL,2018,,1.04040967158353,5.00123321346172,0.289280105793893,0.716308512410635,,-1.59106182291637,6.23767407119043,1.48467436760291,4.91675102948469,,,-1.83327874387555,2.99169101015038
IRL,2019,,9.16098433336853,10.9043991299833,0.931267512774454,0.876612636453814,,40.7291434660013,6.97804298212456,1.70720433421279,2.66600469028461,,,35.5465722755194,3.133242834597
IRL,2020,,24.5448660740209,13.7136754874488,-0.0571568547403558,-0.459091654369729,,-0.101239788990128,16.7429537133412,0.0187784847027359,-10.4612955871556,,,-12.1723558645533,-2.48373426932626
IRL,2021,,2.65585404437527,13.7901238986959,1.74019607843135,2.421347389228,,-8.54440866101336,11.5081895257734,2.7946032106927,8.70734392817968,,,-16.6442218865402,6.5381281069277
IRL,2022,,6.02344471161607,13.5760675302567,4.55311973018547,8.06529430685045,,16.3553119618189,3.6082986241086,7.48639980418987,10.9475716093787,,,7.7771413271666,6.92382963382603
IRL,2023,,-5.49168261024784,-5.99477050119043,4.44700460674201,5.20127985464001,,1.29553118073471,-4.56697986769611,8.5542644729141,4.32599303848377,,,5.72199533761579,3.4429277409038
IRL,2024,,6.63964386397669,9.13892489959223,2.42507551192857,1.52311382132326,,6.01617529879414,0.0341668366270795,3.7616481707128,3.65478572346112,,,-7.70015718896573,2.3515012637245
ISL,2015,2.09405843407623,2.83758393575111,8.94779485212844,,,1.6330584821001,13.5418965069832,2.42062681058772,0.740587124691388,4.48601235321159,1.06519154914726,1.46333922126992,6.26895037592698,3.94869577748955
ISL,2016,2.16239296198899,9.11954088330872,10.9512643248889,,,1.696930239306,14.6029663005277,3.08033439035272,1.0033116937756,6.73371766420885,2.0722431122396,2.3877379823787,7.67620626238154,4.15915707749896
ISL,2017,2.42625375179911,-0.630211391835488,5.0796967166783,,,1.76041279085537,11.8305898992822,3.57381892021235,-0.957826845633349,7.96518843517977,2.70985922890148,2.89924989574747,7.556629673361,0.998269665912417
ISL,2018,2.52666656113131,-3.56413290786683,0.422232509091046,,,2.68291508467797,-0.907562927171213,3.65352646137787,3.08109712701342,4.82996634130136,2.9266645005641,2.8192270119681,4.49710042246943,1.81866104375329
ISL,2019,2.93251641133182,-8.06137099461431,-5.34923453612761,,,3.01397679587028,-9.08832235410475,3.17967466788193,4.34378277746248,1.74532208673413,2.35900153973911,2.30115577829612,0.362916449478064,0.944861506601086
ISL,2020,2.88711747848429,-24.0058542862698,-30.6876614868894,,,2.84791869076304,-20.6353741968065,2.7765478986221,3.45119610030747,-3.10644703959612,1.95928846922652,1.62361496781709,-0.894032764120624,-2.9747403513271
ISL,2021,4.37728798584317,5.53820547258636,14.7635139116843,,,4.44424340451155,19.9048605759998,2.78482854680148,3.64554796399645,6.94659449780116,2.02748718928494,2.37753819272697,7.10903855503074,3.56812475221356
ISL,2022,7.7942958434636,14.1220471119378,22.1210151605742,,,8.30875409704623,19.9698068780908,3.30203014486786,6.83586249872798,8.29803116831071,2.91405590706415,3.26574947525765,8.2921372413654,6.89039173152992
ISL,2023,8.42457331001661,6.56707631751655,6.32259661683402,,,8.73630594556708,-1.09185636946572,3.53528042652093,9.08701893227727,0.537703997609029,3.29442169155597,3.1223252486103,1.98166010568664,4.72722932008882
ISL,2024,6.19703590233733,-0.893265297736264,0.691770816214415,,,5.96144078481858,2.22673812757407,3.25741645050272,5.11466222877152,1.11106868595564,3.10756469080272,3.09147416617546,1.53646549499531,5.22255422214394
ISR,2015,0.419006864580581,-4.38988526279233,-1.49269361491571,,,-0.601291007162274,0.338600656120533,3.55058042606834,-0.572160250966789,3.77439570457773,2.9559362669266,2.84349666061794,2.72269565511461,2.48878293440579
ISR,2016,0.035511363636104,-0.161407794589877,2.41113022202011,,,-0.551552352993298,10.2908556117191,3.55223725739859,-0.815868661339465,6.27814851861149,3.15194809463678,3.39373021884296,6.78876154634763,2.55673862707118
ISR,2017,-0.0088746893857631,-1.1082618908176,4.82995652734039,,,0.259414974505717,4.52989417024533,3.64819915326198,0.134639832599134,3.57738808089023,3.38604265929554,3.37750515535141,4.28635589344177,2.34892405800436
ISR,2018,0.603532439869454,1.33815758811676,5.76841949515017,,,0.794075660242697,7.33514009352885,3.82798962471497,0.75127667783498,3.57153171979115,3.6179081368419,3.6571105779279,4.53638480009742,2.11769670746064
ISR,2019,0.714600794000503,1.74266436833479,2.89967139189488,,,0.849783128263553,3.82080722141251,3.94061730183066,0.670910283122154,4.02388035609887,3.60307215034993,3.6275162428158,4.09257767455971,1.54029138808518
ISR,2020,-0.148913805186126,5.85296107573053,-2.43125251541191,,,-0.614412358464705,-7.93504766707369,3.883518575659,-0.376791075529908,-7.3790950741376,3.22696185965722,3.06862615491289,-2.94116294331624,-1.32823139020098
ISR,2021,1.26326870778129,3.230500654224,14.7203154025424,,,1.51020047690456,21.1190326754389,4.036655908131,1.40487324701765,11.3049361541301,3.54336931025313,3.85713072852556,10.8404457614172,1.15156289586029
ISR,2022,3.95044615784511,2.46514758941028,8.30152805001774,,,4.39359665912646,12.1037571084242,4.22790743307401,4.1863042388446,7.43464124544558,4.24183219722855,4.39706564888371,7.218580768227,5.77875395533324
ISR,2023,4.16437988126309,-2.10435836135677,-0.920811163528924,,,4.22535211298435,-6.61470913260077,4.26607660230421,4.50038608688368,-0.884870366794232,4.34928421627754,3.88150116349424,0.452002304523859,3.26394065963949
ISR,2024,2.601007755982,-9.1645163300891,-6.01521190724654,,,3.14387744163606,-1.38871244198197,3.68628880520346,2.97233724567766,4.01910458697836,2.96910822526988,2.90933196024025,2.92957423508166,1.08534581484297
ITA,2015,,0.491624403948393,3.82233173285918,0.721718697549463,0.10845986984809,,6.16398844884775,-0.469558463453225,0.147625571143976,1.86745474112757,-0.499433717959207,-0.472985442958873,1.26183865574869,0.933393548331438
ITA,2016,,-0.264464859200388,2.42727502938479,0.541576403932808,-0.0500041670139666,,4.18046268850161,-0.230714222334797,0.521080612929268,0.755274917110683,-0.390939308817437,-0.321518782786498,1.78014765592494,1.42581526615615
ITA,2017,,0.639221417734618,5.93780671096833,0.795558133752962,1.32577336779791,,6.22920638742188,0.0303307036119946,1.34615743635713,1.20318611764371,-0.248842041828325,-0.198270790630843,1.64512650212799,1.28165188920416
ITA,2018,,-2.26056074118077,1.55696205108578,0.600180876428738,1.24259381171836,,2.3933475692442,0.255554172447987,1.33198716224432,0.538850796407559,-0.117125981049412,-0.0954376667740178,0.891645587352329,0.968005194765908
ITA,2019,,-0.800942295027667,1.46962052282372,0.523046747302445,0.633991709339753,,-1.00900078066421,0.397156946158702,0.894684330419807,-0.0159959885132395,-0.064044629056923,-0.0545598350729932,-0.335352175874363,0.64483278598972
ITA,2020,,-6.10365104790017,-14.4111940196648,0.471544715447806,-0.145384056216216,,-12.9849683979972,0.425249161119424,0.260463535020762,-10.5965811223985,-0.352196225670127,-0.401729757993138,-8.35851490106178,-3.13518125054544
ITA,2021,,3.82663128270102,14.1824972029199,0.784916653179991,1.941276389226,,15.9933781239753,0.79775263934809,1.48213263938825,5.82105175783899,0.190632506836621,0.488832740862136,9.07827565029343,0.812193525616522
ITA,2022,,3.16572967050152,10.4814468305787,3.29185066238414,8.73601523446808,,13.8477451956742,1.16512476685018,6.8463577525455,4.98501339825474,0.745230130359971,0.843100286374408,5.75130199461135,2.46997998503072
ITA,2023,,0.579964257298514,1.13747109290806,4.51612903215707,5.90338587019951,,-0.0472365360500504,1.40272753545418,5.06930403760123,1.00733574140941,1.09663825670816,1.25520510046273,0.399925853156574,1.96860242512302
ITA,2024,,-1.91132448545957,-0.136665588323766,2.30607262010858,1.21232135460737,,-3.90749668040888,1.38557897050738,1.4049990203133,-0.14606857578282,1.26131508022868,1.23741912022503,-0.750751483794701,1.65001849370913
JPN,2015,1.08149535893712,0.850271235307872,3.2112347560136,,,0.786660966224872,0.439859875731031,0.823063613331655,0.574517044277798,-0.21674885365529,0.303851521577513,0.344739299024553,1.06181311215076,0.48525276306313
JPN,2016,0.379106992418016,-0.895199889180134,1.61839101043122,,,-0.118774921523595,-1.17536455723655,0.943420155977265,-0.337701219228052,-0.426674362779522,0.348532690719765,0.353797718183515,0.258769152632212,1.06734699190389
JPN,2017,-0.0251783466223969,0.0723119335387139,6.61896055644542,,,0.484158668138733,3.30678731896386,1.02532820118003,0.380219880423084,1.05236347522596,0.372582197114326,0.38067216218812,1.12599696015293,1.1127424464879
JPN,2018,0.201477501679804,-1.26433689660196,3.75959970012927,,,0.989010989011376,3.81366308780532,1.09314312738645,0.707351788480182,0.2308159305055,0.372930014961597,0.357175047699414,0.628671366404561,2.13221245701185
JPN,2019,0.444034852545983,-1.53487011081539,-1.4583957551875,,,0.451996317067156,0.988208367896576,1.01335027884393,0.453919911721599,-0.62367451816732,0.355049081249575,0.334748878487503,0.0457593525432003,1.00768233063948
JPN,2020,0.108432730002903,-5.51649308466342,-11.6373881307185,,,0.0083326389467686,-6.76309198048328,0.743250130566011,0.323284233800223,-4.44246561130871,0.196737705982613,0.113748049831628,-3.32702664580009,-0.579069537732067
JPN,2021,-0.733211131478384,0.245088162211616,11.9066519877995,,,-0.258290284953148,5.20638903813484,0.610355078245533,0.58069171756398,0.800339065384918,0.0991930161569456,0.10709368875672,1.67635424605547,0.0322889112428015
JPN,2022,0.318952492866245,2.82250316067618,5.54555990304272,,,2.50605630273176,8.24287902985361,0.424613339717368,2.93442884225729,2.16802645142093,0.064578619449378,0.0615807387392238,1.68069548916849,0.152702081962531
JPN,2023,2.71921017403531,1.42225652634416,2.9252511618859,,,3.25156873930423,-1.46359910838633,0.355276909308699,2.99344020356209,0.664552631534491,0.115804742288532,0.12809413369412,0.639418461464317,0.361959539865083
JPN,2024,1.93346432953889,-3.55438608282148,0.768654926170825,,,2.59155643251781,2.12008591176074,0.150636225976513,2.3094342790546,-0.128052945308099,0.119452722020938,0.134619650835617,0.0798215481979696,0.418488621769086
KOR,2015,2.42542013676615,-1.69402852661409,-0.0042644666023221,,,0.70633177245557,1.94249766046606,3.13505578460021,0.957674074112035,2.57903630064678,3.6559326035637,3.70989096860573,3.97578452859236,1.08901004732616
KOR,2016,1.87508209930913,0.0284671463967925,2.45131693545964,,,0.971685739912104,5.42848849440999,2.99230316460248,1.32883718128157,2.78437810608995,3.80227869924327,3.92645332078966,4.29203954521279,0.883895417221893
KOR,2017,1.53595727115543,-3.87603287116922,2.49114602654718,,,1.94433230786382,7.92182571914832,2.99654348886048,1.96980864758903,2.86313059639913,4.27085286493394,4.37445455765607,5.35996074742093,1.19437006539803
KOR,2018,1.16737619479852,-1.56519764532074,3.79724008434624,,,1.4758393500264,1.63699642795051,2.85480424213702,1.40780059166998,3.27965695530415,4.07604012654481,3.79746004086732,2.44288177986066,0.366941124159567
KOR,2019,0.736555317048129,-0.377524954784604,-0.167012692385967,,,0.383000303607957,-2.01926545448806,2.57680852261684,0.70968607692042,2.37237305157535,3.40648659088727,3.29855951661422,1.76396227506783,1.11910506390213
KOR,2020,0.355842124850057,4.69814533455383,-1.66417127000533,,,0.537288023411818,-3.26037326918451,2.43604350734658,0.931990476272446,-4.64134203370976,3.26999399892863,3.23165134114845,-1.2428183461205,-0.791988801921207
KOR,2021,1.372488562595,-0.360565545094516,10.790924272145,,,2.49833333333301,10.1869923066363,2.34655150144839,2.53642353487,3.73852744876474,3.29021900683649,3.29092587746354,4.21544632433373,1.3479439565498
KOR,2022,3.60301854531143,2.08312698510893,3.91614378030184,,,5.0895136506288,4.15302400301053,2.24540887161982,4.44426020589579,4.21696648689991,3.07477573345513,3.01309610045254,2.79414630972892,2.99572937903642
KOR,2023,3.42138045425004,1.49747470408577,3.60563054071598,,,3.59745625045908,3.52056736812141,2.23089266215466,3.28463591734791,1.76275943355216,2.95762231514723,2.88245815927009,1.37852466815247,1.16613214740306
KOR,2024,2.16654300378376,2.49034549703026,7.15214836888191,,,2.31123464198475,2.61408650074472,2.07907904866923,2.02747787517613,1.22679557727147,2.74761975925624,2.66942217479944,0.439864103336191,0.597038360837033
LTU,2015,,4.63728400294185,2.42251078250457,1.88314003837598,-0.677051432733563,,9.50237433298619,2.41208251125765,-1.02218752452207,4.1825144879933,3.95385408759041,3.88425784933369,7.9991243829917,1.20543583328595
LTU,2016,,2.98293232318349,4.92767936634036,1.72750000000028,0.678333333333129,,4.04429018624155,2.70139535129609,1.11200670751433,3.78621943089803,3.76229915748593,3.81399034822348,2.25061947610882,1.98325748637563
LTU,2017,,6.00171640186146,13.5311598255073,2.63858510890981,3.71811213932162,,11.1968999840847,3.29935030044521,3.79029428383305,3.10615622530884,3.98857783331904,4.18456219888073,2.99242735645956,-0.484795063904798
LTU,2018,,2.55452056924642,6.84003471775995,1.87957922965188,2.53140312514991,,5.94009070282249,3.34749770263046,2.56621437862283,3.55144356057014,4.4823118394719,4.59745026828878,4.16727176192897,1.46885149099498
LTU,2019,,6.89373824467509,10.0413853320297,2.31885874546644,2.24240726038674,,6.09650004087891,2.47991474410206,2.17838728621322,2.8191042155466,4.70141685255462,4.71951573417374,1.60373976874273,0.269149632647128
LTU,2020,,8.79777771071338,0.068054687833154,2.6001270969071,1.06197519774059,,-4.33683063812438,2.85190238587907,1.19328160807302,-3.18270503130874,4.45613077584437,4.4287753782216,-3.27167634525043,-1.46909460243761
LTU,2021,,4.08428064631062,16.5849071045149,3.4252453266671,4.62509604230381,,19.1743326596573,3.47414907658313,4.63907688857755,8.06150455123756,4.97133977305879,5.1087851246717,7.61170035023518,0.77311048116924
LTU,2022,,7.56487685956809,12.3878724765686,10.463580937263,18.857546042306,,12.7018165803997,3.60955746970342,18.5510121510675,1.99090221819641,5.06099051781912,5.10645928089266,2.92450501419589,3.8121506594089
LTU,2023,,-4.80993720818205,-3.39657808374253,9.55276719880656,8.68517015404949,,-5.34085431788951,3.7339271235472,8.97044446937124,-0.342804016985156,5.27769345775367,5.48302395859696,-0.83249981595705,1.42522830016928
LTU,2024,,2.51991678014899,3.83839462650673,3.31154363246195,0.932230219286552,,2.14909449274985,3.42666165205647,1.55926901890473,3.12969616305584,5.02773771310625,4.63167511933597,0.6214139284358,1.30938153395373
LUX,2015,,0.184118703502961,5.17050386876053,1.67597292007353,0.0583668942975777,,5.70864967324739,2.15412092423917,0.864148986909754,3.06043211545611,2.8755208526953,2.46323124951658,2.17735052572509,2.08480144634203
LUX,2016,,1.49431155940984,5.29084097036805,1.007508395903,0.0383330138910054,,3.71826207681247,2.07123613822699,0.743603435678153,3.36913122433215,2.29909625485536,2.43632466079286,1.11113332335007,2.3191785507432
LUX,2017,,-5.32762699605324,-0.230853634745699,1.36212131212497,2.10917390688728,,0.737887077881282,2.18618835194891,2.21236243042176,2.97569327423697,2.75052004864203,2.59365903128517,4.62376511251179,3.04171147174353
LUX,2018,,-0.23607609485704,3.61653905386034,0.88394012648692,2.01584284420618,,3.70524645958062,1.84736650529717,1.86578281869591,2.63303759644411,1.99596689619992,1.86314360625607,0.276446348087049,2.83096835251376
LUX,2019,,2.83535125335223,6.00963737938744,1.81693493081522,1.64974010395922,,7.45151299576952,1.91476531065848,1.31566177965267,2.5554000802928,2.23874875319778,2.57432031440658,4.88739746200656,2.64563187641589
LUX,2020,,10.2798161746327,0.546818791691791,1.23220044850564,0.0039335079813298,,-0.430669296267723,1.90010708924983,1.57141197411704,-8.4195192742275,2.16336713863343,1.94555877980709,-3.84191202368322,1.44242813600638
LUX,2021,,0.698121820078441,10.3051009901828,1.5248293568791,3.47393760128298,,12.4347850237929,2.15511033425896,1.25211891337,11.2952492978618,2.64915697223007,2.81053817752893,12.3400141928457,2.00257071350873
LUX,2022,,-7.62067637353699,-0.582263880669956,4.24595219737863,8.15606611218408,,-1.86164567010242,2.24118710875774,5.41400021164348,2.2857659351818,2.26927691190174,2.06985309407131,-0.41044982884479,2.46314833162148
LUX,2023,,-0.87785873751146,-1.38302715415823,3.88293505438048,2.92488507080726,,-0.13602170580549,2.14228555306651,3.64681737410761,4.00200103454186,2.02004914732974,1.86483087240114,2.40246505583389,1.88827641836097
LUX,2024,,0.50828788039334,0.581285342702074,2.60935593361251,2.29873438016942,,-0.0019172464563297,2.06555079163503,1.99055831161999,1.85741544629397,1.47457376873483,1.40647103707254,0.338394155889887,0.862281296217105
LVA,2015,,4.67368907292857,3.05525060262191,1.463624987317,0.212948967406405,,1.01334386212687,2.02954158810068,0.119760907554337,1.83460129759399,2.58749513946631,2.36101282859971,2.43641810901941,1.27972126747963
LVA,2016,,1.3932382524854,3.89264007090559,1.17000975008102,0.099165013916533,,4.18970243510518,1.60626547786907,0.697101598185824,3.90463084653236,1.92491960936684,1.75980146487146,2.71622258739093,-0.315190508953535
LVA,2017,,-0.941253921880502,6.4554314001136,1.67211683401602,2.89374880329039,,8.56352889965891,1.24051006491761,2.85691820437681,2.80636916944785,2.08010823358873,2.28730457046248,4.68810331049798,0.155761787063312
LVA,2018,,0.0559444228043873,4.36305693258802,1.91277859243425,2.55426911656394,,6.32885803076975,1.09424885854237,2.65876946259772,3.61273849179827,2.64508090518295,2.86455166637897,5.51120791695136,1.6175895401464
LVA,2019,,-3.9579606534172,-0.57016848392081,2.22029667551735,2.74705334742879,,2.02746071804725,1.13476832313198,3.30597576564331,-0.114476061558534,2.89558851146407,2.71860416217588,2.27318162110697,0.0824787617188605
LVA,2020,,7.66629671643392,-0.297619355505077,0.887336978077272,0.0806228692529345,,-1.12276731389318,1.33409205494428,0.251869533384735,-4.78008659489431,2.40007431530229,2.33071804619279,-4.22212253653667,-1.86614656301217
LVA,2021,,-3.80512262955335,9.09254390800749,1.88779600394699,3.23919564833798,,15.1399445727989,2.04535369010379,2.62665727702999,8.05187109811766,2.52563892823669,2.60619925921355,10.6202920998901,-3.25181252391042
LVA,2022,,6.04736712182425,11.4199478343705,7.60192771813512,17.2447106559752,,9.91279044085917,2.45095219701885,13.7759251935592,5.09871457636042,2.46303095882975,2.29396994335272,1.10893884073754,2.56158015546949
LVA,2023,,-5.03049043660592,-4.69824230201243,8.43100720629343,9.05760356762715,,-1.98449574607697,2.45014498983019,9.03464553188225,-1.03186712580815,2.6168025392063,2.79460961450992,3.67519145573003,-0.219104399014526
LVA,2024,,-3.56621037303638,-2.17445879520993,3.82039321631214,1.15651192855528,,-2.92492416473829,2.35707853913067,2.80207280614873,0.121362232518905,2.39187547050888,2.25017272988848,-0.797763933563687,-0.391934174097955
MEX,2015,2.36274794063637,2.57161666838928,7.02945548063579,,,2.72064126257006,4.94889485090705,2.2090964389408,0.822226720397708,2.68650080866254,2.35347249901035,2.38909005502371,2.82738378918133,2.3864677078578
MEX,2016,2.97047807106047,1.58749421624887,3.06730776042176,,,2.8217077516971,2.53358189648034,1.85957022909859,5.58259836819452,1.92626433715297,2.30742082298335,2.23734767245368,1.72091057772253,1.91199184214581
MEX,2017,4.68380468239563,-1.66598874685184,3.19751891288757,,,6.04145582303512,5.64859998939464,1.50558633808494,5.64742644316568,1.72311908275073,2.10842712076105,2.0222731323496,1.15380959894607,1.42397119312099
MEX,2018,3.81812725635309,2.27253106894369,6.52712052475681,,,4.89935096477249,5.60409525325321,1.26146889443908,4.42339866678212,1.46309284653893,1.97602923784314,1.89851420231057,1.19332460964696,2.5656704423854
MEX,2019,3.70500590057601,-0.0234580117160448,1.16426299184801,,,3.635961213044,-1.08097708288136,1.00744187605079,2.573365675931,0.898213864957299,1.62924621767591,1.46965826641217,-0.56334298623085,2.39492429645082
MEX,2020,3.75849847372636,2.21361043085356,-7.01863273141841,,,3.39683415570032,-11.9908344120172,0.672031776450325,4.80431274972909,-9.83383876646337,0.734792076408084,0.341512432028765,-10.5952789758425,-7.81534230093472
MEX,2021,4.67840047252282,-6.04663527785237,7.08564606840861,,,5.68920847683778,15.7478521904762,0.832515204738868,5.55982626273502,8.41653156600138,0.608488774439991,0.816858544419361,7.98971205466677,8.48277754095558
MEX,2022,7.58170824560241,0.662557454731996,8.88509743998041,,,7.89627619168526,7.63215849392483,1.0774516379158,9.03170311935784,4.9142018469901,1.02541575680301,1.15865634620651,5.06192484847666,4.27960405490708
MEX,2023,6.73554599349434,-6.59502746243473,-7.36451282986526,,,5.52796087329718,4.97365658465873,1.40130838085751,1.90765121138031,5.00464216829162,1.71324782468889,2.10358107716185,7.11451228545559,2.58453596993481
MEX,2024,4.11474261624394,-6.69027993949979,-1.94034966682506,,,4.73637170559194,2.65348318376377,1.71857060344213,3.8385518522477,2.7593813672822,2.25664442930366,2.24845673055106,2.97560992031016,1.53465830281755
NLD,2015,,4.11499856533563,8.30168894499475,0.915810984686132,0.212112102081122,,15.5595088211389,0.973580209520591,0.120403761578388,2.20665835172215,1.26104677468889,1.74273786096188,6.66067540937001,0.907735136209951
NLD,2016,,-1.7005598289451,1.82205865994871,0.597499999999883,0.104164930584403,,-2.3986305360803,1.32370279633423,0.701816977145015,1.22390268413758,1.34840115458964,1.11169074088633,-0.873067878333572,1.32028809868665
NLD,2017,,1.81233008489325,7.05918737565759,0.750515668878407,1.29363090729018,,7.86075486561386,1.57953070357117,1.94751637136569,2.39175201494675,1.24434223079287,1.35301717587345,2.92873420971485,2.04895315706044
NLD,2018,,0.989353928369269,4.85500102041109,0.980077781340611,1.60090729037358,,5.44564021274924,1.83187728649281,2.07805290857648,2.38649561539036,1.42040637891385,1.41441633348956,2.427292039365,2.2222222222223
NLD,2019,,-0.296112414152745,2.66167200536199,1.87680657900108,2.67574759967364,,3.93600516828771,2.01967230058675,2.3441705333999,1.02455231122663,1.6005357159423,1.73522470871589,3.32514112117403,1.98840331120878
NLD,2020,,5.75687818559614,-3.76276038120263,1.91895780051146,1.11236282565348,,-4.09041465951063,2.1006461228591,2.008301808132,-6.16995578172603,1.57837648682305,1.44649552712445,-4.11885443613239,-0.0137105251131118
NLD,2021,,-2.58257140154747,6.8258845889722,1.75971016538429,2.8266679132679,,6.50229943791517,2.16611864239985,4.38966527621058,4.49741040722616,1.47141013141535,1.47661931560724,6.05167919086236,1.5156778498949
NLD,2022,,-2.84558422048107,4.48743339432765,4.77786768388999,11.63536070679,,4.41742218789587,2.23699221248788,7.57299560550538,6.92172122428289,1.51179407778075,1.57770455794923,5.01190454633225,3.16259635472952
NLD,2023,,0.0230678153789228,-0.379332588422898,6.35898944444108,4.09616311079905,,-1.7230920957703,2.28941855495842,6.88258106706746,0.788784569202278,1.6107210868049,1.54015475230587,-0.865911666208532,1.98935055865915
NLD,2024,,-0.841102205205388,0.0376391395599001,3.2757617611428,3.19668029833599,,-0.0066799674649615,1.89275017830747,3.11959674453716,0.761904953443022,1.38743696702967,1.36986492204947,0.937961637755592,0.630566801894474
NOR,2015,2.66288972175204,-1.33933858032768,3.92619140073491,,,2.17113665389523,1.88288201840116,1.87588031459713,2.33886732755478,2.7099742601346,2.03522241946534,1.97093827512626,0.949202630306473,0.585845223471608
NOR,2016,3.26333209693021,-2.8312343384404,0.387733818677233,,,3.55833333333337,1.93255380544532,1.69070829869982,3.06228786649486,1.1233052016776,2.18800871976165,2.36688629695122,1.74814985385029,-0.0375763269140492
NOR,2017,1.69668003642307,-3.392019897757,1.59550479967956,,,1.87494970628468,1.84083894878216,1.63488282745918,1.98472567411956,2.2387477838634,2.5731592762918,2.61730743848624,2.57215028406918,0.281928390188895
NOR,2018,1.75514608749044,-5.38409350863652,-1.53736293731166,,,2.72511848341234,1.39028592982918,1.48412498909603,2.35895796926717,1.43326197919447,2.5235213499689,2.51481198013077,1.92768235257479,1.8180114328554
NOR,2019,2.340819480805,-0.763832032456875,2.11572763445648,,,2.19146482122258,5.33614703592403,1.48853301292212,2.29546717503707,1.0225698711739,2.68017819293759,2.74807893044984,2.14953421062307,1.13207547169812
NOR,2020,2.66505774895325,7.15079653954572,-2.32872768155534,,,1.30173062452977,-9.85472695919272,1.44546271364396,1.56437884604351,-6.22096045469431,2.48419217117856,2.29948690824496,-3.89350027959003,-0.527848562067703
NOR,2021,1.65975244480812,-2.51140337738111,6.0911931288781,,,3.46133848325036,1.82339357638322,1.5020343442286,2.89314997047559,5.09751900230206,2.24989632852676,2.22914963079425,2.52738983732128,1.48215919487649
NOR,2022,3.6128847412805,-2.30445389461454,5.24945097002738,,,5.77930935458396,13.2591958315874,1.70197316383013,5.85631566352259,7.83617266101803,2.20626427257535,2.17645544321282,5.60900329947424,2.73169852145691
NOR,2023,5.82729370286901,0.66744331061507,0.235844831449839,,,5.51106284783501,-1.5655291470501,1.8339706474429,6.73198101957726,-0.882682467007811,2.04091749151793,1.93035264138508,-0.763569452739901,0.930232558139537
NOR,2024,3.50311938510008,2.28215033682039,3.74504473265308,,,3.2233693554607,1.7103754467892,1.6999393443383,3.26213152881266,1.10761130079186,1.58833769158745,1.47054636480091,-0.739142433432988,0.467681071211203
NZL,2015,1.1068425391653,5.86507926670795,7.98509620017344,,,0.292703309027573,4.52978897708975,3.32773259539523,0.774993312373851,4.07435976550447,3.09302916255076,3.07682573964183,3.1327494266332,2.62131715771231
NZL,2016,1.34645083423436,0.594188722763079,2.73803503970969,,,0.646237225422581,3.74704411864063,3.57629884347678,0.656620217243955,5.75814174115415,3.052738784788,3.01737904681259,4.33852102288336,4.82372809795228
NZL,2017,1.39129311454312,-3.53106884594497,2.5376742570101,,,1.85078707072009,7.13746125192112,3.57277545651186,1.57024381670031,5.47336552410454,3.02021598506202,3.1176951357855,5.29594772948501,4.17883395428457
NZL,2018,1.17896840563452,-1.84355011879701,3.11582335667495,,,1.59829794991765,6.79204454278003,3.47924968007764,1.30618291711724,4.59531830353286,3.31065916159974,3.32703008261439,5.12726545724769,2.88034022810749
NZL,2019,1.80012087212238,2.39099266980256,2.63010172647489,,,1.61963190184015,2.38260572599465,3.23093541157901,1.57199370644122,3.12355082360864,3.34965039666885,3.36703782289571,3.20463108721336,1.28711010898158
NZL,2020,2.22366761352252,-7.01571109226957,-13.3151013874066,,,1.71456170007259,-15.615201583313,2.77014301756729,1.62876554297551,-1.58869984106842,2.88625864971804,2.72856952773313,-1.76071645333182,1.28930525925239
NZL,2021,3.71167411995712,-10.8645265382837,-2.65932070361194,,,3.94112060778831,14.8285766990803,2.56551205739437,2.94118286332788,7.3956996651122,3.19915289394767,3.35976332710199,9.99195635370266,2.18864468864469
NZL,2022,5.99308493096356,-3.84169164800289,-0.803149357322411,,,7.17222476016421,4.65988892458806,2.62162577843756,6.35265890165378,3.42892114005944,3.37321295177617,3.34349688546601,3.43573872774832,1.66681602294112
NZL,2023,5.64717437754868,7.76301927856042,11.4084439698452,,,5.73316282953542,-0.608492582968779,2.73380938076717,5.56488799424073,0.370238880154176,3.14413485335547,2.9814529442196,-1.79108038714243,3.34067871308946
NZL,2024,3.47926816632531,-0.951602558228998,3.40105520369008,,,2.8668186606545,2.01394928272498,2.30682909279396,2.38962384050259,0.760977787532411,2.68667511979802,2.56701828090976,0.0691424112976904,0.0597065847833562
POL,2015,0.451204424714291,2.69016022811039,6.62098423024275,,,-0.874125874125994,5.64872264012124,3.87223071589699,-0.438774261648661,3.84873429718891,4.39348553498401,4.43725637888066,3.91225107008179,1.40276770797213
POL,2016,-0.188364848221369,5.50477276865691,8.94714947650719,,,-0.664767331433836,7.73448166188196,3.83988474259669,-0.688186202703875,3.74179417890153,3.73328581732781,3.35430530287198,2.40698992971205,0.702561551852767
POL,2017,0.70407200406477,3.213166271948,9.05621493348355,,,2.07593553673865,9.75704688440358,3.78688732173383,1.87481112488888,5.99704394732993,3.28114987400569,3.27305962903684,5.54354330333766,1.39377662530099
POL,2018,0.75681130171543,2.32153898342507,6.75874227038526,,,1.81295156542703,7.53037753683668,3.89829135869363,1.50333965272787,4.8493649935496,3.74252869884731,4.01586530765221,6.87778895710535,0.371435965352944
POL,2019,1.88139351884936,2.14923038312303,5.32762809532798,,,2.22747880938249,3.25731588483555,3.90436231989055,2.23878877403797,3.28757579231859,4.19282056373305,4.29283862241473,3.56300683674489,-0.139531356639111
POL,2020,3.84777418901893,8.48775149631217,-1.07962627068231,,,3.37446972618582,-2.56219774519758,3.69234083946681,3.39539069589752,-3.2168926684202,4.08428268836256,3.75713489276849,-2.65025163880578,-0.115426089333724
POL,2021,4.05679513184501,1.96347334976346,12.2945504043419,,,5.05502704719322,16.3073616506429,3.39841750736565,5.58415470959851,6.32539096506484,3.46831190478159,3.47035709703628,8.8806020831174,4.37453434093086
POL,2022,8.96036387264495,0.14774396931702,7.39964205182879,,,14.4294507575752,6.85619522582998,3.36148298203818,14.0550236860456,5.08990410589203,3.42515126924089,3.34562305899892,5.46043250773683,0.522988170852514
POL,2023,9.9349991071637,3.95543409139407,3.72832711018386,,,11.5289128000595,-1.45229156685954,3.46468638458217,9.23272506175854,-0.274185144537938,3.58829382244721,3.84121638858397,-3.00522673972384,0.323174358476592
POL,2024,4.46596846669377,0.821820948111252,1.34857011782712,,,3.83816463129749,4.15968413670826,3.31365800918151,3.8235993465494,3.74977233600171,3.9044206932026,3.86227247651128,2.85620866923605,-0.607406529142125
PRT,2015,,1.60804040385574,6.25225032424628,0.595188196831245,0.507563194130597,,8.06564283065219,0.183675429748291,0.763421399932497,1.76892041284732,-0.446501992828914,-0.388432662489421,2.22001105277302,2.0272566413162
PRT,2016,,1.93261285451572,4.71166987438583,0.877500000000083,0.635833333333096,,5.22051416582011,0.47030546788605,1.07047397121121,2.35936683770309,-0.369301701775512,-0.292275652696745,2.18841626952111,1.96859889510377
PRT,2017,,2.86614968995741,8.39056075264844,1.2482135923933,1.55594014723097,,8.0285270102036,0.824889797587844,1.60836064316352,1.77942624312128,0.0098642848823402,0.166045556112778,3.05579432928626,3.65337177999797
PRT,2018,,0.554574474607691,4.29681978517876,0.8085571619728,1.16762609872622,,4.9067912691704,1.13759704994544,1.63551896273616,2.55964478846373,0.315540377692585,0.409789155041352,3.18097128774441,2.83131122690153
PRT,2019,,1.31280734968934,4.0044108616235,0.436242968718275,0.299821074519841,,5.0629392145803,1.37642605867289,0.901273657681685,3.4605984104369,0.581793541939021,0.627024009387441,3.23551870769002,1.23428088344077
PRT,2020,,-8.46544708224002,-18.3346609829734,-0.203071864876634,-0.121337768992561,,-11.5903768690433,1.47691732986917,0.432014723910896,-6.75855479886606,0.491692425091557,0.448926389526235,-5.18579445349661,-2.29127956742312
PRT,2021,,1.62768389559592,12.0345443519172,0.242244149803582,0.941308982662434,,12.2588435369255,1.67340328959571,2.04266916878828,4.89478527095812,0.65728642890403,0.793612440930005,5.68016908394024,2.19490828285419
PRT,2022,,8.40045477689118,17.152864444998,4.95561534372,8.102658111824,,11.2655650036888,1.94964884589514,7.266620804122,5.57587671284679,0.900423255160874,0.911833068712667,4.69907284040811,3.28358989101743
PRT,2023,,3.42005252009615,3.47920297064955,5.38781524782263,5.26428323692954,,1.7351194538319,2.1393471283761,4.38818845084111,1.95849420152335,0.97753344698117,1.04692324861311,1.73486851188117,2.25205848259074
PRT,2024,,2.76367363900228,4.18485566794357,2.74541977414387,2.73086780167655,,5.55553812154437,2.1212805178024,2.85026943441085,2.73631437796131,1.03471094398871,1.03784068655015,2.28471230851419,1.07808676650011
SVK,2015,,2.014554735875,6.42570672321546,0.489046693910282,-0.343813842244742,,8.65053919844544,2.48492817779983,-0.110004258535952,3.09829023627313,2.4868007367354,2.98103492558079,7.18388762286183,2.58037896340495
SVK,2016,,1.17950055963024,4.98880769491733,0.876666666666921,-0.48166666666647,,4.78881924918738,2.82198887919863,-0.250353374497962,3.39534160181348,2.58681518800817,2.06856712793753,1.67626293945877,2.80940594059406
SVK,2017,,-1.82916522484149,4.03980904065817,1.35892013349603,1.39086600458829,,4.35872467192993,2.93973843620878,0.98368258192761,6.36101591543363,1.88140352889555,1.91100579787604,3.26697703463833,1.54789133662374
SVK,2018,,0.236613422417719,4.99859666160378,2.0204242972529,2.53297324975468,,4.33873712110208,3.24867001047849,1.91205587133884,3.96674178324885,1.98294277522454,1.96880579859875,3.49494893183385,1.4245211257866
SVK,2019,,-1.54326468512848,1.35373498096487,2.01715983894697,2.77164720096658,,2.3527253519636,2.8443953124917,2.30948037469675,2.80649920239622,2.05312371667266,2.13089895500103,3.23481651870114,0.65940059803836
SVK,2020,,2.13779612834833,-6.45391480522598,2.44555641694214,2.01424865390203,,-8.03462183057982,2.21644869032752,2.21824218957568,0.121410768464472,1.66607888138944,1.33410649731543,-3.89812084907933,-2.02717086292648
SVK,2021,,-0.286636418721244,10.6040903409439,3.345716382315,2.81958497553001,,11.549232155239,1.83396905964148,3.14465973215182,3.24628637108653,1.40335866203817,1.53168550374686,6.62714839443696,1.15653178734037
SVK,2022,,-4.18372702889747,2.92841521323081,8.23884438724644,12.126487883974,,4.40748933626418,1.73184247742198,11.8053377991883,5.21355881050113,1.39540437733086,1.308666080319,1.69083789634344,1.69397199820351
SVK,2023,,0.230022511721671,-0.223855021388701,9.48202815587643,10.9836065626168,,-7.04907994639049,1.9047483001147,10.2186915861086,-3.11669027963345,1.80169525058902,2.19169552981022,-5.17359059531802,0.231381470117228
SVK,2024,,1.91380158026995,2.27056066728068,4.31214274204395,3.19292971651832,,4.10262316743825,1.95897794915192,3.16845623375593,1.82017746665707,2.19572064117766,2.09229641951818,4.10921208888134,0.371667247403266
SVN,2015,,1.46162584096207,5.43042944806739,0.265706336009373,-0.763301963248878,,5.27285065128784,1.73924869968909,-0.820630280220399,2.40707848269122,0.159087386646164,0.159492382535433,2.05232004660814,0.081810744477778
SVN,2016,,2.58795256628355,6.43041307491424,0.688339069493225,-0.153334611122119,,6.62698433380467,1.95787129348628,-0.464267035636652,4.09303364220871,0.0223446439651269,-0.0104630305607145,2.88385424176704,-0.272479564032693
SVN,2017,,5.07596829359639,11.0703750232471,0.732464307882708,1.55656637315867,,10.6717172134927,2.26148357767252,1.54050888309419,2.50819105939864,0.232430140149901,0.375991260912272,4.31264533511812,4.80874316939891
SVN,2018,,1.69468417767887,6.15538187523212,1.02538821789545,1.93376068376085,,7.08674775430782,2.62056460393197,2.01848085256793,3.40527691950138,0.652306559681335,0.834921935877432,4.9681794127244,2.24191866527633
SVN,2019,,1.79604563798107,4.48061379752396,1.89332942956057,1.6922915675666,,4.668943687545,2.90343831377224,1.39746237770538,5.49901623919418,1.01853642837307,1.01719564693505,3.57321978997963,0.229474757776643
SVN,2020,,0.183406850319628,-8.53073460225653,0.785402997940849,-0.275108616370503,,-9.11737712557429,2.77748125953845,-0.399633961085698,-6.14969004606557,0.662773956218885,0.542236403943576,-4.14931689613341,-0.457898753497844
SVN,2021,,3.00870524897815,14.4759984361252,0.879068662390537,2.04714393608175,,17.7863775241953,2.77733992662017,3.39340986865957,10.5480891968846,0.897696112196741,1.11580770110577,10.3081987227896,-0.690007666751853
SVN,2022,,-1.72259105329948,6.76580959402166,5.85492227979196,9.32143970084199,,9.18540486867452,2.8007703276017,9.90743362780653,5.29910204452109,1.24668398143704,1.27100767614972,4.45323849120874,1.49253731343283
SVN,2023,,-1.56880968659561,-1.98155925576549,6.6524273569629,7.21824335976483,,-4.4723932947531,2.74587672820608,7.49843156944218,0.147253309047002,1.36093121102076,1.4099054522343,-0.153005763978328,0.304259635475248
SVN,2024,,2.56370600279965,3.12302821876685,2.96655676601738,1.8525626989392,,2.98961690168728,2.56981610555803,0.889436202410394,1.82174719365209,1.25113211185131,1.08405926229581,1.29142907236233,1.11447766800299
SWE,2015,0.0240218095684241,1.38945086715384,4.74496088411479,,,-0.0467847449830145,5.50772847681235,2.05453826968055,1.05682523220057,4.08238189876681,1.58560983961245,1.70644386340732,4.40200543751897,1.36380500894133
SWE,2016,0.897250442621697,0.0395109932732822,2.91258889853432,,,0.98426924457803,5.13603061311511,2.21340915009966,0.886546657063164,2.24453297551618,1.80923302986785,1.87017653871993,3.02442819146138,1.46029466102533
SWE,2017,1.37279377371551,-1.39179609020971,3.5671718264939,,,1.79449904665574,4.76887845021891,2.25416869245532,1.73777452921185,2.49086252668963,1.97025800179885,1.99931646460543,2.53166933402591,2.24166790624346
SWE,2018,1.09264552908137,0.481097715175352,4.6154392717493,,,1.95353530127045,4.21781989235257,2.14568675799507,2.49489614526802,1.94615954368385,1.98770158501499,1.92951297704028,1.78696285207762,1.49584941503849
SWE,2019,1.51943586959725,4.25697501083185,7.08025441994319,,,1.7841509740383,2.08762470491361,1.95758351811898,2.04720322026212,0.802782910958371,1.75747800515406,1.76335117663841,0.250237904978064,0.633677852415346
SWE,2020,1.19022599396152,2.34143908435014,-5.90393740901247,,,0.497367318853563,-6.51226780369785,1.86010130814067,0.879969005994681,-3.08488306400608,1.78000074476819,1.73243638293356,-2.29562229243086,-1.542292711439
SWE,2021,1.29768724580551,2.48859783907243,11.6637361187403,,,2.16319736447136,12.5014691086431,1.8838512791633,2.19858907523425,5.80752184868192,1.91834013810104,2.04604000526255,5.84499416275042,0.668818459522583
SWE,2022,5.81539300035088,-0.946323050534502,6.24458347983425,,,8.36929098869199,9.73421137179923,1.95590700983466,6.71356854222503,2.89626018048314,1.98537551505711,1.92464343726147,2.93778290337211,3.08086973327541
SWE,2023,10.0244780635819,3.59213806843192,3.49532502959541,,,8.54862489687144,-0.805747796632176,1.94087734856797,6.40638238773519,-2.1585763851413,1.8092386921787,1.71891473472391,-2.39022368616931,1.3556997077073
SWE,2024,4.18830150103221,0.126318251273744,1.7148415093954,,,2.83503645007399,0.253331079562159,1.70824890283436,2.54109872401527,-0.0533781216389997,1.5594242380683,1.46874941114253,-0.235174731822369,-0.485276493615785
TUR,2015,8.0357678209533,1.6958965044882,3.23879846262963,,,7.67085364845926,0.662400827250522,6.03015867723143,8.17861408599329,5.15081720466236,,,5.3054333038743,2.9837181170717
TUR,2016,8.47368576841099,-1.35281744519349,-1.74188877921662,,,7.77513415328295,2.99593082413796,5.67677498098425,6.48987144682189,3.84294846514261,,,4.48178427751047,2.24369745259926
TUR,2017,10.0858193427789,7.36455369262245,12.4092914281206,,,11.1443110840763,10.6350762185028,5.32834367890571,11.2861516323227,5.76581244548595,,,7.44215534968471,3.4293051387356
TUR,2018,16.4620146680181,5.3444677167552,9.09060670035238,,,16.3324638988929,-6.17232902861801,5.09425002161527,14.1035502285623,0.831665087465424,,,-1.44938475608387,2.19089961420921
TUR,2019,13.4478933043874,2.57949479560735,5.27852046729613,,,15.1768215720023,-5.0119711410761,4.45957536034057,14.4148841558984,1.61180772749987,,,-2.20956468558801,-2.19682174327511
TUR,2020,11.1929553022839,-3.97610376820883,-14.6237526323993,,,12.2789574462574,6.77432681602474,4.2333342148594,13.3669716899574,2.90622595295405,,,8.69667955981208,-4.76006525440576
TUR,2021,18.2834931635415,14.4467664737774,25.0563247376062,,,19.5964926913324,1.65261752606895,4.42919278283584,20.6223628383766,15.9578175073729,,,4.00348644766318,7.75046020404966
TUR,2022,57.3398830325939,1.77114724668319,9.93207204925591,,,72.3088359891208,8.56789073114361,4.40381818850935,81.1484412086351,18.4723458144217,,,5.04869303693542,6.73170194961055
TUR,2023,58.4715981684299,-3.91366201890817,-2.8358664402862,,,53.8594087868032,11.7911121959351,4.37585628278211,61.3808804891745,13.5408846944976,,,10.6798964413054,2.99865165125269
TUR,2024,59.2834603911253,-2.47235939537809,-0.119605731480249,,,58.2992076226859,-4.68274772512804,4.10345945900302,61.8176670060988,3.57955431398096,,,1.9186282844893,3.17380179743574
USA,2015,1.23009777387661,-1.68899002961888,0.319637135997652,,,0.121137232537109,5.19080367057248,2.191610062336,0.183420417991769,3.37255207630558,2.31886659516913,2.33749751534752,3.62324124790837,1.72636892991552
USA,2016,1.6024223864291,-1.04059621911888,0.474057163681337,,,1.26736054339965,1.4566099080856,2.28590996687332,1.01249089934014,2.45453302527639,2.34260465204601,2.34491021911626,1.92692109942782,1.74124478763096
USA,2017,1.59865483381,-1.46721183663742,4.11439172302312,,,2.13144495002715,4.71008792130783,2.3211084697305,1.74562850839251,2.63814137638181,2.39293410606668,2.43991862524986,2.5853748928663,1.25344135079816
USA,2018,1.89683333333299,-1.5317072816465,2.85406500401285,,,2.43899951452499,4.03787025038898,2.36619131776804,2.04699762001599,2.74102975815548,2.54664944864878,2.57944032993076,3.13604192180365,1.58373708909937
USA,2019,1.6450462150453,-0.381517870768448,0.533794518879134,,,1.81325862191443,1.17694889691266,2.37790189999635,1.43246662547598,2.14726546842017,2.56686649351586,2.57246892086354,2.62214505142889,1.13896325400384
USA,2020,1.32997875091324,-4.65850999849043,-13.127906670689,,,1.2491887590939,-8.97942841847278,2.32354332802517,1.09386465144402,-2.53375308365644,2.40193330530356,2.31095871035222,-1.87142753210674,-6.171456984996
USA,2021,3.5769215194135,-3.61640436539449,6.47680369993196,,,4.6821889706691,14.6709062501279,2.34193282565184,4.13889843277121,8.7718621383332,2.44989077418921,2.49804171513456,7.11801010711702,3.22819610356882
USA,2022,5.35081700786982,1.40557428496751,7.51273045494304,,,7.99169021924702,8.59301989109666,2.39087353155021,6.55088157650833,3.03612941218478,2.47219211292668,2.44946011886722,2.83275192265886,3.74328659481671
USA,2023,4.14464866029131,1.33501521616097,2.76432462134781,,,4.12826962787742,-1.17212341215465,2.48139203540073,3.77273217856549,2.53019758907598,2.44365513448602,2.49254271090356,2.31803359064615,1.73506866521519
USA,2024,2.80367251316029,0.349679706529287,3.1894018564881,,,2.92692624172581,5.61567098272786,2.5097392442804,2.49416316905291,2.65940394358687,2.58800420814602,2.61834640708857,3.1079933568563,0.27419900669463
