"Country","Quarter","S_mean_tw","y_t_pct","F_CP_above_3","F_CP_loans","F_CP_guar_adj","F_DI","F_H","debt_dR"
"AUS","Q4.2019",0,-0.282231954869116,0,0,0,0,0,0.334479524413091
"AUS","Q1.2020",23.0654761904762,-1.07796790107596,8.48440881024051,0.752035006728207,1.00271334230428,1.19202562133132,0,0.726695571598881
"AUS","Q2.2020",51.860119047619,-8.30762211086111,0.188510108353204,0,0.00451221004036924,0.0340922536383454,0,4.67454702903402
"AUS","Q3.2020",49.6050824175824,-5.68089819253432,0.01782824322617,0,0,0.040108533692171,0,4.11156584938844
"AUS","Q4.2020",46.7834249084249,-3.08686069948452,1.07315395460115,0.00501356671152138,0,1.51540067422445,0.226061723022499,-0.369037025854595
"AUS","Q1.2021",43.4237637362637,-1.54227479740552,0.0703654087962025,0,0,0.23338153042132,0,0.0544776722351514
"AUS","Q2.2021",37.1050824175824,-1.35058012670238,0,0,0,1.03530152592916,0.360976803229539,-2.21674246330294
"AUS","Q3.2021",47.9510073260073,-3.61445868836841,0.337362904018274,0,0,0.0350949669806496,0,0.673685621156686
"AUS","Q4.2021",46.324616529304,-0.744445907750114,0,0,0,0,0,0.461207050330195
"AUS","Q1.2022",28.7151568223443,-0.365339989907966,0,0,0,0,0,-0.693941151015025
"AUS","Q2.2022",18.1447836538462,-0.0218112285005581,0,0,0,0,0,-3.60130057968907
"AUS","Q3.2022",0.469471153846154,-0.149640713715138,0,0,0,0,0,-0.273859896264902
"AUS","Q4.2022",0,0.0964370068879578,0,0,0,0,0,-0.203343343848445
"AUT","Q4.2019",0,-1.4562287706597,0,0,0,0,0,-0.773333419372605
"AUT","Q1.2020",35.625,-3.06341430416197,1.16046589218655,0,1.75600113387502,0,1.50398988543347,1.95620780500469
"AUT","Q2.2020",58.4821428571428,-15.7356933914895,3.58841591137713,0,0.16205381892618,0.911088645445811,0,6.35736720650804
"AUT","Q3.2020",30.540293040293,-6.52765852275028,0.0514257474920541,0.0376285957258932,0,0,0,-3.80070698830433
"AUT","Q4.2020",60.1648351648352,-8.37917808222789,0.957271475266724,0.250857304839288,0,0.0915629162663402,0,3.61323811280438
"AUT","Q1.2021",72.5389194139194,-9.75101839637165,0.946233753853795,0,0.0752571914517865,0,0.176754056989763,3.64454310365069
"AUT","Q2.2021",57.7392445054945,-6.09705708273847,0.354963086347593,0,0,0,0,1.44389927059672
"AUT","Q3.2021",41.3780580357143,-3.64322655917424,0.544360351501256,0,0,0.184881833666555,0,-0.854939013177685
"AUT","Q4.2021",40.6629120879121,-3.87882889907359,0,0,0,0,0,-0.845232946649091
"AUT","Q1.2022",39.2939583333333,-4.09752440305642,0,0,0,0,0,1.99109890655041
"AUT","Q2.2022",27.3351648351648,-1.81436386149205,0,0,0,0,0,1.152556134126
"AUT","Q3.2022",25,-2.30115242529974,0,0,0,0,0,-1.25203754384685
"AUT","Q4.2022",25,-2.83831912699925,0,0,0,0,0,-1.75739154010209
"BEL","Q4.2019",0,0.62916119730768,0,0,0,0,0,-1.9428031297897
"BEL","Q1.2020",33.4523809523809,-2.43524762089809,1.56844869315239,0,0,0.721857594301236,0.0247312850756207,3.48572570544134
"BEL","Q2.2020",68.4065934065934,-13.4717436658636,0.910808839849076,0,10.8501392086727,0.0507308411807603,0.00211378504919835,4.20045267527888
"BEL","Q3.2020",47.6762820512821,-3.97619525122789,2.57814134880624,0.21708572455267,0.0845514019679339,0.211378504919835,0.935349884270269,-3.1080380493575
"BEL","Q4.2020",52.3466117216117,-4.85134709730173,0,0,0,0,0,1.21690002453352
"BEL","Q1.2021",57.3031135531135,-3.74434800488771,0,0,0,0,0,2.19926411818268
"BEL","Q2.2021",52.6327838827839,-2.7166756760687,0,0,0,0.443894860331653,0,1.2482917063403
"BEL","Q3.2021",39.41163003663,-1.26054908080352,0.0214612596045108,0,0,0,0,-0.0440570486357643
"BEL","Q4.2021",24.9869734432234,-0.80453775659491,0.516270860416204,0.00207150934821438,0,0.274792056395785,0.824376169187355,-1.21100434032535
"BEL","Q1.2022",18.980695970696,-0.695810772518613,0,0,0,0,0,0.0669895899710014
"BEL","Q2.2022",2.06043956043956,-0.0602793806423167,0,0,0,0,0,-0.0419112657829999
"BEL","Q3.2022",0,0.216739996606507,0,0,0,0,0,-1.30942879625974
"BEL","Q4.2022",0,0.124699647265761,0,0,0,0,0,-1.10065824221256
"CAN","Q4.2019",0,-0.266857315933791,0,0,0,0,0,0.0681941553345595
"CAN","Q1.2020",22.6785714285714,-2.77308281479379,3.36389340060541,0,3.52666243611858,1.31842918765664,0,2.53749065140909
"CAN","Q2.2020",51.1675824175824,-13.9648420897419,0.121729536025779,0,0,3.03822511435067,0.0224838294388852,11.6202424843074
"CAN","Q3.2020",45.8333333333333,-6.68869612302472,0.811935354215804,0,0,0.106602866992089,0.824696446600037,-0.207622877337144
"CAN","Q4.2020",45.8562271062271,-5.48181052100265,0.268677421287065,0.631891098400176,0,1.4757725886527,0.0043405076136844,1.2115384692953
"CAN","Q1.2021",50.3663003663004,-4.42357619106719,0.0434050761368441,0,0,0,0,-3.24788872375682
"CAN","Q2.2021",50.904304029304,-5.08374305569427,0.440127472027599,0,0,0.109163766484163,0,0.97676084229289
"CAN","Q3.2021",44.9537786172161,-3.72762578178272,0.0610275370484027,0,0,0.097965256840857,0.857293658778807,1.36572353406789
"CAN","Q4.2021",44.8873843864469,-2.56664686352219,0.131300355313953,0.000477455837505285,0,0.324843589808141,0,-0.143747370760479
"CAN","Q1.2022",43.8792857142857,-2.12168137151852,0,0,0,0,0,0.760131173293161
"CAN","Q2.2022",12.4555299908425,-1.57658166343608,0,0,0,0,0,-2.07155642518943
"CAN","Q3.2022",7.79841117216117,-1.35027462210264,0,0,0,0,0,0.637721118684752
"CAN","Q4.2022",0.767428784013605,-1.85500741764109,0,0,0,0,0,0.371618772091416
"CHE","Q4.2019",0,-0.514773969558783,0,0,0,0,0,0.0194899280304348
"CHE","Q1.2020",35.922619047619,-2.1235489562737,1.33116706974779,0.0312661506086192,2.93816155034421,0,0,0.215840553390276
"CHE","Q2.2020",55.5517399267399,-8.81269817015487,2.21904008634597,0,3.14503210848069,0,0.0414026651894957,1.2079113037298
"CHE","Q3.2020",29.9278846153846,-3.74685952125627,0,0.0999374676987828,0.0171321373197913,0.180886816534797,0.671008711691827,-0.574946702033984
"CHE","Q4.2020",39.0396062271062,-3.37479367431213,0.259123576961844,0.00856606865989567,0,0,0,0.345057669207929
"CHE","Q1.2021",55.2083333333333,-3.15267933276602,1.07075858248696,0,0.0128491029898435,0,0,-0.104508587869521
"CHE","Q2.2021",46.1423992673993,-0.977519444779599,0.0042116504244487,0,0,0,0,-0.808242194345315
"CHE","Q3.2021",38.4615384615385,0.657192547555303,0,0,0,0,0,0.584478583454121
"CHE","Q4.2021",43.9903846153846,0.878208979677395,0.0285535621996522,0,0,0,0,0.702928781885717
"CHE","Q1.2022",28.9377289377289,0.624573845474765,0,0,0,0,0,-0.786771161713066
"CHE","Q2.2022",0.183150183150183,1.06669253918897,0,0,0,0,0,-0.145190121810661
"CHE","Q3.2022",0,1.102879365943,0,0,0,0,0,0.483315722251156
"CHE","Q4.2022",0,0.745602318732979,0,0,0,0,0,1.00219432742219
"CHL","Q4.2019",0,-3.60198698000457,0,0,0,0,0,-1.28847721537299
"CHL","Q1.2020",21.9940476190476,-2.27888190729147,1.09056920061099,0,0,0.21625928516176,0.178341968921836,0.233867253687134
"CHL","Q2.2020",66.025641025641,-15.0920189076078,0.110643559035456,1.55680095234208,9.00318623041204,1.60383386063193,0.202368763220763,2.51594851452317
"CHL","Q3.2020",64.9038461538462,-11.276403160005,0.0252086876861888,0,0.196478440337616,0.778356898260557,0,-0.411854800638679
"CHL","Q4.2020",57.967032967033,-5.62018456268174,0.000546613096836702,0,0,0.131713100911866,0,-0.230217870407692
"CHL","Q1.2021",56.25,-2.59570093768106,0.447970843969765,0,0,8.31513636503026,0,-1.03477286203281
"CHL","Q2.2021",56.7078754578755,-2.1540344833061,0.941112081373148,0.0660756994855403,0,0.841438568589875,0,-0.444882528492499
"CHL","Q3.2021",42.7002472527472,1.4565983594613,0.0645824633389745,0,0,0,0,2.15348471559514
"CHL","Q4.2021",21.9873901098901,3.12522914920444,0,0,0,0,0,1.22495261977058
"CHL","Q1.2022",19.0608390567766,1.1520882811121,0,0,0,0,0,-0.613683946526152
"CHL","Q2.2022",22.6647149725275,0.481067973903417,0,0,0,0,0,1.90303073661345
"CHL","Q3.2022",23.8655860805861,-0.187340951424123,0,0,0,0,0,-2.48468864620368
"CHL","Q4.2022",4.29526254251701,-0.923556859472747,0,0,0,0,0,1.01182893360151
"COL","Q4.2019",0,0.666880658816729,0,0,0,0,0,-1.11734872400249
"COL","Q1.2020",28.422619047619,-2.3518374029484,0,0.0235464760343967,0,0.113321447072231,0.0782196980399913,5.79375390194239
"COL","Q2.2020",85.6570512820513,-17.9932208200171,0.770723253557873,0.162998125700508,1.27150970585742,0.32442202819926,0.407547862891884,3.22692484355338
"COL","Q3.2020",76.7971611721612,-10.4710400791986,0.188960658547842,0.0441468169873697,0.682586680724949,1.41493306207793,0,1.92625784156437
"COL","Q4.2020",59.9702380952381,-4.808703130086,0.00780377308731975,0.00930556732879357,0.00898703060100025,0.391766268260292,0.0120669096662993,-0.424671409890784
"COL","Q1.2021",54.0521978021978,-2.499829085567,0,0.0673429214583745,0,0.359036666572481,0,1.13820368543891
"COL","Q2.2021",49.9656593406593,-5.2875365297402,0.0104546353592721,0,0.235464760343967,0,0,1.11438112985958
"COL","Q3.2021",39.6978021978022,-0.986141247880712,0.199862488579959,0,0,0,0,-0.184782162368982
"COL","Q4.2021",39.47368246337,3.08149376863986,0,0.232895839808614,0.0035319714051595,0.0376743616550347,0,1.29225830737015
"COL","Q1.2022",39.6866907051282,2.91621969611246,0,0,0,0,0,-2.91950715336521
"COL","Q2.2022",18.3993818681319,3.75413065980179,0,0,0,0,0,0.459460872293526
"COL","Q3.2022",10.3714354395604,3.95369517434981,0,0,0,0,0,2.20486285593042
"COL","Q4.2022",9.375,2.83025357147451,0,0,0,0,0,3.60199162678079
"CRI","Q4.2019",0,-0.996049377327671,0,0,0,0,0,2.74661404326201
"CRI","Q1.2020",42.1428571428571,-1.85503907739133,0,0.16921077529465,0,0,0,1.15658526324357
"CRI","Q2.2020",70.0206043956044,-10.3740653591488,0.022556440694497,1.41320126230107,2.47963803896999,1.3288283820472,0,3.23074551813307
"CRI","Q3.2020",61.8475274725275,-10.1024500577899,0.365743855594697,0,0,0,0,2.64364225106771
"CRI","Q4.2020",51.5453296703297,-8.39074442053769,0.00286535951169866,0,0,0.0859773162712195,0.0566636966113267,-0.492951451795662
"CRI","Q1.2021",57.3717948717949,-5.30700467485761,0,2.79855701597052,0,0.00385721472728665,0,2.93066668972396
"CRI","Q2.2021",54.3040293040293,-4.07405753665844,0,0.393497893134213,0,0,0,2.07584061197068
"CRI","Q3.2021",48.8352884615385,-1.84633560364796,0,0,0,0.00638413119819967,0,1.87306789484927
"CRI","Q4.2021",42.3012316849817,-2.10430281739252,0,0,0,0,0,-0.968439824714778
"CRI","Q1.2022",35.5195421245421,-2.27212896503196,0,0,0,0,0,1.45024828272413
"CRI","Q2.2022",0,-2.59733806841205,0,0,0,0,0,-0.58599742560456
"CRI","Q3.2022",0,-2.02603921243103,0,0,0,0,0,-2.42280873040994
"CRI","Q4.2022",0,-0.910199843051656,0,0,0,0,0,0.393738810631746
"CZE","Q4.2019",0,-0.502236416742961,0,0,0,0,0,-0.395248810946569
"CZE","Q1.2020",42.0238095238095,-4.62315224603932,0.761915629846775,0.0869766700738328,0.347906680295331,0.98805497203874,0.549692554866623,1.25460272443859
"CZE","Q2.2020",47.4358974358974,-13.6965548762379,1.10634324333915,0,14.8960030494102,0.400092682339631,0.784529564065972,5.42798602459422
"CZE","Q3.2020",28.4569597069597,-8.17982561816158,0.095674337081216,0,0,0.252232343214115,0,-1.72111536103556
"CZE","Q4.2020",57.7037545787546,-8.28490024255233,2.47144208014796,0,0,0,0.0382697348324864,-0.211669495352375
"CZE","Q1.2021",74.7367216117216,-9.08831975388655,0.4992460862238,0,0.0747999362634962,0.904557368767861,0.00695813360590662,4.54187346716473
"CZE","Q2.2021",55.6089743589744,-8.57520433594396,0,0,0,0,0,0.0804972880471553
"CZE","Q3.2021",32.9714835164835,-7.81349413969515,0,0,0,0,0,-1.89223726297158
"CZE","Q4.2021",35.3824049908425,-7.98297597540582,0,0,0,0,0,2.84154552495202
"CZE","Q1.2022",28.6920020604396,-7.97701382044682,0,0,0,0,0,-1.00548006076833
"CZE","Q2.2022",4.72142628205128,-8.50734616091279,0,0,0,0,0,1.4982437810001
"CZE","Q3.2022",1.69413919413919,-9.19629013405363,0,0,0,0,0,0.800459567125586
"CZE","Q4.2022",0,-10.3203348010974,0,0,0,0,0,0.811891108065076
"DEU","Q4.2019",0,-1.17541025503752,0,0,0,0,0,-0.963662044375333
"DEU","Q1.2020",30.4613095238095,-3.59152835527002,2.46009770806454,2.89934909612792,16.2943419202389,0.366187790840956,0.536701410533335,0.500492730713404
"DEU","Q2.2020",54.235347985348,-12.5190674324298,1.39879097142691,0.202954436728954,1.00592495666248,1.91415027326365,0,3.45060966728824
"DEU","Q3.2020",40.5563186813187,-5.33144925481839,0.706281439816761,0,0,0.0811817746915817,0.242095649526681,2.12823585161991
"DEU","Q4.2020",55.5517399267399,-4.82075825451719,0.48709064814949,0,0,0,0.22324988040185,-0.877631171864131
"DEU","Q1.2021",72.9510073260073,-5.80751888191634,1.48649628158478,0,0,0.215160696423653,0.107275916556733,0.171686951501776
"DEU","Q2.2021",64.9839743589744,-4.00187968079119,0.0289934909612792,0,0.072483727403198,0,0,1.2912647507155
"DEU","Q3.2021",48.1436074862637,-4.3258434976342,0.510285440918514,0,0,0.0483321494324524,0,-0.19714876956499
"DEU","Q4.2021",25.0929796245421,-4.21890402301414,0.0434902364419188,0,0.0173960945767675,0,0.594366564706223,0.803388179061663
"DEU","Q1.2022",30.7654727564103,-3.9779743541907,0,0,0,0,0,-0.754074789907747
"DEU","Q2.2022",5.50797733516483,-4.23959939220819,0,0,0,0,0,0.269678131258736
"DEU","Q3.2022",0.595927197802198,-4.36527301674535,0,0,0,0,0,0.400764739140307
"DEU","Q4.2022",0,-5.10308160828787,0,0,0,0,0,-0.448621350943952
"DNK","Q4.2019",0,-0.598783690362038,0,0,0,0,0,-0.21759753720054
"DNK","Q1.2020",37.4404761904762,-1.97751297170962,4.4415506196352,0,3.49966537150244,1.676382918695,0.0257506242150056,1.03134914284793
"DNK","Q2.2020",60.782967032967,-8.30605192867991,0.467702193166839,13.2641638154475,0.166727799583879,0.840351746613858,0.608635013849602,5.71685490583477
"DNK","Q3.2020",48.9125457875458,-3.31925007447441,0,0,0,2.24669875701391,0,1.44594214211528
"DNK","Q4.2020",40.2014652014652,-3.82497337986503,0,0,0,0,0.196758964220026,-0.0743247266303868
"DNK","Q1.2021",60.3937728937729,-3.8613887332559,0.496866071262692,0,0,0,0,-1.74958828277104
"DNK","Q2.2021",50.1033653846154,-1.09987604668862,0.0561674689253478,0,0,0.00686971350702331,0,-0.100648385920714
"DNK","Q3.2021",28.1839606227106,0.286896504401523,0,0,0,0,0,0.480764616500622
"DNK","Q4.2021",16.1557371794872,2.98926986395479,0.00747459394160398,0,0,0,0,-2.11963147579959
"DNK","Q1.2022",11.2655471611722,-3.00415401999248,0,0,0,0,0,-5.31670168264987
"DNK","Q2.2022",0.0411092032967033,-1.80310020130719,0,0,0,0,0,-1.52305691220742
"DNK","Q3.2022",0,-1.03945756198887,0,0,0,0,0,-0.594657190200884
"DNK","Q4.2022",0,-2.91166707922032,0,0,0,0,0,-0.086082853399045
"ESP","Q4.2019",0,-0.624747674040118,0,0,0,0,0,-1.04210614255838
"ESP","Q1.2020",34.8809523809524,-6.34033241168968,0.427501603991228,0.823877346665264,8.35119337750365,1.55755216886113,0,1.83216635118048
"ESP","Q2.2020",66.3232600732601,-23.4689677113002,1.28970611026305,0.209502533864491,0.370416609447078,0.26547158948103,0.00562099554255054,5.50916201001948
"ESP","Q3.2020",43.4065934065934,-11.8359214276018,0.243308807056116,0.843791730873158,3.29125349003598,0.0173447862455845,0,0.391952554062627
"ESP","Q4.2020",61.092032967033,-11.7337416290226,0.0377409700714107,0.0381424697530215,0.0802999363221505,0.0145342884743092,0.0746789407796,-0.745674595821399
"ESP","Q1.2021",66.1057692307692,-11.2139825179419,0.883299299543655,0.883299299543655,0.883299299543655,0,0,2.13566665980736
"ESP","Q2.2021",51.3621794871795,-10.541786102307,0,0,0,0.0321199745288602,0,2.96011770777453
"ESP","Q3.2021",31.1801717032967,-9.33082163239983,1.08292494124052,0,0,0,0,0.165764589813151
"ESP","Q4.2021",26.0758653846154,-8.04903815370304,0,0,0,0,0,-1.23741720703511
"ESP","Q1.2022",20.8112957875458,-7.16939904439191,0,0,0,0,0,0.430324725929154
"ESP","Q2.2022",14.6131856684982,-6.16154068456626,0,0,0,0,0,1.77670839431171
"ESP","Q3.2022",8.43869276556777,-5.96889958179659,0,0,0,0,0,1.66827084685178
"ESP","Q4.2022",0.79719387755102,-6.03729599137753,0,0,0,0,0,-2.44226684353656
"EST","Q4.2019",0,-1.00735958635444,0,0,0,0,0,-0.939892796475146
"EST","Q1.2020",21.1904761904762,-3.72684724744984,0.889299943084804,0.177859988616961,5.33579965850882,0.0142287990893569,0,0.521036493189943
"EST","Q2.2020",51.6025641025641,-9.41285186757305,5.01209447922595,2.31217985202049,0.251581767868903,0.45176437108708,0.786141149686966,8.39553435143912
"EST","Q3.2020",25.503663003663,-6.48886253917556,0.505122367672168,0,0,0,0,-0.278968464955717
"EST","Q4.2020",32.6923076923077,-5.67763280524861,0.302361980648833,0,0,0,0,-0.281501396966522
"EST","Q1.2021",38.3898134157509,-2.78800327153714,0.881474103585657,0.100313033579966,0,0.0165765509391007,0,0.416935521220676
"EST","Q2.2021",41.9288644688645,-1.66246094794933,0.385244735344337,0,0,0,0.892857142857143,1.31888306281984
"EST","Q3.2021",15.2525961538462,-3.08139850542315,0,0,0,0,0,0.178057989151821
"EST","Q4.2021",25.3221737637363,-2.63701557441636,0,0,0,0,0,-0.665883864641682
"EST","Q1.2022",33.6057188644689,-4.38557281298323,0,0,0,0,0,-0.615800946722327
"EST","Q2.2022",12.3466174450549,-6.62897124775296,0,0,0,0,0,-0.307931231162001
"EST","Q3.2022",0,-7.90045082499146,0,0,0,0,0,-0.811883364489805
"EST","Q4.2022",0,-10.4703692690237,0,0,0,0,0,3.26269639692435
"FIN","Q4.2019",0,-1.12568431083081,0,0,0,0,0,-0.933983863629898
"FIN","Q1.2020",33.2440476190476,-1.80455745841298,0.41570189185931,0.41570189185931,4.40644005370869,0.378288721591972,0,4.29153958057649
"FIN","Q2.2020",52.3809523809524,-8.64453286168812,1.24465303441596,0.735584497645049,0.853501802884268,1.79404465469722,1.07666789991561,2.70617766908744
"FIN","Q3.2020",26.0874542124542,-4.58599882029636,0,0,0,0.0249421135115586,0.083140378371862,-1.48615662058841
"FIN","Q4.2020",30.2598443223443,-4.10456092386717,0.582398350494893,0.166904309581513,0,0,0.449789446991773,1.44259835843383
"FIN","Q1.2021",34.375,-5.25194514884954,0,0,0,0,0,1.73191490941925
"FIN","Q2.2021",33.9858058608059,-4.21287495119507,0.083140378371862,0.106835386207843,0.270206229708551,0.120137846747341,0.247758327548149,0.0677121455415914
"FIN","Q3.2021",26.7628205128205,-3.6075921459113,0,0,0,0,0,-0.834475590261881
"FIN","Q4.2021",16.8332944139194,-3.28507261011647,0.0718332869132887,0,0,0.00432329967533682,0.00153809699987945,-2.15693250354465
"FIN","Q1.2022",13.2545707417582,-4.4067188738515,0,0,0,0,0,1.14017377529984
"FIN","Q2.2022",9.375,-4.56626910946291,0,0,0,0,0,0.113275300664689
"FIN","Q3.2022",0.309065934065934,-5.21413822202834,0,0,0,0,0,-0.971045615622195
"FIN","Q4.2022",0,-6.51657816424321,0,0,0,0,0,1.05178656225985
"FRA","Q4.2019",0,-0.645048041879548,0,0,0,0,0,-3.71362687938849
"FRA","Q1.2020",46.7559523809524,-6.08867185774826,2.3580744261057,0.00329800619035762,12.3675232138411,0,0.0577151083312583,1.82096718858267
"FRA","Q2.2020",74.9542124542124,-17.9214382651366,0.473057762929421,0.824501547589405,1.28601029958128,0.537368883641395,0.329800619035762,1.49311125806901
"FRA","Q3.2020",38.5531135531135,-5.73544493478203,0.194994616004894,0,0,0.023498294106298,0,4.15817766171625
"FRA","Q4.2020",57.7724358974359,-6.21969074759703,2.20966414753961,0,0.824501547589405,0,0,-1.64694338468752
"FRA","Q1.2021",57.7266483516483,-6.25786577589465,0.495142036881603,0,0,0.00247350464276822,0,1.90177594452518
"FRA","Q2.2021",57.5219047619048,-5.53656655013761,0.00824501547589405,0,0,0,0,0.735394582930013
"FRA","Q3.2021",31.2048019688645,-3.12915879370254,0.164900309517881,0,0,0,0,2.59165632265349
"FRA","Q4.2021",34.786875,-3.00710078396826,1.14967609638093,0.0155704498645344,0,0.646540068342933,0.00164900309517881,-0.979667419943809
"FRA","Q1.2022",29.2975938644689,-3.51838891646809,0,0,0,0,0,1.67339837708899
"FRA","Q2.2022",8.6685554029304,-3.52272400345171,0,0,0,0,0,0.457670818109477
"FRA","Q3.2022",3.32910943223443,-3.4441156932008,0,0,0,0,0,-0.0432042465926088
"FRA","Q4.2022",0,-3.49002572620722,0,0,0,0,0,-1.61491816611733
"GBR","Q4.2019",0,-0.815292265350542,0,0,0,0,0,1.48445917850729
"GBR","Q1.2020",20.0595238095238,-3.99504891548307,4.7303979513204,0,12.7893588491878,0.906854739015327,0,-0.939150880488981
"GBR","Q2.2020",68.246336996337,-23.4704238495571,1.95569315284067,0.921878750363193,0.451171511947924,0.257934753380628,0.498995692214404,0.219154500707617
"GBR","Q3.2020",53.6172161172161,-10.9117158773463,1.1557209450058,0,0,0.567934699240047,2.52656046690837,7.13453328957077
"GBR","Q4.2020",60.1362179487179,-10.1210540758579,0.897380137264421,0,0,0.0990276351574498,1.628729158132,3.52560038063048
"GBR","Q1.2021",79.6588827838828,-11.5097361298018,1.30366008377353,0,0,0.2391209013324,0.0744432994714074,-0.45285087833264
"GBR","Q2.2021",49.702380952381,-5.77982313645269,0,0,0,0,0,4.17517323189465
"GBR","Q3.2021",32.3202838827839,-4.64479541438643,0,0,0,0.0225585755973962,0,0.694924803244263
"GBR","Q4.2021",27.9528788919414,-3.78934262171911,0.0451171511947924,0,0,0,0,0.627141833621764
"GBR","Q1.2022",21.0186389652015,-3.27504853270764,0,0,0,0,0,-2.50610688612252
"GBR","Q2.2022",2.42673992673993,-3.19642484372099,0,0,0,0,0,-0.587682207016229
"GBR","Q3.2022",0,-3.55784945541427,0,0,0,0,0,-1.6338421919653
"GBR","Q4.2022",0,-3.76517964516324,0,0,0,0,0,-0.607079420553163
"GRC","Q4.2019",0,-0.112876905485147,0,0,0,0,0,0.824842747499815
"GRC","Q1.2020",37.3809523809524,-2.44563405931191,1.64320160464322,3.09405940594059,1.08292079207921,0.322208945032434,0,-0.887804910854868
"GRC","Q2.2020",63.5531135531135,-16.2116546492451,1.86032455616251,0,0.321673757451969,0.0549462273813588,0,2.58385262438011
"GRC","Q3.2020",51.5453296703297,-11.4212496295845,1.30857374530556,0,0,0.66239544213042,0,3.16349684077824
"GRC","Q4.2020",61.5728021978022,-9.47347568079327,0.955712273813588,0.240056333219529,0,0.52925699897576,0.419298395356777,4.62000245576968
"GRC","Q1.2021",78.1707875457875,-6.02874819692857,0.549889040628201,0.933552406964834,0,0.132297712529874,0,3.71798144536581
"GRC","Q2.2021",67.566768543956,-5.11518570084292,0.737730454079891,1.50221918743599,0.0160037555479686,0.777249061113008,0,2.22033762858356
"GRC","Q3.2021",53.0572516025641,-2.76972815495267,0.369153294639809,0,0,0,0,3.70393670303625
"GRC","Q4.2021",61.5546428571429,-1.78150452324317,0.11047925913281,0,0,0,0,-7.45883393445999
"GRC","Q1.2022",59.6108173076923,-0.106571393614972,0,0,0,0,0,-0.70347630193038
"GRC","Q2.2022",26.8873992673993,-0.328445538401635,0,0,0,0,0,-2.15613826202861
"GRC","Q3.2022",3.52564102564103,0.240419653012159,0,0,0,0,0,0.149090096011633
"GRC","Q4.2022",0,0.700162235563294,0,0,0,0,0,-1.9689425991233
"HUN","Q4.2019",0,0.149668859994285,0,0,0,0,0,-0.93139559881898
"HUN","Q1.2020",31.9642857142857,-1.25731551343982,0.280635224777701,0,0,0.0235109480011783,0,-0.79473077013175
"HUN","Q2.2020",59.3063186813187,-16.5449613341264,0.990879590304205,1.36448992763202,4.25120687039487,0.191293622373223,4.25334422930407,1.11509384070749
"HUN","Q3.2020",39.6062271062271,-7.79035463927023,0.425334422930407,0,0,0.00427471781839605,0,3.46287024273735
"HUN","Q4.2020",53.2051282051282,-7.19726539949208,0.597034876183012,0,0,0.763037130583695,0.115001715764864,3.62755415575221
"HUN","Q1.2021",70.6730769230769,-7.05028474973838,0.489882661988188,0,0,0.0624108801485823,0,0.187966051024901
"HUN","Q2.2021",56.5247161172161,-6.11836744924014,0.598460494575447,0,0,0.112425078623816,0,-0.582590230373803
"HUN","Q3.2021",20.255782967033,-6.04793106348075,0.213735890919803,0,0,0.320603836379704,0.111741123772873,3.41190399612848
"HUN","Q4.2021",21.8779109432234,-4.76747125809568,0,0,0,0.213735890919803,0,-2.05705482053536
"HUN","Q1.2022",15.1110416666667,-4.67775459504045,0,0,0,0,0,0.120469574058362
"HUN","Q2.2022",0,-4.93341514298301,0,0,0,0,0,1.23354173336057
"HUN","Q3.2022",0,-7.04909827916335,0,0,0,0,0,-0.471589911804564
"HUN","Q4.2022",0,-8.92441503425568,0,0,0,0,0,-1.42540781932242
"IRL","Q4.2019",0,-0.202745144219119,0,0,0,0,0,-2.9637667075198
"IRL","Q1.2020",24.1071428571429,1.36945753888884,1.03960618593778,0.193872504945154,0.0421461967272073,2.51078942636217,0.122223970508901,3.98061570810917
"IRL","Q2.2020",80.9294871794872,-4.56022070285207,0.572765155772343,0.799372864592699,0.702436612120122,0.00842923934544147,0.0674339147635317,4.37397040482309
"IRL","Q3.2020",44.1792582417582,4.94472824433592,0.884789156626506,0.141189759036145,0,0.26636396331595,0,0.135575962710448
"IRL","Q4.2020",67.5423534798535,0.566666939075036,0.612833396365312,0,0,0.0944074806689444,0,-3.6038058854845
"IRL","Q1.2021",84.3177655677656,8.59278065958714,0.0763689084696997,0,0,0.08063972307139,0,4.38883888475494
"IRL","Q2.2021",62.1794871794872,9.74839760179804,1.47601600431577,0,0,0,0,0.872895644999005
"IRL","Q3.2021",34.3654212454212,11.1317790670106,0.0474847149793203,0,0.561949289696098,1.06993177935623,0,-1.23880486366381
"IRL","Q4.2021",34.7867445054945,7.36799592427341,0.0245852814242043,0,0,0.112670832584068,1.3537358388779,-1.32056268612252
"IRL","Q1.2022",12.5810828754579,9.8111737046283,0,0,0,0,0,-0.861957552102069
"IRL","Q2.2022",0,10.9039410504277,0,0,0,0,0,-1.38618257040489
"IRL","Q3.2022",0,11.2835439709879,0,0,0,0,0,-1.07151707784322
"IRL","Q4.2022",0,7.94277714688766,0,0,0,0,0,-3.22706405054793
"ISL","Q4.2019",0,-0.774880880364942,0,0,0,0,0,4.59516541793076
"ISL","Q1.2020",22.827380952381,-7.89810467172464,1.82319894249835,0,0.92531394580304,0.660938532716457,0,0.345544870107517
"ISL","Q2.2020",40.9455128205128,-15.2179267319344,0.175148711169861,1.08393919365499,0,0.555188367481824,0.0330469266358229,5.11744622065913
"ISL","Q3.2020",34.8557692307692,-12.2733609025235,0,0,0.53536021150033,0,0,-1.55909045435115
"ISL","Q4.2020",42.2275641025641,-9.05136132724773,1.52141440846001,0,0,0,0,0.297950772843109
"ISL","Q1.2021",37.8319597069597,-13.0002125294278,0.763384005287508,0,0,2.2207534699273,0,4.19267281447976
"ISL","Q2.2021",38.4615384615385,-10.6423893596759,0,0,0,0.0991407799074686,0,0.870637401057422
"ISL","Q3.2021",19.2193223443223,-8.55183888330851,0,0,0,0,0,-2.8400332768048
"ISL","Q4.2021",26.3049450549451,-6.86993888998919,0.442828816920026,0,0,0,0,-1.09188418957113
"ISL","Q1.2022",19.2352850274725,-7.97309382748041,0,0,0,0,0,0.245951431714502
"ISL","Q2.2022",0,-5.8885916228959,0,0,0,0,0,1.87516387747702
"ISL","Q3.2022",0,-5.12750909000319,0,0,0,0,0,-2.37309760826803
"ISL","Q4.2022",0,-1.83022118285332,0,0,0,0,0,1.00502596470123
"ISR","Q4.2019",0,-0.74477742849755,0,0,0,0,0,0.16539611246035
"ISR","Q1.2020",44.3452380952381,-3.53045797385983,0.892838736690056,0.426515320074868,0.995202413508025,3.73911763932301,0.781944753470591,0.618407258900604
"ISR","Q2.2020",75.5608974358974,-12.0232948893942,1.22765326294883,0.995202413508025,0.426515320074868,0.680220849632735,0.000177714716697861,4.07588798641871
"ISR","Q3.2020",47.1153846153846,-5.29601172831675,0.0284343546716578,0,0,1.24755731121899,0,3.79854332015725
"ISR","Q4.2020",63.3699633699634,-3.67327264328026,0.0492625194686472,0,0,0,0,2.17675731422905
"ISR","Q1.2021",65.2228937728938,-4.05838102391917,0.341923114926685,0,0,0.0497601206754012,0.867247817485564,2.38121684123479
"ISR","Q2.2021",36.4252197802198,-1.66215217068926,0.177714716697862,0,0,0,0,2.02642719581635
"ISR","Q3.2021",36.1986378205128,-1.01808563529685,0.174160422363904,0,0,0,0,-1.82227552051417
"ISR","Q4.2021",44.3063713369963,2.54786339128568,0.0106628830018717,0,0,0,0,-0.344847311416089
"ISR","Q1.2022",27.8404178113553,0.873029634661121,0,0,0,0,0,-1.49082897179048
"ISR","Q2.2022",6.02106227106227,1.64829953486345,0,0,0,0,0,0.373412956994898
"ISR","Q3.2022",4.16666666666667,0.460430020944376,0,0,0,0,0,-2.85131527263496
"ISR","Q4.2022",4.16666666666667,1.37376298913146,0,0,0,0,0,-0.399489469813872
"ITA","Q4.2019",0,-1.05653042010026,0,0,0,0,0,-2.09841948920624
"ITA","Q1.2020",65.3869047619048,-6.90742404177636,1.91311011850654,0,6.01343092805419,0,0.271303627916864,1.47413786951545
"ITA","Q2.2020",74.4848901098901,-18.7195545606609,1.40126925346751,1.06283895472586,13.6490897343742,0.0335633354123955,0.59854614818772,3.03764016711605
"ITA","Q3.2020",58.3218864468864,-7.41244096556522,1.20268618561084,0.699236154424906,0,0.22375556941597,0,3.52574388074383
"ITA","Q4.2020",68.8186813186813,-7.37310726952976,0,0.00279694461769962,0,0.302070018711559,0,-1.27191282982011
"ITA","Q1.2021",66.1057692307692,-6.06155180691201,0,0,0,0,0,4.28712479299796
"ITA","Q2.2021",59.2834249084249,-3.90929669815455,0.190192234003574,0.0237740292504468,0,0,0,1.29148691014149
"ITA","Q3.2021",45.7091311813187,-1.87616003070989,2.93679184858461,0,0,0.363602800300951,0.44751113883194,-0.320717547080562
"ITA","Q4.2021",43.1690052655678,-0.517806924086588,0.00493940419485754,0,0,0.00279694461769962,0,-1.69926518006611
"ITA","Q1.2022",41.0597836538462,-0.0348281452684538,0,0,0,0,0,2.4348396793612
"ITA","Q2.2022",17.9822756410256,1.27429913224485,0,0,0,0,0,-0.943066888979757
"ITA","Q3.2022",7.97228021978022,1.1830709770127,0,0,0,0,0,-2.08270103794706
"ITA","Q4.2022",7.43609693877551,0.761399290227613,0,0,0,0,0,-1.52545751959872
"JPN","Q4.2019",0,-2.65101232472707,0,0,0,0,0,-2.88779913187983
"JPN","Q1.2020",30.0595238095238,-2.25529263920965,0,0,0,0,0,-1.45283637043806
"JPN","Q2.2020",27.2779304029304,-9.82609571889517,1.24776076278532,12.2380092458827,11.9365790234036,2.86745160358278,0.73522825772898,5.40304706112204
"JPN","Q3.2020",23.6378205128205,-5.05766730523216,0,0.487575845131465,0,0,0,6.64608867973553
"JPN","Q4.2020",31.0897435897436,-3.56900540740031,1.28214388904941,0,0,1.91418665125686,0.632042762207454,2.26782547583338
"JPN","Q1.2021",40.8253205128205,-3.44681277482674,0,0,0,0,0,-1.01522486060631
"JPN","Q2.2021",40.0297619047619,-2.95447373134139,0,0,0,0,0,1.20238349956108
"JPN","Q3.2021",40.625,-3.45052603288436,0,0,0,0,0,1.15963479508929
"JPN","Q4.2021",40.625,-2.48839877870326,2.14845781566021,0.449562987575845,0,0.557678416642589,0.533227390927478,0.773827632766057
"JPN","Q1.2022",40.3044871794872,-3.07388472590667,0,0,0,0,0,-0.189675899731725
"JPN","Q2.2022",35.7321268315018,-2.30159403049626,0,0,0,0,0,1.4331568897608
"JPN","Q3.2022",29.5516735347985,-2.8192525541332,0,0,0,0,0,-0.420621860017974
"JPN","Q4.2022",29.4413919413919,-2.68578142656607,0,0,0,0,0,-5.05722883394992
"KOR","Q4.2019",0,-0.272161972054092,0,0,0,0,0,-1.25712424792426
"KOR","Q1.2020",55.6845238095238,-2.27736887302558,0.130273483645311,3.20472769767464,0.880648749442299,0.325063607331125,0.109429726262061,3.142989097152
"KOR","Q2.2020",45.5242673992674,-5.64857861608444,0.00275658691393477,0,2.39703209907371,0.745164326451176,0,1.38676723952841
"KOR","Q3.2020",34.5695970695971,-4.26813792124434,1.08387538392898,1.04218786916248,0,1.50596147093979,0.135484422991123,0.304843225940083
"KOR","Q4.2020",46.5716575091575,-3.46534633422788,0.239703209907371,0,0,0,0.0416875147664994,-0.629717812221472
"KOR","Q1.2021",54.4070512820513,-2.71814279950982,0.13027348364531,0.484617359160555,0.182382877103435,0,0.218859452524122,1.23306072664843
"KOR","Q2.2021",47.4587912087912,-2.08978738500927,0,0,0,0,0,0.373753071253233
"KOR","Q3.2021",33.322393543956,-2.81266087844954,0.771219023180238,0.198015695140872,0,0,0.255336027944809,-0.257285166787867
"KOR","Q4.2021",32.6534558150183,-2.02980190913809,0.125062544299498,0,0,0,0,0.64527995025523
"KOR","Q1.2022",36.3449954212454,-2.38047046873888,0,0,0,0,0,1.68067037062796
"KOR","Q2.2022",9.51236263736264,-2.241873589227,0,0,0,0,0,-0.694179736672872
"KOR","Q3.2022",3.125,-2.48226087558048,0,0,0,0,0,-0.686776677557667
"KOR","Q4.2022",0.159438775510204,-3.55604622384571,0,0,0,0,0,0.228927315973813
"LTU","Q4.2019",0,0.257505511938434,0,0,0,0,0,0.639241316159705
"LTU","Q1.2020",35.0595238095238,-1.2634673176111,2.06470794706089,0,0,1.57950157950158,0,-2.09983655437338
"LTU","Q2.2020",65.2586996336996,-7.47679578007125,0.562632915574092,0.825883178824355,1.93153428447546,1.92637251460781,0,6.11996088998437
"LTU","Q3.2020",32.1886446886447,-3.04122218969677,0.083620671855966,0.144529556294262,0,0.0123882476823653,0.211839035368447,3.81610088790102
"LTU","Q4.2020",53.1021062271062,-3.72335312755285,0.526500526500526,0.0619412384118266,0.18582371523548,0,0,0.750123400722913
"LTU","Q1.2021",71.0164835164835,-2.6259715138898,1.18307765366589,0,0,0,0,-0.859675516691077
"LTU","Q2.2021",43.1349370421245,-2.48713168745449,0.261804967687321,0,0,0,0,-0.660629026792087
"LTU","Q3.2021",21.3575183150183,-1.74786271414577,0,0,0,0,0,1.08805830136886
"LTU","Q4.2021",27.2416437728938,-1.55849004280405,0,0,0,0,0,-0.514684044235175
"LTU","Q1.2022",12.5736813186813,-1.72479294711278,0,0,0,0,0,-3.55715329369192
"LTU","Q2.2022",2.72435897435897,-4.24874303805989,0,0,0,0,0,-0.489672468604113
"LTU","Q3.2022",0,-4.22044706252831,0,0,0,0,0,-1.04203786454677
"LTU","Q4.2022",0,-5.62877065620495,0,0,0,0,0,1.80610463225134
"LUX","Q4.2019",0,0.148041308943325,0,0,0,0,0,4.46532331729165
"LUX","Q1.2020",35.7142857142857,-1.09656222535019,2.59944228981698,0,0.168274624186673,0.0176287701528895,0.395846020705792,-2.18660906643123
"LUX","Q2.2020",54.5787545787546,-8.36273319139697,0.389435558832014,0.243597551203564,0.253213244014231,0.0657072342062246,0,-0.260398363602448
"LUX","Q3.2020",31.2156593406593,-1.1535453388394,0.259623705888009,0,0,0,0,3.45468569012108
"LUX","Q4.2020",49.5306776556776,-0.90982652967864,0.267636783230232,0,0,0,0,0.225335313277299
"LUX","Q1.2021",50.0801282051282,1.38663318097558,0.0837767236129363,0,0,0.0240392320266675,0,1.42206764679642
"LUX","Q2.2021",39.6863553113553,0.745417564349111,0.253213244014231,0,0,0,0,-1.24631990712015
"LUX","Q3.2021",31.0782967032967,1.07768203526428,0,0,0,0,0,-0.654856398188876
"LUX","Q4.2021",37.4252804487179,2.61606350479599,0,0,4.00653867111125,0,0,1.53431138180895
"LUX","Q1.2022",37.6048592032967,-0.862255115342748,0,0,0,0,0,-3.3283510598016
"LUX","Q2.2022",14.3665178571429,-2.02796021391912,0,0,0,0,0,3.76248611104267
"LUX","Q3.2022",9.009375,-1.83173276536339,0,0,0,0,0,-0.83330552423854
"LUX","Q4.2022",0.459661989795918,-3.09182929585243,0,0,0,0,0,1.16612007053402
"LVA","Q4.2019",0,-1.91235205574863,0,0,0,0,0,0.280436189392994
"LVA","Q1.2020",26.3690476190476,-2.96706112464677,3.26814542590891,0.820317626985169,3.00236251476572,0,0.0262501640635254,0.522081647054073
"LVA","Q2.2020",50.2747252747253,-13.2143985684985,0.154777529859562,0.820317626985169,0,0.246095288095551,0,3.51321358697685
"LVA","Q3.2020",36.4010989010989,-4.54348714397806,0.230345189657435,0.328127050794068,1.4765717285733,0,0,2.8373232736314
"LVA","Q4.2020",40.521978021978,-4.78833947107737,1.83147394671217,0.0328127050794067,0.787504921905762,0,0,-1.07465568835397
"LVA","Q1.2021",53.5141941391941,-5.25066605068965,0,0,0,0,0,1.17021950605011
"LVA","Q2.2021",47.5389194139194,-5.03857714508183,0,0,0,0,0,-1.65360692691457
"LVA","Q3.2021",33.1845238095238,-0.0782771670467813,0.00213282583016144,0,0,0,0,4.13321304880416
"LVA","Q4.2021",39.8946485805861,-0.856988999557679,0,0,0,0,0,2.69861432394992
"LVA","Q1.2022",31.2503743131868,-1.97028993604802,0,0,0,0,0,-1.34700464102629
"LVA","Q2.2022",2.1418315018315,-2.77987089516651,0,0,0,0,0,0.725249785995082
"LVA","Q3.2022",0,-3.45489009217963,0,0,0,0,0,-2.00455771008426
"LVA","Q4.2022",0,-3.79990665642242,0,0,0,0,0,3.79693416353692
"MEX","Q4.2019",0,-1.68890942446712,0,0,0,0,0,0.0576072768189402
"MEX","Q1.2020",12.5892857142857,-5.48358409696939,0,0.0020629088169548,0.226094806338246,0.0288807234373672,0,0.165807589926488
"MEX","Q2.2020",73.5004578754579,-19.4380293669414,0.268178146204124,0.232696114552501,0,0.980294269816921,0.020629088169548,0.62717246199581
"MEX","Q3.2020",57.3660714285714,-12.4600689032777,0.145872408264508,0,0,0,0,-0.493268449390354
"MEX","Q4.2020",56.2328296703297,-10.1524740735948,0,0,0,0.000907679879460112,0.0268178146204124,-0.18881455984719
"MEX","Q1.2021",45.5242673992674,-10.7547541577081,0,0.0082516352678192,0,0,0,0.081324425984171
"MEX","Q2.2021",28.6057692307692,-6.12227747645848,0,0,0,0,0.0384072363540645,0.294284733026955
"MEX","Q3.2021",33.7339743589744,-6.79575187697791,0,0,0,0,0,0.253144707110261
"MEX","Q4.2021",25.1945970695971,-6.34695948508242,0,0,0,0,0,0.0471927029653152
"MEX","Q1.2022",25.3763472985348,-6.94236071189037,0,0,0,0,0,0.0291309212999593
"MEX","Q2.2022",13.9729166666667,-4.98006730376006,0,0,0,0,0,0.0235165091804888
"MEX","Q3.2022",13.9652014652015,-5.08064979101107,0,0,0,0,0,0.0728479752615723
"MEX","Q4.2022",3.125,-4.94618142549159,0,0,0,0,0,-0.0270994164379221
"NLD","Q4.2019",0,-0.562406545495298,0,0,0,0,0,-1.2546177676435
"NLD","Q1.2020",32.1130952380952,-2.19139481827913,2.45307912278601,0.00308547887249197,1.44153572922825,0,0,1.92073691711091
"NLD","Q2.2020",68.0288461538461,-10.8711397577235,1.82216040293886,0.232028011211396,1.5735942249709,0.0635608647733346,0,4.90287217079349
"NLD","Q3.2020",41.4262820512821,-5.60136000353861,0.185128732349518,0.123912831519277,0.296205971759229,0.000308547887249197,0,-0.871336112238964
"NLD","Q4.2020",59.7069597069597,-5.85164481357711,0,0,0,0,0,-1.5992125981458
"NLD","Q1.2021",75.5837912087912,-5.44513834929626,0.704723374477166,0.0333231718229133,0.0370257464699036,1.08176889269568,0.0888617915277687,1.53610488855397
"NLD","Q2.2021",65.121336996337,-2.328193328381,0,0,0.0475163746363763,0,0,2.32214790860863
"NLD","Q3.2021",32.3070970695971,-1.13041654573036,0.286332439367255,0,0,0,0,-1.64114535665071
"NLD","Q4.2021",37.7853617216117,-1.67210404193753,0,0,0,0,0,-0.509958157299629
"NLD","Q1.2022",36.1424221611722,-1.01969586142994,0,0,0,0,0,-1.20297407172832
"NLD","Q2.2022",5.92627174908425,0.725445451211041,0,0,0,0,0,2.24339674047035
"NLD","Q3.2022",4.61473214285714,0.261485884826577,0,0,0,0,0,-1.58087026240577
"NLD","Q4.2022",0,-0.529377452872838,0,0,0,0,0,1.28187052343735
"NOR","Q4.2019",0,0.272948809054433,0,0,0,0,0,1.97042442522926
"NOR","Q1.2020",31.1309523809524,-1.06903968046963,0.750670543421913,1.48195731061375,1.57774922802984,0.0490229224423558,0.304280208262898,2.08983730701505
"NOR","Q2.2020",56.1927655677656,-6.56425551819217,0.670543421912683,0.0422611400365136,0.563481867153515,0.037189803232132,0,-1.01808689373479
"NOR","Q3.2020",31.547619047619,-3.56549656404575,0,0,0,0,0,-0.109025400572087
"NOR","Q4.2020",37.0650183150183,-3.18893549909855,0,0,0,0,0,1.00627436914855
"NOR","Q1.2021",60.4510073260073,-1.84013016420313,0,0,0,0.0239479793540244,0,-0.968164921147007
"NOR","Q2.2021",54.3269230769231,-3.53534187225205,0.100018031419749,0,0,0.0126783420109541,0,-2.61150500681846
"NOR","Q3.2021",36.7101648351648,0.601277886799172,0,0,0,0,0,-0.572621928990326
"NOR","Q4.2021",17.9029304029304,-0.248303608033327,0.0972006220839813,0,1.40870466788379,0,0,1.87637096126848
"NOR","Q1.2022",19.1964285714286,-0.78691381015278,0,0,0,0,0,-1.62237847500206
"NOR","Q2.2022",0,-0.00369758309649905,0,0,0,0,0,0.468755930372904
"NOR","Q3.2022",0,2.17541479808542,0,0,0,0,0,1.31216990237124
"NOR","Q4.2022",0,0.145037571876444,0,0,0,0,0,2.14894440126129
"NZL","Q4.2019",0,-0.694540529413245,0,0,0,0,0,-1.98336756131759
"NZL","Q1.2020",30.922619047619,-2.43687771754998,6.9950538609215,0.323298848122867,2.08311113481229,0.933233788395904,0,8.62785272006296
"NZL","Q2.2020",56.2843406593407,-12.9652082082736,1.70168515358362,0.887571992320819,0,0.399957337883959,0,6.41465806862595
"NZL","Q3.2020",26.8830128205128,-1.71529906423685,0.340163715870307,0.0316632892491468,0,2.07311220136519,0,1.07083686789892
"NZL","Q4.2020",13.9938186813187,-2.17134105773835,0.103655610068259,0,0,0,0,1.60301289090658
"NZL","Q1.2021",17.5080128205128,-1.05468854519534,0.970563139931741,0,0,0.0147984215017065,1.99378732935154,-3.45186212092341
"NZL","Q2.2021",12.5,-1.08158776730166,0,0,0,1.56649957337884,0,-0.392248208124371
"NZL","Q3.2021",40.8882783882784,-6.13075571138836,0,0,0,0,0,3.21040598792383
"NZL","Q4.2021",50.7282738095238,-3.33885666162763,0.10132252559727,0,0.0666595563139932,0,0,4.36508504091306
"NZL","Q1.2022",40.7255551739927,-4.15019118642713,0,0,0,0,0,-1.79926500957703
"NZL","Q2.2022",10.1047161172161,-3.77671920340639,0,0,0,0,0,0.986575175697865
"NZL","Q3.2022",3.72587912087912,-2.25521478291833,0,0,0,0,0,1.83875091676452
"NZL","Q4.2022",0,-3.29797762211888,0,0,0,0,0,0.694681827263722
"POL","Q4.2019",0,-0.575979030851684,0,0,0,0,0,-0.620870413245129
"POL","Q1.2020",26.4880952380952,-1.19147945299101,1.3195188506463,0,3.25481316492754,1.3195188506463,0.329879712661575,2.64631606298339
"POL","Q2.2020",71.8635531135531,-11.1728865808895,3.15655299451608,0.259505373960439,0,0.404652447531532,0,4.76477523491767
"POL","Q3.2020",30.8264652014652,-6.48613866424224,0.00624572255972582,0,0,0.17593584675284,0,1.83547654002865
"POL","Q4.2020",56.4903846153846,-7.48875809733067,0.270501364382492,0.0285895750973365,0,0,0,0.0762437321583249
"POL","Q1.2021",68.0059523809524,-6.46828456940345,1.84732639090482,0,0,0,0,1.03873798870447
"POL","Q2.2021",59.4189571886447,-5.25459560566873,0,0,0,0,0,0.460218355552584
"POL","Q3.2021",30.4833527930403,-4.47527998017803,0,0,0,0,0,0.213896762006009
"POL","Q4.2021",30.8686217948718,-3.75101979789848,0,0,0,0,0,-1.12729647347167
"POL","Q1.2022",30.182480540293,-1.78145359850176,0,0,0,0,0,-0.448995877490276
"POL","Q2.2022",4.16666666666667,-4.05258765838329,0,0,0,0,0,-1.20559060610665
"POL","Q3.2022",4.16666666666667,-4.69044726671175,0,0,0,0,0,-0.773848973314557
"POL","Q4.2022",4.16666666666667,-7.37747797038652,0,0,0,0,0,-0.747561606489974
"PRT","Q4.2019",0,0.0186916609238312,0,0,0,0,0,-1.75038765207502
"PRT","Q1.2020",36.1904761904762,-4.90617524653506,1.59428412639353,0.164844739804353,7.67705502517415,0.282590982521748,0,1.64831829941248
"PRT","Q2.2020",66.9299450549451,-19.7776302904683,0.137998596464787,0.785131946439589,0,0.264922610391387,0,-0.403119715080607
"PRT","Q3.2020",52.1863553113553,-8.92059615322526,0.33581228423001,0.54869749106306,0,0.525383735005016,0,4.7628987694699
"PRT","Q4.2020",58.6881868131868,-9.24797762941575,0.475694820578275,0,0.376787976695664,0.211943236891311,0,1.09584969713103
"PRT","Q1.2021",73.4546703296703,-12.5089895719015,0.390789903966164,0,0,0.0286358862288704,0,-0.541608031773009
"PRT","Q2.2021",61.4583333333333,-9.10593528783333,0,0,0,0.0941969941739159,0,1.78786443019231
"PRT","Q3.2021",49.5910485347985,-6.53526983813935,0,0,0,0,0,-1.69579611031358
"PRT","Q4.2021",33.5087385531136,-5.36935005301689,0,0.0047098497086958,0,0,0,-1.05910610502768
"PRT","Q1.2022",20.0778388278388,-4.65222343836145,0,0,0,0,0,0.418450278211679
"PRT","Q2.2022",4.17811355311355,-4.95030355406785,0,0,0,0,0,0.157996039546745
"PRT","Q3.2022",2.88461538461538,-4.54405723054689,0,0,0,0,0,-2.08389387834634
"PRT","Q4.2022",0,-4.53277840687094,0,0,0,0,0,-4.99940452512008
"SVK","Q4.2019",0,-0.48895314810544,0,0,0,0,0,-0.700907012115962
"SVK","Q1.2020",36.7261904761905,-3.44508628948689,0,0,0,0.0609529472980004,0,0.546252445081279
"SVK","Q2.2020",61.1836080586081,-11.5535889735545,2.68224825052298,2.35422794703253,0.0801597947819113,0.0643510210149622,0,8.72771138972947
"SVK","Q3.2020",27.415293040293,-3.47061808689972,0,0.0265474509137633,0,0,0.0849518429240424,2.941281885862
"SVK","Q4.2020",56.0782967032967,-3.36076289977965,0.190929266971785,0,0,0,0,-3.10747188866743
"SVK","Q1.2021",62.4542124542124,-3.04530029361037,0.00849518429240424,0,0,0,0,0.814343679495316
"SVK","Q2.2021",53.112847985348,-2.73671863964779,1.15746885984008,0,0,0,0,2.79622897818202
"SVK","Q3.2021",24.0562831959707,-2.83663901681212,0.0106189803655053,0.0690233723757845,0,0,0,0.143482470371744
"SVK","Q4.2021",30.3451104624542,-3.2230071064216,1.06189803655053,0,0,0,0,-0.295063935949031
"SVK","Q1.2022",32.2825732600733,-4.16350455950541,0,0,0,0,0,-0.92626525392123
"SVK","Q2.2022",2.44605196886447,-5.13647227497786,0,0,0,0,0,-0.391414475880559
"SVK","Q3.2022",0,-5.63290571607939,0,0,0,0,0,0.465344695095524
"SVK","Q4.2022",0,-5.94372879402338,0,0,0,0,0,0.185186528743749
"SVN","Q4.2019",0,-1.08107708990739,0,0,0,0,0,-2.55160442492858
"SVN","Q1.2020",30.8333333333333,-4.40713162202215,4.16605911637886,0,0.416605911637886,0,0,5.98707172089117
"SVN","Q2.2020",57.7209249084249,-14.7433952302522,1.84452267377674,0.627825108838294,4.31204436770552,0.718645197575354,0.62074280834045,7.68715628258543
"SVN","Q3.2020",41.1057692307692,-5.86517097311865,0.624908867456829,0,0,0,0,-0.740971458468451
"SVN","Q4.2020",69.8832417582417,-8.90616149537995,4.11751827858437,0,0,0,1.68996188055909,-0.132409238760232
"SVN","Q1.2021",68.1318681318681,-5.85019762187301,0.736225967046472,0,0,0,0,6.88306049298423
"SVN","Q2.2021",49.9049381868132,-5.6585109016134,0.0323286187431,0,0,0,0,-2.88855918773775
"SVN","Q3.2021",35.363801510989,-4.10511590416144,0.0851959089299477,0,0,0,0,1.28182235340861
"SVN","Q4.2021",42.8533985805861,-3.90402005094106,0.00833211823275772,0,0,0,0,-4.20492290634594
"SVN","Q1.2022",27.8941678113553,-5.0220265172344,0,0,0,0,0,3.27006043826579
"SVN","Q2.2022",1.82542124542125,-5.30554110329846,0,0,0,0,0,-0.340598593154297
"SVN","Q3.2022",0,-6.50261255650948,0,0,0,0,0,-2.33289700617284
"SVN","Q4.2022",0,-6.91233615789814,0,0,0,0,0,-1.8437908595304
"SWE","Q4.2019",0,0.761786777732311,0,0,0,0,0,0.623581535115274
"SWE","Q1.2020",21.5178571428571,0.236290275298862,1.86207315458095,1.55338723055951,3.08685924021441,0,0,0.503845829496107
"SWE","Q2.2020",59.1804029304029,-8.86393911594363,0.813536773953281,0.170275138734408,0.0171935542716814,0.70101577584224,0.754786872284684,1.26769288041694
"SWE","Q3.2020",52.2435897435897,-4.12254432555184,0,0,0,0,0,0.902085567560118
"SWE","Q4.2020",54.8534798534798,-3.33128742156066,0,0,0,0,0,0.989466253417028
"SWE","Q1.2021",63.9669436813187,-1.43733218698789,0.135463332593151,0,0,0,0,0.262730682623729
"SWE","Q2.2021",57.0376510989011,-1.20613191705499,0.061338880386196,0,0,0,0,-0.559240903399793
"SWE","Q3.2021",29.6056936813187,-2.14578770562476,0,0,0.0597456627138272,0,0,-1.45517705861729
"SWE","Q4.2021",7.02137133699634,-0.680161770723187,0,0,0,0,0,0.43764823784953
"SWE","Q1.2022",18.3229853479853,-1.45861535885144,0,0,0,0,0,-0.0510987238598801
"SWE","Q2.2022",0.216043956043956,-1.28023959897115,0,0,0,0,0,-0.241373826391317
"SWE","Q3.2022",0,-2.38091908539565,0,0,0,0,0,-0.267914101361438
"SWE","Q4.2022",0,-3.67068891634765,0,0,0,0,0,-0.559501910156158
"TUR","Q4.2019",0,-1.05071082221705,0,0,0,0,0,2.19645999209003
"TUR","Q1.2020",42.8273809523809,-1.65308614540242,1.1249502626157,0,7.26819716998623,0.0932829127230717,0.0050923674439394,4.01597332724565
"TUR","Q2.2020",67.6167582417582,-12.7066364995268,0.587936968527549,0,1.02564909745889,0.167261123408664,0,4.59946449162008
"TUR","Q3.2020",48.08836996337,0.00908611642553784,0.36706710420905,0,0,0,0,2.80038260981699
"TUR","Q4.2020",61.3324175824176,0.307370164858916,0,0,0,0,0,-3.24449455475958
"TUR","Q1.2021",68.2864010989011,2.00926164812304,0,0,0,0,0,1.11309048646845
"TUR","Q2.2021",61.6128663003663,2.6508062429696,0.14538709052447,0,0,0.130225723816378,0,-0.347128588139661
"TUR","Q3.2021",29.2382783882784,5.235712628327,0.177793065167721,0.0185176997961433,0,0,0.449054220056474,-1.37513250126393
"TUR","Q4.2021",29.6105128205128,6.13956155851642,0.157168977019766,0,0,0.10471759234719,0,4.29942696929309
"TUR","Q1.2022",19.5603170787546,4.81304010327203,0,0,0,0,0,-4.03074912510625
"TUR","Q2.2022",2.99908424908425,5.55293674097888,0,0,0,0,0,-6.97865266874753
"TUR","Q3.2022",0,5.48454577330579,0,0,0,0,0,-1.63300334663678
"TUR","Q4.2022",0,5.48902472618252,0,0,0,0,0,-1.44949092300494
"USA","Q4.2019",0,0.466432501713491,0,0,0,0,0,1.39457146244244
"USA","Q1.2020",28.2589285714286,-1.48617364330352,2.09515833478163,2.42957371090911,0,3.55555451874368,2.0538206452832,1.9796320368327
"USA","Q2.2020",47.5961538461538,-9.82271538828303,1.50140727771952,0.279939206535647,1.53966563594606,0,0.425041028589958,14.2045219232746
"USA","Q3.2020",45.5586080586081,-3.44054542039555,0,0,0,0.205288751459475,0,2.41163982996346
"USA","Q4.2020",47.0409798534798,-2.96670391632037,1.07356685706421,0.0933130688452158,1.32504557760206,1.58165651692641,0.400779630690202,2.16971807751156
"USA","Q1.2021",46.9436813186813,-2.23763612676819,1.35593686904327,0.0466565344226079,0,3.60767453334717,1.77854709218981,-0.11212595057836
"USA","Q2.2021",40.0657680860806,-1.20576441572091,0,0,0,0,0,-0.403379151549345
"USA","Q3.2021",35.6952861721612,-1.02376320319122,0,0,0,0,0,-0.984670446198862
"USA","Q4.2021",35.0987866300366,0.0345555244127132,0,0,0,0,0,0.630091693370701
"USA","Q1.2022",29.2678090659341,-0.85451717534552,0,0,0,0,0,0.534255244012471
"USA","Q2.2022",18.1591746794872,-1.33044781287588,0,0,0,0,0,-2.6117880462651
"USA","Q3.2022",16.8477174908425,-1.24980938894926,0,0,0,0,0,0.155319845391162
"USA","Q4.2022",17.2726165674603,-1.20016984277241,0,0,0,0,0,-0.101607109358937
