Country,Quarter,ab_us,health_us,nhealth_us,acc_us,of_us,be_us,gu_us,qf_us,ab_per,ab_ppp,health_per,health_ppp,nhealth_per,nhealth_ppp,acc_per,acc_ppp,of_per,of_ppp,be_per,be_ppp,gu_per,gu_ppp,qf_us.1,qf_ppp,gdp_ppp_bn,gdp_real_bn
AUS,Q1.2020,130.0051,2.1168,127.8883,0.0,24.0029,10.3255,13.6774,0.0,8.69731177491333,10.599546192138643,0.14161344105067059,0.1725864552969005,8.55569833386266,10.426959736841743,0.0,0.0,1.6057885790793376,1.9569989738501388,0.690773613741827,0.8418563133825332,0.9150149653375106,1.1151426604676056,0.0,0.0,1226.51571721458,1494.77336635199
CAN,Q1.2020,81.0,2.4,78.6,63.75,51.7,3.7,48.0,0.0,4.774240068056559,4.699771209907165,0.1414589649794536,0.13925248029354564,4.6327811030771056,4.560518729613619,3.7575037572667362,3.6988940077973065,3.0472618705990637,2.999730512990129,0.21808257100999098,0.21468090711921622,2.8291792995890725,2.785049605870913,0.0,0.0,1723.48815255626,1696.60508992738
FRA,Q1.2020,16.5,5.5,11.0,48.5,348.0,0.0,348.0,0.0,0.630538110393977,0.5675778383927643,0.21017937013132568,0.18919261279758812,0.42035874026265135,0.37838522559517623,1.8533999002489625,1.6683348583060043,13.298621964672968,11.970732591556484,0.0,0.0,13.298621964672968,11.970732591556484,0.0,0.0,2907.09024981028,2616.81248571801
DEU,Q1.2020,143.0,11.2,131.8,0.0,1072.0,223.0,849.0,0.0,3.9751844662002656,3.436025882487833,0.3113431190310697,0.2691153138731729,3.6638413471691957,3.16691056861466,0.0,0.0,29.799984250116676,25.75818004214655,6.199063887850763,5.358278124439068,23.600920362265914,20.39990191770748,0.0,0.0,4161.78471555813,3597.31733749424
ITA,Q1.2020,22.0,3.63,18.37,0.0,591.0,0.0,591.0,0.0,1.1469339016069102,0.9411121263567402,0.18924409376514018,0.15528350084886214,0.9576898078417699,0.7858286255078781,0.0,0.0,30.81081526589472,25.281693939856066,0.0,0.0,30.81081526589472,25.281693939856066,0.0,0.0,2337.65981585712,1918.15761738117
JPN,Q1.2020,497.0,12.1906,484.8094,0.0,518.0,499.0,19.0,0.0,10.88877715515526,9.333592345811455,0.26708395731918655,0.22893780855301635,10.621693197836073,9.104654537258439,0.0,0.0,11.348866330725201,9.72796948718377,10.932595171876207,9.3711520735612,0.41627115884899385,0.35681741362257074,0.0,0.0,5324.85222823165,4564.33255009445
KOR,Q1.2020,24.0,2.5,21.5,14.0,215.0,101.0,114.0,0.0,1.465070020161209,1.1128940232744176,0.15261146043345927,0.11592646075775184,1.3124585597277498,0.9969675625166657,0.854624178427372,0.6491881802434102,13.124585597277498,9.969675625166659,6.1655030015117545,4.683429014613174,6.959082595765744,5.2862466105534835,0.0,0.0,2156.5395714307,1638.14696019506
ESP,Q1.2020,14.892900000000001,4.1786,10.7143,0.0,175.6152,11.0,164.6152,11.4316,1.124910642975805,0.8289824886619253,0.3156236604515372,0.23259313009035992,0.8092869825242677,0.5963893585715654,0.0,0.0,13.264804540977552,9.775257038109551,0.8308668609024338,0.6122922584104626,12.433937680075118,9.162964779699088,0.8634670551902056,0.6363163801131858,1796.52769554142,1323.91849014805
GBR,Q1.2020,83.000000005,6.384615385,76.61538462,0.0,423.0,423.0,0.0,0.0,2.628755024499684,2.8212212457603547,0.20221192496151416,0.2170170189046427,2.42654309953817,2.604204226855712,0.0,0.0,13.397149099956392,14.378031167286023,13.397149099956392,14.378031167286023,0.0,0.0,0.0,0.0,2941.98833677897,3157.38816403392
USA,Q1.2020,1395.0,9.45,1385.55,0.0,859.0,405.0,454.0,0.0,6.999858177403903,6.984004516424125,0.047418394104994176,0.04731099833706665,6.952439783298908,6.936693518087059,0.0,0.0,4.310306935046561,4.300544716565106,2.0322168902140363,2.027614214445714,2.2780900448325245,2.272930502119393,0.0,0.0,19974.2138871676,19928.975197
MEX,Q1.2020,7.9,7.9,0.0,0.0,3.3,3.3,0.0,0.0,0.617596982903294,0.3317003655544601,0.617596982903294,0.3317003655544601,0.0,0.0,0.0,0.0,0.25798354982036326,0.1385583805480656,0.25798354982036326,0.1385583805480656,0.0,0.0,0.0,0.0,2381.66755915225,1279.15132662444
TUR,Q1.2020,11.0,11.0,0.0,0.0,3.8,0.0,3.8,0.0,1.1032506713583083,0.47133765581692705,1.1032506713583083,0.47133765581692705,0.0,0.0,0.0,0.0,0.3811229591965065,0.1628257356458475,0.0,0.0,0.3811229591965065,0.1628257356458475,0.0,0.0,2333.78340649119,997.05355143423
AUT,Q1.2020,31.7647,0.0,31.7647,0.0,0.0,0.0,0.0,0.0,7.673568132912603,6.778650624292711,0.0,0.0,7.673568132912603,6.778650624292711,0.0,0.0,0.0,0.0,0.0,0.0,0.0,0.0,0.0,0.0,468.59916169989,413.94954015927
BEL,Q1.2020,0.0,0.0,0.0,0.0,54.0,0.0,54.0,0.0,0.0,0.0,0.0,0.0,0.0,0.0,0.0,0.0,10.90562054178165,9.724088563374462,0.0,0.0,10.90562054178165,9.724088563374462,0.0,0.0,555.32196820368,495.15751802582
CZE,Q1.2020,9.075121544448312,0.022540984,9.05258056044831,0.0,21.10423025660159,0.806964426,20.29726583060159,0.0,4.20845247484995,2.2275928706634165,0.010453045662885387,0.005532943554552756,4.197999429187065,2.2220599271088637,0.0,0.0,9.786772509678539,5.180275837650256,0.3742177357165106,0.19807869166625844,9.412554773962029,4.9821971459839975,0.0,0.0,407.3958784823,215.64034757864
DNK,Q1.2020,9.0,0.0,9.0,0.0,9.7,0.0,9.7,0.0,2.705932405509116,2.8932995220407594,0.0,0.0,2.705932405509116,2.8932995220407594,0.0,0.0,2.916393814826492,3.1183339293105963,0.0,0.0,2.916393814826492,3.1183339293105963,0.0,0.0,311.06354290108,332.60254327405
EST,Q1.2020,0.0,0.0,0.0,0.0,0.3435135079,0.166216216,0.1772972919,0.0,0.0,0.0,0.0,0.0,0.0,0.0,0.0,0.0,1.2772080118792744,0.7482067958249323,0.6180038860109583,0.36203555181215297,0.659204125868316,0.3861712440127794,0.0,0.0,45.91157281875,26.89565871064
FIN,Q1.2020,4.352352529,0.028823529,4.323529,4.5,13.1,1.1,12.0,0.0,1.7085190625524533,1.714048829422152,0.011314696688378813,0.011351317663970748,1.6972043658640745,1.7026975117581813,1.7664781816863806,1.7721955381614918,5.142414262242575,5.159058122203454,0.4318057777455597,0.4332033537728091,4.710608484497015,4.725854768430645,0.0,0.0,253.92231856471,254.7441596875
GRC,Q1.2020,6.366461,0.000541,6.36592,0.0,2.2164,1.1082,1.1082,0.0,3.122298712684829,2.1112823412204826,0.00026532222589009696,0.0001794095254176977,3.122033390458939,2.111102931695065,0.0,0.0,1.0869873964192438,0.7350152904543165,0.5434936982096219,0.36750764522715823,0.5434936982096219,0.36750764522715823,0.0,0.0,301.5447472705,203.90300819506
ISL,Q1.2020,0.8825382044332963,0.021328006607137996,0.8612101978261584,0.0,0.9193106296180171,0.0,0.9193106296180171,0.0,4.257299622701778,4.628095833725632,0.10288474088195963,0.11184564931503611,4.154414881819818,4.516250184410596,0.0,0.0,4.434687106981019,4.820933160130867,0.0,0.0,4.434687106981019,4.820933160130867,0.0,0.0,19.06914282116,20.72999982729
IRL,Q1.2020,23.434808652685703,2.286322795383971,21.148485857301733,2.8579034942299635,6.858968386151913,4.572645590767942,2.286322795383971,0.0,6.308725700048833,5.607879134139175,0.6154854341511056,0.5471101594282122,5.693240265897727,5.060768974710963,0.769356792688882,0.6838876992852652,1.8464563024533167,1.6413304782846365,1.2309708683022111,1.0942203188564243,0.6154854341511056,0.5471101594282122,0.0,0.0,417.89075855828,371.46659669328
ISR,Q1.2020,25.91830638288384,4.016326184192702,21.901980198691138,2.0803991745458603,11.153251130204193,0.9535162883335192,10.199734841870674,0.0,7.230454753416272,7.569671576508462,1.1204383620121092,1.1730037337064394,6.110016391404163,6.396667842802023,0.5803709501069918,0.6075990563083716,3.1114331491847054,3.257406051875436,0.2660033521323712,0.27848290080800364,2.845429797052334,2.9789231510674323,0.0,0.0,342.39670930134,358.46025273359
LVA,Q1.2020,2.6412118346100706,0.2311060355223796,2.410105799087691,0.0,1.0485610983298868,0.2311060355223796,0.8174550628075072,0.0,8.757311159401066,4.765587185659489,0.7662647264276943,0.4169888787343765,7.991046432973373,4.348598306925112,0.0,0.0,3.4766525302480353,1.8919381126882124,0.7662647264276943,0.4169888787343765,2.710387803820341,1.474949233953836,0.0,0.0,55.42258974,30.16007752305
LTU,Q1.2020,2.594976372760807,0.5715806988459927,2.0233956739148145,2.503523460945448,1.9662376040302147,0.36581164726143534,1.6004259567687795,0.0,5.381896077262369,2.671485765595394,1.1854396645952354,0.5884329880166066,4.196456412667134,2.0830527775787875,5.19222573092713,2.5773364875127363,4.077912446207609,2.0242094787771263,0.7586813853409505,0.3765971123306282,3.3192310608666586,1.6476123664464981,0.0,0.0,97.1360733484,48.21676850514
LUX,Q1.2020,3.543800332845155,0.2286322795383971,3.315168053306758,5.214588307548833,2.8579034942299635,0.0,2.8579034942299635,1.2574775374611842,5.324419564015976,5.341595126058831,0.343510939613934,0.3446190403908923,4.980908624402042,4.996976085667939,7.8347122849077095,7.859985572506376,4.293886745174174,4.307738004886154,0.0,0.0,4.293886745174174,4.307738004886154,1.889310167876637,1.8954047221499077,66.34348446884,66.55749589674
NLD,Q1.2020,22.0,0.0,22.0,45.0,0.0,0.0,0.0,0.0,2.618267037069283,2.359400041860477,0.0,0.0,2.618267037069283,2.359400041860477,5.3555462121871695,4.826045540169158,0.0,0.0,0.0,0.0,0.0,0.0,0.0,0.0,932.44043441875,840.25042856688
NZL,Q1.2020,11.088515533797038,0.31570903379703813,10.7728065,0.0,6.65220163246298,2.70583871,3.94636292246298,,5.463962448196895,5.716501530440668,0.15556837161527984,0.16275859192999773,5.3083940765816156,5.553742938510671,0.0,0.0,3.277930197854481,3.42943297476293,1.3333255526634809,1.3949505756379568,1.9446046451909997,2.034482399124973,0.0,0.0,193.97380504055,202.93908750153
NOR,Q1.2020,8.1,0.0,8.1,0.0,10.6,5.3,5.3,0.0,1.9744090578931335,2.4511712488266704,0.0,0.0,1.9744090578931335,2.4511712488266704,0.0,0.0,2.583794569588545,3.2077055848842844,1.2918972847942725,1.6038527924421422,1.2918972847942725,1.6038527924421422,0.0,0.0,330.45426768437,410.24933347112
PRT,Q1.2020,7.201916805459508,1.8290582363071768,5.3728585691523305,9.030975041766686,14.861098169995811,0.0,14.861098169995811,0.0,3.2388197867879107,2.1106625637775824,0.8225574061683585,0.5360412860387512,2.4162623806195525,1.5746212777388313,4.061377192956271,2.646703849816334,6.6832789251179126,4.355335449064854,0.0,0.0,6.6832789251179126,4.355335449064854,0.0,0.0,341.21592570296,222.36238134762
SVK,Q1.2020,2.5149550749223684,0.18290582363071767,2.3320492512916506,1.406088519161142,4.584077204744862,0.0,4.584077204744862,0.0,2.52787094908023,1.3840355185893003,0.18384515993310763,0.10065712862467636,2.3440257891471226,1.2833783899646238,1.4133096669857648,0.7738016763021995,4.60761932082351,2.5227192861559513,0.0,0.0,4.60761932082351,2.5227192861559513,0.0,0.0,181.71174374815,99.48906117369
SVN,Q1.2020,4.115381031691167,0.11431613976919908,4.001064891921968,0.0,3.3151680533067727,0.6858968386151943,2.6292712146915784,0.11431613976919908,8.162526973734263,5.4123140293972885,0.2267368603815073,0.1503420563721469,7.9357901133527555,5.261971973025141,0.0,0.0,6.5753689510637106,4.359919634792259,1.3604211622890434,0.9020523382328812,5.214947788774667,3.457867296559378,0.2267368603815073,0.1503420563721469,76.03736607555,50.41797772839
SWE,Q1.2020,11.0,0.0,11.0,0.0,25.0,0.0,25.0,0.0,2.0006500950731745,2.111306177863205,0.0,0.0,2.0006500950731745,2.111306177863205,0.0,0.0,4.546932034257215,4.798423131507285,0.0,0.0,4.546932034257215,4.798423131507285,0.0,0.0,521.00449074292,549.82128194674
CHE,Q1.2020,1.6825977,0.0,1.6825977,0.0,0.21161296000000002,0.10838709,0.10322587,0.0,0.22521425078179022,0.28479302795803385,0.0,0.0,0.22521425078179022,0.28479302795803385,0.0,0.0,0.028324212164391373,0.03581717461848563,0.014507518504731386,0.018345376053146827,0.013816693659659988,0.0174717985653388,0.0,0.0,590.81421763174,747.10978286639
CHL,Q1.2020,4.6,1.0,3.6,4.715270226,2.4,2.4,0.0,0.0,1.7559969186421984,1.0424015476762831,0.3817384605743909,0.2266090321035398,1.3742584580678074,0.8157925155727432,1.7999999972655005,1.0685228220204994,0.9161723053785382,0.5438616770484955,0.9161723053785382,0.5438616770484955,0.0,0.0,0.0,0.0,441.28867711817,261.95945739796
COL,Q1.2020,0.0,0.0,0.0,0.0,0.1,0.1,0.0,0.0,0.0,0.0,0.0,0.0,0.0,0.0,0.0,0.0,0.03111333402933561,0.014482906740415585,0.03111333402933561,0.014482906740415585,0.0,0.0,0.0,0.0,690.46912883132,321.40560669491
CRI,Q1.2020,0.717434,0.17,0.547434,0.0,0.0,0.0,0.0,0.0,1.1143308580281421,0.7863713384702169,0.2640469309578082,0.1863350880219461,0.8502839270703338,0.6000362504482708,0.0,0.0,0.0,0.0,0.0,0.0,0.0,0.0,0.0,0.0,91.23348790861,64.38249419652
HUN,Q1.2020,4.4197489986439065,0.0,4.4197489986439065,0.0,0.0,0.0,0.0,0.0,2.998798899106466,1.4262400226188992,0.0,0.0,2.998798899106466,1.4262400226188992,0.0,0.0,0.0,0.0,0.0,0.0,0.0,0.0,0.0,0.0,309.88816247971,147.38397429587
POL,Q1.2020,17.0,8.0,9.0,0.0,17.0,0.0,17.0,0.0,2.9746119470950942,1.39869015415998,1.3998173868682795,0.6582071313694025,1.5747945602268145,0.7404830227905778,0.0,0.0,2.974611947095094,1.3986901541599803,0.0,0.0,2.974611947095094,1.3986901541599803,0.0,0.0,1215.42286899201,571.50311712429
AUS,Q2.2020,0.3667152195126939,1.1544452643601866,-0.7877300448474926,0.0,0.0,0.0,0.0,0.0,0.02453316521203923,0.02989894172294058,0.07723212697973221,0.09412396825879528,-0.05269896176769298,-0.0642250265358547,0.0,0.0,0.0,0.0,0.0,0.0,0.0,0.0,0.0,0.0,1226.51571721458,1494.77336635199
CAN,Q2.2020,5.382126693131028,0.4794042231043676,4.90272247002666,-2.5626602590321923,0.0,0.0,0.0,0.0,0.3172291964160852,0.31228103803024765,0.028256677169634543,0.0278159279710348,0.2889725192464507,0.2844651100592129,-0.1510463615986135,-0.14869033217497205,0.0,0.0,0.0,0.0,0.0,0.0,0.0,0.0,1723.48815255626,1696.60508992738
FRA,Q2.2020,46.11927763545121,3.2426565634137816,42.87662107203743,12.152179908683117,27.362293780180362,18.00620675064202,9.356087029538344,0.0,1.7624219498783402,1.5864412065797067,0.1239162752819123,0.11154303047954568,1.638505674596428,1.474898176100161,0.464388639805376,0.4180186669291117,1.0456344858302906,0.9412261549831848,0.6880969442371571,0.6193893275868241,0.3575375415931336,0.32183682739636077,0.0,0.0,2907.09024981028,2616.81248571801
DEU,Q2.2020,171.35497123588817,13.935137619814569,157.41983361607362,0.0,47.12229774991067,0.0,47.12229774991067,0.0,4.76340992911256,4.1173434703459435,0.38737582238216656,0.33483561914484444,4.376034106730393,3.7825078512010992,0.0,0.0,1.309928853336424,1.132261781195743,0.0,0.0,1.309928853336424,1.132261781195743,0.0,0.0,4161.78471555813,3597.31733749424
ITA,Q2.2020,38.105763873469755,3.473408457773698,34.632355415696054,7.64982449298706,3.6063458324081847,3.6063458324081847,0.0,0.0,1.986581474232287,1.6300816575185897,0.18108045065221948,0.1485848554273132,1.8055010235800675,1.4814968020912764,0.3988110478340796,0.3272428452204965,0.1880109225503518,0.1542716270325198,0.1880109225503518,0.1542716270325198,0.0,0.0,0.0,0.0,2337.65981585712,1918.15761738117
JPN,Q2.2020,48.936400201211995,26.236916652536532,22.69948354867546,242.5593928725287,127.46855646533464,0.0,127.46855646533464,1016.8836085809857,1.0721480011398237,0.919018934305027,0.5748248262934655,0.49272572323100217,0.4973231748463582,0.42629321107402485,5.314235766355573,4.555232379717721,2.792709669296487,2.393842138745438,0.0,0.0,2.792709669296487,2.393842138745438,22.278911482029134,19.09693574573968,5324.85222823165,4564.33255009445
KOR,Q2.2020,23.759348551253893,1.2812909352111514,22.47805761604274,13.126652361297392,0.0,0.0,0.0,104.39377432263932,1.4503795525417806,1.1017348749826728,0.07821587234509067,0.05941420932800747,1.3721636801966899,1.0423206656546653,0.8013110349839647,0.608690539937037,0.0,0.0,0.0,0.0,0.0,0.0,6.372674543815579,4.840800312946819,2156.5395714307,1638.14696019506
ESP,Q2.2020,24.886187363532706,0.5205779028349076,24.365609460697797,0.0,0.13551117673291363,0.13551117673291363,0.0,-0.5032792957327725,1.8797371249607484,1.385238169458487,0.03932099345305562,0.0289768927095789,1.8404161315076928,1.3562612767489082,0.0,0.0,0.01023561327538826,0.007542949494695911,0.01023561327538826,0.007542949494695911,0.0,0.0,-0.03801437169115239,-0.028014001508676948,1796.52769554142,1323.91849014805
GBR,Q2.2020,71.61878437859879,1.8120430642510197,69.80674131434778,0.0,0.0,0.0,0.0,0.0,2.2682920394272243,2.434366699665794,0.057390569993647216,0.06159246253963506,2.210901469433577,2.372774237126159,0.0,0.0,0.0,0.0,0.0,0.0,0.0,0.0,0.0,0.0,2941.98833677897,3157.38816403392
USA,Q2.2020,1048.0,294.55,753.45,0.0,0.0,0.0,0.0,0.0,5.258674817146445,5.24676468330644,1.4779987284260356,1.4746512762098396,3.780676088720409,3.7721134070966,0.0,0.0,0.0,0.0,0.0,0.0,0.0,0.0,0.0,0.0,19974.2138871676,19928.975197
MEX,Q2.2020,4.851010795645869,-0.030228064135825683,4.8812388597816945,2.124855445602442,0.0,0.0,0.0,0.0,0.37923666220534125,0.2036812726866287,-0.0023631343302902793,-0.0012691974587160815,0.38159979653563153,0.2049504701453448,0.16611446991262058,0.08921713013376144,0.0,0.0,0.0,0.0,0.0,0.0,0.0,0.0,2381.66755915225,1279.15132662444
TUR,Q2.2020,1.6541353383458646,0.0,1.6541353383458646,9.909774436090226,42.539241635533,2.8929023177546362,39.64633931777836,15.3179177725108,0.16590235659523436,0.07087784297998902,0.0,0.0,0.16590235659523436,0.07087784297998902,0.9939059363296313,0.42462271385284334,4.266495172134099,1.8227587666110858,0.29014512947607357,0.12395761790525683,3.976350042658025,1.698801148705829,1.5363184605758096,0.6563555868083351,2333.78340649119,997.05355143423
AUT,Q2.2020,4.659729235191227,2.0488741444795067,2.61085509071172,0.0,8.4706,0.0,8.4706,0.0,1.1256756640914163,0.994395555102488,0.49495746358147613,0.43723384759097994,0.6307182005099401,0.5571617075115081,0.0,0.0,2.0462880564478647,1.8076430118381042,0.0,0.0,2.0462880564478647,1.8076430118381042,0.0,0.0,468.59916169989,413.94954015927
BEL,Q2.2020,15.736781814144809,2.2949473478961178,13.441834466248691,12.02115277469395,2.827267662189584,0.0,2.827267662189584,0.0,3.178136500256917,2.833812223393421,0.46347823962080037,0.4132642825782072,2.7146582606361167,2.4205479408152137,2.427743159918478,2.164717670647752,0.5709834869238835,0.5091222433240034,0.0,0.0,0.5709834869238835,0.5091222433240034,0.0,0.0,555.32196820368,495.15751802582
CZE,Q2.2020,1.4982174559416679,2.5089812489475802,-1.0107637930059123,1.5892575253152907,0.0,0.0,0.0,0.0,0.6947760346172214,0.3677546914620444,1.1635026919220681,0.6158582797387301,-0.4687266573048468,-0.2481035882766857,0.7369945110739159,0.39010152268497694,0.0,0.0,0.0,0.0,0.0,0.0,0.0,0.0,407.3958784823,215.64034757864
DNK,Q2.2020,0.11675143395921074,0.11675143395921074,0.0,24.284298263515833,5.084957762724759,8.701077817328729,-3.61612005460397,0.0,0.03510238761554287,0.03753298534130642,0.03510238761554287,0.03753298534130642,0.0,0.0,7.301296624032918,7.806860950991734,1.5288391100891179,1.634700651609888,2.616058714307371,2.7972026989018515,-1.087219604218253,-1.1625020472919634,0.0,0.0,311.06354290108,332.60254327405
EST,Q2.2020,0.9733,0.2239,0.7494000000000001,0.0,0.6756621620000001,0.616662162,0.059000000000000025,0.0,3.618799637783029,2.119944798759999,0.8324763576488443,0.4876766058176962,2.786323280134185,1.6322681929423026,0.0,0.0,2.5121606771902787,1.4716598027852006,2.2927944194802214,1.3431518986170716,0.21936625771005733,0.12850790416812902,0.0,0.0,45.91157281875,26.89565871064
FIN,Q2.2020,2.506615857151914,1.4572862879995812,1.0493295691523326,0.4155940100755373,2.6496896590908916,0.7260509749670601,1.9236386841238318,1.0928320704267227,0.9839738270062135,0.9871585417621034,0.572058762715999,0.5739102794259513,0.41191506429021457,0.4132482623361521,0.16314172249733033,0.16366974452055763,1.0401375491164633,1.043504042523005,0.2850118235714303,0.2859342885143166,0.755125725545033,0.7575697540086884,0.42899200192354664,0.4303804709266718,253.92231856471,254.7441596875
GRC,Q2.2020,0.0,0.0,0.0,0.0,0.0,0.0,0.0,0.0,0.0,0.0,0.0,0.0,0.0,0.0,0.0,0.0,0.0,0.0,0.0,0.0,0.0,0.0,0.0,0.0,301.5447472705,203.90300819506
ISL,Q2.2020,0.0,0.0,0.0,0.0,0.0,0.0,0.0,0.0,0.0,0.0,0.0,0.0,0.0,0.0,0.0,0.0,0.0,0.0,0.0,0.0,0.0,0.0,0.0,0.0,19.06914282116,20.72999982729
IRL,Q2.2020,0.0,0.0,0.0,0.0,0.0,0.0,0.0,0.0,0.0,0.0,0.0,0.0,0.0,0.0,0.0,0.0,0.0,0.0,0.0,0.0,0.0,0.0,0.0,0.0,417.89075855828,371.46659669328
ISR,Q2.2020,0.0,0.0,0.0,0.0,0.0,0.0,0.0,0.0,0.0,0.0,0.0,0.0,0.0,0.0,0.0,0.0,0.0,0.0,0.0,0.0,0.0,0.0,0.0,0.0,342.39670930134,358.46025273359
LVA,Q2.2020,0.0,0.0,0.0,0.0,0.0,0.0,0.0,0.0,0.0,0.0,0.0,0.0,0.0,0.0,0.0,0.0,0.0,0.0,0.0,0.0,0.0,0.0,0.0,0.0,55.42258974,30.16007752305
LTU,Q2.2020,0.0,0.0,0.0,0.0,0.0,0.0,0.0,0.0,0.0,0.0,0.0,0.0,0.0,0.0,0.0,0.0,0.0,0.0,0.0,0.0,0.0,0.0,0.0,0.0,97.1360733484,48.21676850514
LUX,Q2.2020,0.0,0.0,0.0,0.0,0.0,0.0,0.0,0.0,0.0,0.0,0.0,0.0,0.0,0.0,0.0,0.0,0.0,0.0,0.0,0.0,0.0,0.0,0.0,0.0,66.34348446884,66.55749589674
NLD,Q2.2020,11.987077390271075,0.7649824492987058,11.222094940972369,-14.13464226231639,33.44066135505772,0.0,33.44066135505772,0.0,1.4266077091702383,1.2855595861995615,0.0910421968606966,0.0820408919499044,1.3355655123095416,1.203518694249657,-1.6821939961904273,-1.5158761611541889,3.9798446056247383,3.5863589909529647,0.0,0.0,3.9798446056247383,3.5863589909529647,0.0,0.0,932.44043441875,840.25042856688
NZL,Q2.2020,26.55939511122217,0.199134188698951,26.360260922523217,0.0,0.10277359010924991,0.0,0.10277359010924991,0.0,13.087372885236775,13.692258656095321,0.09812510302996691,0.10266035079186193,12.989247782206808,13.58959830530346,0.0,0.0,0.05064258018232937,0.05298323146662263,0.0,0.0,0.05064258018232937,0.05298323146662263,0.0,0.0,193.97380504055,202.93908750153
NOR,Q2.2020,0.0,0.0,0.0,0.0,2.9682579814944807,0.02424120787487105,2.9440167736196097,0.0,0.0,0.0,0.0,0.0,0.0,0.0,0.0,0.0,0.7235253635588015,0.8982356325110564,0.005908896345977255,0.0073357224419400725,0.7176164672128242,0.8908999100691164,0.0,0.0,330.45426768437,410.24933347112
PRT,Q2.2020,0.0,0.0,0.0,-0.03869407432885019,0.0,0.0,0.0,0.0,0.0,0.0,0.0,0.0,0.0,0.0,-0.017401358131868355,-0.011340055200862661,0.0,0.0,0.0,0.0,0.0,0.0,0.0,0.0,341.21592570296,222.36238134762
SVK,Q2.2020,0.0,0.0,0.0,0.0,0.0,0.0,0.0,0.0,0.0,0.0,0.0,0.0,0.0,0.0,0.0,0.0,0.0,0.0,0.0,0.0,0.0,0.0,0.0,0.0,181.71174374815,99.48906117369
SVN,Q2.2020,0.0,0.0,0.0,0.0,0.0,0.0,0.0,0.0,0.0,0.0,0.0,0.0,0.0,0.0,0.0,0.0,0.0,0.0,0.0,0.0,0.0,0.0,0.0,0.0,76.03736607555,50.41797772839
SWE,Q2.2020,8.793808635832933,1.5449973683666396,7.248811267466294,34.112156247618515,0.0,0.0,0.0,0.0,1.5993940075758601,1.6878565908891707,0.2809999210827747,0.2965420444195346,1.3183940864930854,1.3913145464696361,6.204226239995361,6.547382384166537,0.0,0.0,0.0,0.0,0.0,0.0,0.0,0.0,521.00449074292,549.82128194674
CHE,Q2.2020,30.27282054763505,2.6975353066185432,27.575285241016505,0.0,0.0,0.0,0.0,0.0,4.051990917785762,5.123915377152345,0.3610627739699882,0.4565792809508762,3.6909281438157735,4.667336096201469,0.0,0.0,0.0,0.0,0.0,0.0,0.0,0.0,0.0,0.0,590.81421763174,747.10978286639
CHL,Q2.2020,13.597478788559124,0.7213831286474848,12.87609565991164,-0.9036361554234271,0.0,0.0,0.0,0.0,5.190680620437494,3.081311507323796,0.2753796850142286,0.16347193255862985,4.915300935423265,2.9178395747651664,-0.34495267489070014,-0.20477211455426667,0.0,0.0,0.0,0.0,0.0,0.0,0.0,0.0,441.28867711817,261.95945739796
COL,Q2.2020,3.824337949750285,1.913613905748511,1.9107240440017739,0.10508588169953384,0.8202896089836675,0.8202896089836675,0.0,0.0,1.1898790407164512,0.5538752987006552,0.5953890865273498,0.277146917341181,0.5944899541891014,0.27672838135947414,0.03269572139084843,0.015219490243886932,0.2552194460510194,0.11880177907042423,0.2552194460510194,0.11880177907042423,0.0,0.0,0.0,0.0,690.46912883132,321.40560669491
CRI,Q2.2020,0.07050000000000001,0.0,0.07050000000000001,0.4068498516743531,0.0,0.0,0.0,0.0,0.10950181548544397,0.07727425709145412,0.0,0.0,0.10950181548544397,0.07727425709145412,0.63192620408972,0.4459435466085665,0.0,0.0,0.0,0.0,0.0,0.0,0.0,0.0,91.23348790861,64.38249419652
HUN,Q2.2020,1.5778000474510891,1.7694150329493317,-0.19161498549824252,0.0,6.49357677031136,0.0,6.49357677031136,0.0,1.070537047863624,0.5091514418703863,1.2005477809936589,0.5709850349850599,-0.13001073313003475,-0.06183359311467361,0.0,0.0,4.405890668462808,2.095458154435482,0.0,0.0,4.405890668462808,2.095458154435482,0.0,0.0,309.88816247971,147.38397429587
POL,Q2.2020,25.742633319288203,-0.004148970537541263,25.746782289825745,0.0,1.8880869760414853,0.0,1.8880869760414853,9.886933441628852,4.50437321301429,2.117998103872886,-0.0007259751370068116,-0.00034136024945640033,4.505099188151297,2.118339464122342,0.0,0.0,0.33037212212280304,0.15534403903452448,0.0,0.0,0.33037212212280304,0.15534403903452448,1.7299876668001881,0.8134562623318424,1215.42286899201,571.50311712429
AUS,Q3.2020,46.16341804345641,3.337102314023733,42.82631572943268,0.0,1.1942170290034007,0.5118072981443138,0.6824097308590868,0.0,3.0883222221251314,3.7637852817975816,0.22325138975201075,0.2720798655236396,2.865070832373121,3.491705416273942,0.0,0.0,0.07989284903556315,0.09736663071187299,0.03423979244381273,0.04172855601937408,0.045653056591750424,0.055638074692498915,0.0,0.0,1226.51571721458,1494.77336635199
CAN,Q3.2020,113.24279834523115,11.814177619868016,101.42862072536313,1.891168170782322,15.522988178511254,0.25966520513249014,15.263322973378763,0.0,6.674670435538909,6.570558560398027,0.6963422242458143,0.6854806400812995,5.978328211293094,5.885077920316728,0.11146778835039743,0.10972910768068586,0.9149441004668732,0.9006727522604502,0.01530498798300815,0.01506625994192982,0.8996391124838651,0.8856064923185204,0.0,0.0,1723.48815255626,1696.60508992738
FRA,Q3.2020,70.9019736149727,7.261603004274015,63.64037061069869,1.9523078393018096,20.458754907662865,0.0,20.458754907662865,0.0,2.7094785737205154,2.4389326619495164,0.2774980264694645,0.24978939008680295,2.431980547251051,2.1891432718627133,0.07460633308489158,0.06715676747322238,0.7818196763934089,0.7037536901029483,0.0,0.0,0.7818196763934089,0.7037536901029483,0.0,0.0,2907.09024981028,2616.81248571801
DEU,Q3.2020,1.157574527101218,1.157574527101218,0.0,0.0,41.27004835752166,0.0,41.27004835752166,0.0,0.03217882712309007,0.02781437787432447,0.03217882712309007,0.02781437787432447,0.0,0.0,0.0,0.0,1.1472451409101672,0.9916430372585238,0.0,0.0,1.1472451409101672,0.9916430372585238,0.0,0.0,4161.78471555813,3597.31733749424
ITA,Q3.2020,31.347147941889094,0.32714062722420767,31.020007314664888,0.31801940221102143,26.767553712380263,0.09301026179092453,26.67454345058934,0.0,1.6342321224199947,1.3409627752186617,0.017054939816199648,0.013994364150211443,1.617177182603795,1.3269684110684503,0.016579419716572,0.013604177992614262,1.3954824916278559,1.1450576996193838,0.004848937383879327,0.00397877660213882,1.3906335542439765,1.141078923017245,0.0,0.0,2337.65981585712,1918.15761738117
JPN,Q3.2020,9.151441180151792,9.151441180151792,0.0,0.0,0.0,0.0,0.0,0.0,0.2004990013263258,0.17186281962214994,0.2004990013263258,0.17186281962214994,0.0,0.0,0.0,0.0,0.0,0.0,0.0,0.0,0.0,0.0,0.0,0.0,5324.85222823165,4564.33255009445
KOR,Q3.2020,7.611109349473997,0.4779750571525323,7.133134292321465,0.43330405987938647,31.18127468912705,0.0,31.18127468912705,0.0,0.4646170053367932,0.35293158772990213,0.02917778860912565,0.022163982682470888,0.43543921672766756,0.33076760504743125,0.0264508661559761,0.0200925624375129,1.9034479473938153,1.445893926650307,0.0,0.0,1.9034479473938153,1.445893926650307,0.0,0.0,2156.5395714307,1638.14696019506
ESP,Q3.2020,2.7249655006032096,0.3091811170038863,2.4157843835993233,0.0,50.527542741764954,0.5503856618822776,49.97715707988267,0.45431343173003214,0.2058257755957834,0.15167957095044873,0.02335348583048428,0.01720992767165264,0.18247228976529914,0.1344696432787961,0.0,0.0,3.8165146206330722,2.812511205207858,0.04157247337943966,0.03063607999187609,3.7749421472536326,2.781875125215982,0.03431581589884945,0.02528841792183535,1796.52769554142,1323.91849014805
GBR,Q3.2020,86.82264229997452,32.55619382536485,54.26644847460966,5.126144940203254,13.210165240418398,0.03873948750855849,13.17142575290984,0.0,2.7498247852126223,2.951155217529928,1.0311115432753961,1.106605128863595,1.7187132419372264,1.8445500886663329,0.1623539670730261,0.174240831485267,0.4183890150376987,0.4490216726991353,0.0012269472581750741,0.001316779098824448,0.41716206777952364,0.44770489360031085,0.0,0.0,2941.98833677897,3157.38816403392
USA,Q3.2020,6.0,0.0,6.0,18.0,0.0,0.0,0.0,0.0,0.030106916892059795,0.030038729102899463,0.0,0.0,0.030106916892059795,0.030038729102899463,0.0903207506761794,0.09011618730869839,0.0,0.0,0.0,0.0,0.0,0.0,0.0,0.0,19974.2138871676,19928.975197
MEX,Q3.2020,0.0,0.0,0.0,0.0,0.0,0.0,0.0,0.0,0.0,0.0,0.0,0.0,0.0,0.0,0.0,0.0,0.0,0.0,0.0,0.0,0.0,0.0,0.0,0.0,2381.66755915225,1279.15132662444
TUR,Q3.2020,3.2493340902482437,1.9527090644843794,1.2966250257638643,-0.29087422955606,0.0,0.0,0.0,0.0,0.32589363786671033,0.13923031936942132,0.19584796239634963,0.08367139208604837,0.13004567547036067,0.055558927283372944,-0.02917338082168672,-0.012463634317864366,0.0,0.0,0.0,0.0,0.0,0.0,0.0,0.0,2333.78340649119,997.05355143423
AUT,Q3.2020,0.0,0.0,0.0,0.0,1.7737707223975345,0.0,1.7737707223975345,0.0,0.0,0.0,0.0,0.0,0.0,0.0,0.0,0.0,0.428499261459516,0.3785262261167957,0.0,0.0,0.428499261459516,0.3785262261167957,0.0,0.0,468.59916169989,413.94954015927
BEL,Q3.2020,4.154226505695737,1.4774852644874343,2.676741241208303,3.686882332982268,3.50069325859589,1.1382634135997258,2.3624298449961643,0.0,0.8389707021431339,0.7480753046982032,0.2983869194550714,0.266059214128825,0.5405837826880625,0.4820160905693781,0.7445877723278385,0.6639179690492634,0.7069857835448126,0.6303898385147105,0.22987905306132722,0.20497359707949384,0.4771067304834853,0.42541624143521667,0.0,0.0,555.32196820368,495.15751802582
CZE,Q3.2020,0.0,0.0,0.0,-0.031076018610880274,16.800479020634604,0.010449485048569435,16.790029535586037,0.0,0.0,0.0,0.0,0.0,0.0,0.0,-0.014411040864951041,-0.007627965880914139,7.790971962938331,4.123870639836267,0.004845793083670812,0.002564946186372239,7.7861261698546596,4.121305693649894,0.0,0.0,407.3958784823,215.64034757864
DNK,Q3.2020,0.005191390592108977,0.005191390592108977,0.0,2.451666019361017,0.0,0.0,0.0,0.0,0.0015608391147603155,0.0016689164354306443,0.0015608391147603155,0.0016689164354306443,0.0,0.0,0.7371158365860574,0.7881560135578669,0.0,0.0,0.0,0.0,0.0,0.0,0.0,0.0,311.06354290108,332.60254327405
EST,Q3.2020,0.0,0.0,0.0,0.0,0.301209889875682,0.1960281576957642,0.10518173217991775,0.0,0.0,0.0,0.0,0.0,0.0,0.0,0.0,0.0,1.1199201072421492,0.6560652824175731,0.7288468366019788,0.42696894412579894,0.39107327064017045,0.22909633829177417,0.0,0.0,45.91157281875,26.89565871064
FIN,Q3.2020,0.0,0.0,0.0,-0.07797450227670222,0.0,0.0,0.0,0.045431343173003125,0.0,0.0,0.0,0.0,0.0,0.0,-0.030608945999922105,-0.030708014450029946,0.0,0.0,0.0,0.0,0.0,0.0,0.017834105884403675,0.01789182748086215,253.92231856471,254.7441596875
GRC,Q3.2020,0.0,0.0,0.0,0.0,2.5915049311271554,-0.08862629246676515,2.6801312235939205,0.0,0.0,0.0,0.0,0.0,0.0,0.0,0.0,0.0,1.2709498276004052,0.8594097408708804,-0.04346492641343597,-0.02939075983547581,1.3144147540138411,0.8888005007063562,0.0,0.0,301.5447472705,203.90300819506
ISL,Q3.2020,0.0,0.0,0.0,0.0,0.0,0.0,0.0,0.0,0.0,0.0,0.0,0.0,0.0,0.0,0.0,0.0,0.0,0.0,0.0,0.0,0.0,0.0,0.0,0.0,19.06914282116,20.72999982729
IRL,Q3.2020,0.0,0.0,0.0,0.0,0.0,0.0,0.0,0.0,0.0,0.0,0.0,0.0,0.0,0.0,0.0,0.0,0.0,0.0,0.0,0.0,0.0,0.0,0.0,0.0,417.89075855828,371.46659669328
ISR,Q3.2020,0.0,0.0,0.0,0.0,0.0,0.0,0.0,0.0,0.0,0.0,0.0,0.0,0.0,0.0,0.0,0.0,0.0,0.0,0.0,0.0,0.0,0.0,0.0,0.0,342.39670930134,358.46025273359
LVA,Q3.2020,0.0,0.0,0.0,0.0,0.0,0.0,0.0,0.0,0.0,0.0,0.0,0.0,0.0,0.0,0.0,0.0,0.0,0.0,0.0,0.0,0.0,0.0,0.0,0.0,55.42258974,30.16007752305
LTU,Q3.2020,0.0,0.0,0.0,0.0,0.0,0.0,0.0,0.0,0.0,0.0,0.0,0.0,0.0,0.0,0.0,0.0,0.0,0.0,0.0,0.0,0.0,0.0,0.0,0.0,97.1360733484,48.21676850514
LUX,Q3.2020,0.0,0.0,0.0,0.0,0.0,0.0,0.0,0.0,0.0,0.0,0.0,0.0,0.0,0.0,0.0,0.0,0.0,0.0,0.0,0.0,0.0,0.0,0.0,0.0,66.34348446884,66.55749589674
NLD,Q3.2020,4.049043165101135,3.4647147221616406,0.5843284429394942,-16.523238726327065,4.283664768777797,0.0,4.283664768777797,0.0,0.4818852841297717,0.4342414824197498,0.41234310681293096,0.3715749118410357,0.06954217731684076,0.06266657057871408,-1.9664659683076724,-1.7720422792075787,0.5098081028157235,0.45940358339866294,0.0,0.0,0.5098081028157235,0.45940358339866294,0.0,0.0,932.44043441875,840.25042856688
NZL,Q3.2020,0.0,0.0,0.0,0.0,0.0,0.0,0.0,0.0,0.0,0.0,0.0,0.0,0.0,0.0,0.0,0.0,0.0,0.0,0.0,0.0,0.0,0.0,0.0,0.0,193.97380504055,202.93908750153
NOR,Q3.2020,0.0,0.0,0.0,0.0,0.0,0.0,0.0,0.0,0.0,0.0,0.0,0.0,0.0,0.0,0.0,0.0,0.0,0.0,0.0,0.0,0.0,0.0,0.0,0.0,330.45426768437,410.24933347112
PRT,Q3.2020,0.0,0.0,0.0,0.0,0.0,0.0,0.0,0.0,0.0,0.0,0.0,0.0,0.0,0.0,0.0,0.0,0.0,0.0,0.0,0.0,0.0,0.0,0.0,0.0,341.21592570296,222.36238134762
SVK,Q3.2020,0.0,0.0,0.0,-0.8614294757536732,0.0,0.0,0.0,0.0,0.0,0.0,0.0,0.0,0.0,0.0,-0.8658534572456889,-0.474063733023003,0.0,0.0,0.0,0.0,0.0,0.0,0.0,0.0,181.71174374815,99.48906117369
SVN,Q3.2020,0.0,0.0,0.0,0.0,0.0,0.0,0.0,0.0,0.0,0.0,0.0,0.0,0.0,0.0,0.0,0.0,0.0,0.0,0.0,0.0,0.0,0.0,0.0,0.0,76.03736607555,50.41797772839
SWE,Q3.2020,0.0,0.0,0.0,0.16067269854286081,4.905418892069648,1.2663765826177678,3.639042309451881,0.0,0.0,0.0,0.0,0.0,0.0,0.0,0.029222713601403456,0.030839023731590403,0.8921842520720807,0.9415310192575934,0.23032513003751623,0.24306442748928966,0.6618591220345645,0.6984665917683037,0.0,0.0,521.00449074292,549.82128194674
CHE,Q3.2020,1.8004263575689254,0.07984431279697368,1.7205820447719518,0.0,1.911837291641109,0.8505194214529681,1.061317870188141,0.0,0.2409855149615818,0.3047364643298323,0.010687092396332965,0.013514284256229829,0.23029842256524882,0.2912221800736025,0.0,0.0,0.25589777238708894,0.3235936500148301,0.11384129092645967,0.1439571689493608,0.14205648146062927,0.17963648106546926,0.0,0.0,590.81421763174,747.10978286639
CHL,Q3.2020,2.069382912381207,0.025366516631069258,2.0440163957501376,-0.7716340705765732,0.0,0.0,0.0,0.0,0.7899630473113516,0.46894085882630965,0.009683375008879063,0.005748281781604949,0.7802796723024725,0.4631925770447047,-0.294562402228652,-0.17485924987147178,0.0,0.0,0.0,0.0,0.0,0.0,0.0,0.0,441.28867711817,261.95945739796
COL,Q3.2020,3.2258738534714397,0.4529201501249909,2.772953703346449,0.0,5.993835977437161,0.0,5.993835977437161,0.0,1.0036769073955694,0.4672003017617191,0.14091855919455673,0.06559600295115268,0.8627583482010127,0.4016042988105664,0.0,0.0,1.864882208830517,0.868081674785701,0.0,0.0,1.864882208830517,0.868081674785701,0.0,0.0,690.46912883132,321.40560669491
CRI,Q3.2020,0.0587275266704223,0.02538342923163589,0.03334409743878641,0.0,0.0,0.0,0.0,0.0,0.09121660694157549,0.06437058147908428,0.03942597991645983,0.027822491295151255,0.051790627025115665,0.03654809018393302,0.0,0.0,0.0,0.0,0.0,0.0,0.0,0.0,0.0,0.0,91.23348790861,64.38249419652
HUN,Q3.2020,0.0,0.0,0.0,0.0,0.0,0.0,0.0,0.0,0.0,0.0,0.0,0.0,0.0,0.0,0.0,0.0,0.0,0.0,0.0,0.0,0.0,0.0,0.0,0.0,309.88816247971,147.38397429587
POL,Q3.2020,0.0,0.0,0.0,0.0,9.744485070209434,9.744485070209434,0.0,-9.886933441628852,0.0,0.0,0.0,0.0,0.0,0.0,0.0,0.0,1.7050624534196916,0.8017361955918153,1.7050624534196916,0.8017361955918153,0.0,0.0,-1.7299876668001881,-0.8134562623318424,1215.42286899201,571.50311712429
AUS,Q4.2020,61.91254577404545,4.852566239613684,57.05997953443176,0.0,0.07164344757867269,0.03070433467657452,0.040939112902098174,0.0,4.141935303887816,5.047839575561981,0.32463558348356325,0.39563832501338614,3.8172997204042534,4.652201250548595,0.0,0.0,0.004792930432893602,0.005841217244355835,0.0020541130426687203,0.002503378819009685,0.002738817390224881,0.00333783842534615,0.0,0.0,1226.51571721458,1494.77336635199
CAN,Q4.2020,40.479513138385315,24.517772021033167,15.961741117352148,0.16561122374270099,0.010131510158376766,0.010131510158376766,0.0,0.0,2.385912513095075,2.3486969189980513,1.4451077723739827,1.4225669021669025,0.9408047407210925,0.9261300168311488,0.009761330124843,0.009609072362758521,0.000597163725284499,0.0005878491327805076,0.000597163725284499,0.0005878491327805076,0.0,0.0,0.0,0.0,1723.48815255626,1696.60508992738
FRA,Q4.2020,64.53658271592836,4.2568291943873255,60.27975352154104,0.0,3.3925098406313623,0.0,3.3925098406313623,0.0,2.46622878284764,2.2199717645553005,0.16267230524235754,0.14642920682167096,2.303556477605283,2.0735425577336297,0.0,0.0,0.12964283299422252,0.11669778194374121,0.0,0.0,0.12964283299422252,0.11669778194374121,0.0,0.0,2907.09024981028,2616.81248571801
DEU,Q4.2020,102.23012702811141,19.237824397073407,82.992302631038,0.0,3.1547125500243283,0.0,3.1547125500243283,0.0,2.8418434471316667,2.456401135934334,0.5347825224247181,0.4622493884692316,2.3070609247069487,1.9941517474651025,0.0,0.0,0.0876962540152709,0.07580191589994954,0.0,0.0,0.0876962540152709,0.07580191589994954,0.0,0.0,4161.78471555813,3597.31733749424
ITA,Q4.2020,36.032590507810454,3.38295334419949,32.64963716361096,0.0,53.17897569748891,0.0,53.17897569748891,0.0,1.8784999825512343,1.5413958123157812,0.17636472172803933,0.14471538250569216,1.702135260823195,1.396680429810089,0.0,0.0,2.772398640008182,2.274880858915327,0.0,0.0,2.772398640008182,2.274880858915327,0.0,0.0,2337.65981585712,1918.15761738117
JPN,Q4.2020,227.24510700030925,42.25831853649901,184.98678846381023,0.749897294020343,0.45282259677381376,0.0,0.45282259677381376,264.23338464211304,4.978714949146438,4.267632175696562,0.9258378541157032,0.7936054696964376,4.052877095030735,3.4740267060001244,0.016429506084188042,0.014082969101837014,0.009920894058528742,0.008503946726878339,0.0,0.0,0.009920894058528742,0.008503946726878339,5.789091433240228,4.962266994775614,5324.85222823165,4564.33255009445
KOR,Q4.2020,0.7098341330979254,0.05460262562291707,0.6552315074750084,0.353311106971816,0.7590835601303567,0.0,0.7590835601303567,1.3382996476205165,0.04333152948703717,0.03291542351003578,0.003333194575925919,0.0025319556546181243,0.03999833491111125,0.03038346785541765,0.0215677296089324,0.016383242471058435,0.046337940281009335,0.03519914821812254,0.0,0.0,0.046337940281009335,0.03519914821812254,0.08169594548838038,0.062057736632797164,2156.5395714307,1638.14696019506
ESP,Q4.2020,9.969890502811452,0.0,9.969890502811452,0.614662243343852,6.848682303147835,0.04145348267503357,6.807228820472801,0.0,0.7530592386919944,0.5549533429155861,0.0,0.0,0.7530592386919944,0.5549533429155861,0.04642749896748674,0.03421390301242259,0.5173039242304083,0.3812177413209233,0.0031311204566980516,0.00230742241146139,0.5141728037737102,0.3789103189094619,0.0,0.0,1796.52769554142,1323.91849014805
GBR,Q4.2020,199.1047307379088,103.96143780860356,95.14329292930523,3.838457100350162,0.0,0.0,0.0,0.0,6.30599471442656,6.7676927283776465,3.292640385266444,3.5337134586476826,3.0133543291601157,3.2339792697299634,0.12157064323209787,0.13047152676861692,0.0,0.0,0.0,0.0,0.0,0.0,0.0,0.0,2941.98833677897,3157.38816403392
USA,Q4.2020,1054.3,179.8,874.5,0.0,0.0,0.0,0.0,0.0,5.290287079883107,5.278305348864484,0.9022039428653919,0.9001605821168873,4.388083137017715,4.378144766747597,0.0,0.0,0.0,0.0,0.0,0.0,0.0,0.0,0.0,0.0,19974.2138871676,19928.975197
MEX,Q4.2020,0.3149493932092233,0.39297307756147726,-0.07802368435225393,2.1570805635013324,0.17686257428906896,0.0,0.17686257428906896,7.616597629727719,0.02462174620420753,0.013223902387171492,0.030721390767619046,0.0164999130987599,-0.006099644563411516,-0.00327601071158841,0.16863372758199496,0.09057017866377376,0.013826555983473252,0.007425997537289497,0.0,0.0,0.013826555983473252,0.007425997537289497,0.5954414830516733,0.31980104026100237,2381.66755915225,1279.15132662444
TUR,Q4.2020,2.7067390270690295,0.0634282502621979,2.643310776806832,0.2488141156409842,0.08870920405368254,0.08870920405368254,0.0,2.2309957558467346,0.27147378625505836,0.11598072981153694,0.00636156906225933,0.0027178293446503405,0.26511221719279904,0.1132629004668866,0.024954940011303602,0.010661405636398481,0.008897135357080584,0.0038010898443680153,0.008897135357080584,0.0038010898443680153,0.0,0.0,0.2237588695850406,0.09559566451802848,2333.78340649119,997.05355143423
AUT,Q4.2020,0.0,0.0,0.0,0.0,0.0,0.0,0.0,0.0,0.0,0.0,0.0,0.0,0.0,0.0,0.0,0.0,0.0,0.0,0.0,0.0,0.0,0.0,0.0,0.0,468.59916169989,413.94954015927
BEL,Q4.2020,16.647247256710653,5.447501037774227,11.199746218936426,0.0,0.0,0.0,0.0,0.0,3.362010400868554,2.997764938160128,1.100155170720879,0.9809626396368679,2.261855230147675,2.01680229852326,0.0,0.0,0.0,0.0,0.0,0.0,0.0,0.0,0.0,0.0,555.32196820368,495.15751802582
CZE,Q4.2020,2.493064598530755,0.32729011819604903,2.165774480334706,0.0,0.0,0.0,0.0,0.0,1.156121582312689,0.611951354986295,0.15177591850091618,0.08033712059516299,1.0043456638117727,0.5316142343911321,0.0,0.0,0.0,0.0,0.0,0.0,0.0,0.0,0.0,0.0,407.3958784823,215.64034757864
DNK,Q4.2020,0.0,0.0,0.0,0.0,0.0,0.0,0.0,0.0,0.0,0.0,0.0,0.0,0.0,0.0,0.0,0.0,0.0,0.0,0.0,0.0,0.0,0.0,0.0,0.0,311.06354290108,332.60254327405
EST,Q4.2020,0.0,0.0,0.0,0.0,0.0,0.0,0.0,0.0,0.0,0.0,0.0,0.0,0.0,0.0,0.0,0.0,0.0,0.0,0.0,0.0,0.0,0.0,0.0,0.0,45.91157281875,26.89565871064
FIN,Q4.2020,1.051962338366181,0.6196774981599118,0.4322848402062691,0.0,0.0,0.0,0.0,0.0,0.41294855970658767,0.4142851027481056,0.24325484004033035,0.24404215496401593,0.16969371966625732,0.1702429477840897,0.0,0.0,0.0,0.0,0.0,0.0,0.0,0.0,0.0,0.0,253.92231856471,254.7441596875
GRC,Q4.2020,7.952973843743083,0.36466848586374184,7.5883053578793405,0.4195402329529525,4.049044100742737,3.766230135869561,0.28281396487317556,0.0,3.900371021566792,2.6374108372741394,0.1788440931263204,0.12093345653161613,3.721526928440472,2.5164773807425234,0.205754803063821,0.13913034027304907,1.985769673819277,1.342767246782963,1.8470694322796195,1.2489788563589448,0.13870024153965735,0.09378839042401821,0.0,0.0,301.5447472705,203.90300819506
ISL,Q4.2020,0.028942786299298612,0.028942786299298612,0.0,0.0,0.0,0.0,0.0,0.0,0.1396178800792699,0.15177811908347744,0.1396178800792699,0.15177811908347744,0.0,0.0,0.0,0.0,0.0,0.0,0.0,0.0,0.0,0.0,0.0,0.0,19.06914282116,20.72999982729
IRL,Q4.2020,0.7886772046160297,0.7886772046160297,0.0,0.0,0.1736772046160291,0.0,0.1736772046160291,0.0,0.21231443463198943,0.18872807987832996,0.21231443463198943,0.18872807987832996,0.0,0.0,0.0,0.0,0.046754460875370274,0.04156043201702142,0.0,0.0,0.046754460875370274,0.04156043201702142,0.0,0.0,417.89075855828,371.46659669328
ISR,Q4.2020,0.973540694996057,0.44152575336758204,0.532014941628475,0.003791341716091079,0.018588105913613262,0.0,0.018588105913613262,0.0,0.27158958003625544,0.2843312066236166,0.1231728622631215,0.12895151774925487,0.14841671777313395,0.15537968887436174,0.0010576742294797267,0.001107295021563527,0.0051855417084214536,0.00542882142516564,0.0,0.0,0.0051855417084214536,0.00542882142516564,0.0,0.0,342.39670930134,358.46025273359
LVA,Q4.2020,0.007929281333562826,0.007929281333562826,0.0,0.0,0.0,0.0,0.0,0.0,0.02629065302469077,0.014306948431606846,0.02629065302469077,0.014306948431606846,0.0,0.0,0.0,0.0,0.0,0.0,0.0,0.0,0.0,0.0,0.0,0.0,55.42258974,30.16007752305
LTU,Q4.2020,0.0,0.0,0.0,0.0,0.05802999560922034,0.05802999560922034,0.0,0.0,0.0,0.0,0.0,0.0,0.0,0.0,0.0,0.0,0.12035231187887308,0.05974093208512036,0.12035231187887308,0.05974093208512036,0.0,0.0,0.0,0.0,97.1360733484,48.21676850514
LUX,Q4.2020,0.0,0.0,0.0,0.021423395009906088,0.45530536543989036,0.45530536543989036,0.0,0.0,0.0,0.0,0.0,0.0,0.0,0.0,0.03218780202179363,0.03229163373227428,0.6840782684286524,0.6862849744555348,0.6840782684286524,0.6862849744555348,0.0,0.0,0.0,0.0,66.34348446884,66.55749589674
NLD,Q4.2020,2.486056968778037,2.486056968778037,0.0,0.0,1.992282581698035,0.0,1.992282581698035,0.0,0.29587095516490514,0.2666183143728378,0.29587095516490514,0.2666183143728378,0.0,0.0,0.0,0.0,0.23710580964487524,0.21366325484801102,0.0,0.0,0.23710580964487524,0.21366325484801102,0.0,0.0,932.44043441875,840.25042856688
NZL,Q4.2020,2.2603788228926915,2.0118179613490823,0.24856086154360924,0.0,0.0,0.0,0.0,0.0,1.1138213198458626,1.165301068574781,0.9913407939877106,1.0371596107672962,0.12248052585815204,0.12814145780748482,0.0,0.0,0.0,0.0,0.0,0.0,0.0,0.0,0.0,0.0,193.97380504055,202.93908750153
NOR,Q4.2020,13.348965621899447,1.1414792455781,12.207486376321347,0.0,0.17176997453820242,0.17176997453820242,0.0,0.0,3.2538664984422607,4.0395803375278465,0.27824036566252114,0.34542729727078975,2.9756261327797398,3.694153040257057,0.0,0.0,0.04186965353114812,0.051979953456756905,0.04186965353114812,0.051979953456756905,0.0,0.0,0.0,0.0,330.45426768437,410.24933347112
PRT,Q4.2020,3.611585623737889,0.6751212736122203,2.936464350125669,0.0,0.0,0.0,0.0,0.0,1.6241891285072554,1.058445796835959,0.3036130794789432,0.19785749220859525,1.3205760490283123,0.8605883046273638,0.0,0.0,0.0,0.0,0.0,0.0,0.0,0.0,0.0,0.0,341.21592570296,222.36238134762
SVK,Q4.2020,1.481463649586885,0.0,1.481463649586885,0.0,0.0,0.0,0.0,0.0,1.489071896055503,0.8152822811717515,0.0,0.0,1.489071896055503,0.8152822811717515,0.0,0.0,0.0,0.0,0.0,0.0,0.0,0.0,0.0,0.0,181.71174374815,99.48906117369
SVN,Q4.2020,0.34098922567069284,0.34098922567069284,0.0,0.1,0.31410316138480565,0.31410316138480565,0.0,-0.11431613976919908,0.6763246782876899,0.44844954956999594,0.6763246782876899,0.44844954956999594,0.0,0.0,0.19834194964882682,0.13151428720011285,0.6229983341992245,0.4130905337682473,0.6229983341992245,0.4130905337682473,0.0,0.0,-0.2267368603815073,-0.1503420563721469,76.03736607555,50.41797772839
SWE,Q4.2020,2.5312199052560214,2.5312199052560214,0.0,1.9866714963131784,0.0,0.0,0.0,0.0,0.46037139491832463,0.48583456577248674,0.46037139491832463,0.48583456577248674,0.0,0.0,0.3613304107252842,0.38131561850461376,0.0,0.0,0.0,0.0,0.0,0.0,0.0,0.0,521.00449074292,549.82128194674
CHE,Q4.2020,5.73377213285733,0.4120682110331133,5.321703921824216,0.0,0.0,0.0,0.0,0.0,0.7674604541863874,0.970486484878609,0.05515497460790255,0.06974581835299692,0.7123054795784849,0.9007406665256121,0.0,0.0,0.0,0.0,0.0,0.0,0.0,0.0,0.0,0.0,590.81421763174,747.10978286639
CHL,Q4.2020,0.468695563479296,0.468695563479296,0.0,0.0,0.0,0.0,0.0,-1.1142321069096255,0.17891912288063316,0.10621064799126645,0.17891912288063316,0.10621064799126645,0.0,0.0,0.0,0.0,0.0,0.0,0.0,0.0,0.0,0.0,-0.4253452492142406,-0.2524950592854781,441.28867711817,261.95945739796
COL,Q4.2020,4.009842186349431,0.5469884730336863,3.462853713315744,0.0024757725592319257,8.49730823577513,7.616072177127631,0.8812360586474997,0.0,1.2475955934881124,0.5807417042868294,0.17018635071693314,0.07921983043029203,1.0774092427711792,0.5015218738565373,0.00077029538616046,0.00035856383085836,2.643795894898961,1.2306572272329648,2.3696139763850126,1.1030286306961334,0.27418191851394846,0.12762859653683137,0.0,0.0,690.46912883132,321.40560669491
CRI,Q4.2020,0.0,0.0,0.0,-0.002371875370264731,0.0,0.0,0.0,0.0,0.0,0.0,0.0,0.0,0.0,0.0,-0.0036840377184283357,-0.002599785917031557,0.0,0.0,0.0,0.0,0.0,0.0,0.0,0.0,91.23348790861,64.38249419652
HUN,Q4.2020,0.0,0.0,0.0,0.0,0.0,0.0,0.0,0.0,0.0,0.0,0.0,0.0,0.0,0.0,0.0,0.0,0.0,0.0,0.0,0.0,0.0,0.0,0.0,0.0,309.88816247971,147.38397429587
POL,Q4.2020,0.0,0.0,0.0,0.0,0.0,0.0,0.0,0.0,0.0,0.0,0.0,0.0,0.0,0.0,0.0,0.0,0.0,0.0,0.0,0.0,0.0,0.0,0.0,0.0,1215.42286899201,571.50311712429
AUS,Q1.2021,0.8303883820210576,9.87108310841478e-05,0.8302896711899734,0.0,0.00020812524626023787,8.919653411254558e-05,0.0001189287121476923,0.0,0.05555279487268556,0.06770303636278477,6.603732265116057e-06,8.048068989145961e-06,0.05554619114042044,0.06769498829379562,0.0,0.0,1.3923531884179185e-05,1.696882015771398e-05,5.967227950430416e-06,7.272351496245894e-06,7.95630393374877e-06,9.696468661468086e-06,0.0,0.0,1226.51571721458,1494.77336635199
CAN,Q1.2021,0.509480494352303,0.0832030432363382,0.4262774511159648,0.13419845683279874,0.008209787947418778,0.008209787947418778,0.0,0.0,0.030029409753457147,0.02956100937489166,0.004904090158063805,0.004827595891096339,0.025125319595393342,0.02473341348379532,0.007909822835586498,0.007786444985638977,0.0004838950440594389,0.0004763472226508842,0.0004838950440594389,0.0004763472226508842,0.0,0.0,0.0,0.0,1723.48815255626,1696.60508992738
FRA,Q1.2021,0.5252095613154886,1.1950101937878337,-0.6698006324723451,16.71460147714675,0.0,0.0,0.0,0.0,0.020070584506225325,0.01806650348573679,0.04566663451469824,0.04110674561499497,-0.025596050008472915,-0.023040242129258183,0.6387389837205145,0.5749598409694217,0.0,0.0,0.0,0.0,0.0,0.0,0.0,0.0,2907.09024981028,2616.81248571801
DEU,Q1.2021,1.1077695919685908,0.12073783018730921,0.9870317617812816,0.0,2.795986302562582,0.30184457546828014,2.494141727094302,0.0,0.03079432499386398,0.02661765727158786,0.003356329699603616,0.002901107059573533,0.027437995294260362,0.023716550212014326,0.0,0.0,0.07772420501856987,0.06718238673207336,0.008390824249009237,0.007252767648934004,0.06933338076956064,0.059929619083139346,0.0,0.0,4161.78471555813,3597.31733749424
ITA,Q1.2021,32.29395798644845,0.59931616434673,31.694641822101715,0.021129120282806113,1.7574900406663474,0.00980994870273122,1.7476800919636162,0.0,1.6835925105330434,1.381465248595533,0.031244364848649234,0.025637441354014395,1.652348145684394,1.3558278072415186,0.0011015320165218415,0.0009038577871544996,0.09162385951712458,0.07518159951010454,0.0005114255790994166,0.0004196482583217237,0.09111243393802516,0.07476195125178282,0.0,0.0,2337.65981585712,1918.15761738117
JPN,Q1.2021,18.419423468894877,0.07176187368344245,18.347661595211434,0.19435507455932566,0.117360564253147,0.0,0.117360564253147,1.0233542195064729,0.4035513027751171,0.345914265399471,0.0015722314904937737,0.0013476782191808186,0.4019790712846233,0.3445665871802902,0.004258126953420689,0.003649961843614762,0.0025712535834120686,0.0022040154209522866,0.0,0.0,0.0025712535834120686,0.0022040154209522866,0.022420676150893003,0.01921845293810759,5324.85222823165,4564.33255009445
KOR,Q1.2021,17.393323243391993,4.160596811911648,13.232726431480344,11.662486029476227,0.11272754204720314,0.0,0.11272754204720314,0.19874390346826942,1.0617681847861138,0.8065385617687899,0.2539819022962525,0.1929293052179612,0.8077862824898613,0.6136092565508287,0.7119316100972731,0.5407962916135619,0.006881405929159144,0.005227241991781166,0.0,0.0,0.006881405929159144,0.005227241991781166,0.012132238944215619,0.0092158709305027,2156.5395714307,1638.14696019506
ESP,Q1.2021,44.5350146781777,11.083715197058423,33.45129948111928,-0.5633045596729034,0.45650671749307503,0.0019287868372448447,0.4545779306558302,0.030184457546866383,3.3638788950819376,2.478949519604048,0.8371901502651392,0.6169520917804788,2.5266887448167985,1.861997427823569,-0.042548281020677536,-0.03135518372863938,0.03448148212221321,0.02541050263939836,0.00014568773316468703,0.00010736193168809267,0.034335794389048525,0.025303140707710267,0.0022799332263643314,0.0016801554254786864,1796.52769554142,1323.91849014805
GBR,Q1.2021,4.660773811338004e-08,59.277619120647415,-59.27761907403968,5.14804576600341,0.787896884873764,0.002310548049483163,0.7855863368242808,0.0,1.4761485367387195e-09,1.5842256395615095e-09,1.8774257722216061,2.014882872905859,-1.8774257707454576,-2.0148828713216336,0.1630476044930187,0.174985254076151,0.02495407102138296,0.02678110157759467,7.317909390434837e-05,7.853695477300437e-05,0.02488089192747861,0.026702564622821667,0.0,0.0,2941.98833677897,3157.38816403392
USA,Q1.2021,1824.7279999999996,206.59999999999997,1618.1279999999997,-0.019999999999999574,0.0,0.0,0.0,0.0,9.156155707769079,9.135418346412587,1.0366815049832587,1.0343335721098381,8.11947420278582,8.101084774302748,-0.0001003563896401972,-0.00010012909700966276,0.0,0.0,0.0,0.0,0.0,0.0,0.0,0.0,19974.2138871676,19928.975197
MEX,Q1.2021,0.0,0.0,0.0,0.0,0.0,0.0,0.0,1.196059834340673,0.0,0.0,0.0,0.0,0.0,0.0,0.0,0.0,0.0,0.0,0.0,0.0,0.0,0.0,0.09350417026083711,0.05021942838934282,2381.66755915225,1279.15132662444
TUR,Q1.2021,5.9126558224667,0.3803196459346596,5.5323361765320405,0.17458151306051128,2.499712107655244,0.013959679043227258,2.4857524286120167,0.9237755435603354,0.5930128641497271,0.25335066681943264,0.03814435497346976,0.01629627003417874,0.5548685091762573,0.23705439678525392,0.017509742862796215,0.007480621919537602,0.25070991463392184,0.1071098586399466,0.001400093206944271,0.0005981565814719472,0.24930982142697755,0.10651170205847466,0.09265054441975694,0.039582745382066915,2333.78340649119,997.05355143423
AUT,Q1.2021,13.791972576402923,0.8043305039065247,12.9876420724964,0.0,0.027166011792179035,0.0,0.027166011792179035,0.0,3.331800434201803,2.943234581635011,0.19430641319158198,0.1716457411039183,3.137494021010221,2.7715888405310927,0.0,0.0,0.006562638475628388,0.005797281346733876,0.0,0.0,0.006562638475628388,0.005797281346733876,0.0,0.0,468.59916169989,413.94954015927
BEL,Q1.2021,4.205506802401327,0.36683396841928584,3.8386728339820415,-0.1866018204562092,0.27410581093382747,0.11714663169012796,0.1569591792436995,0.0,0.8493270624605624,0.7573096407485972,0.07408429743364156,0.06605788883265269,0.7752427650269209,0.6912517519159445,-0.03768534530187197,-0.03360245607783478,0.055357295598919734,0.049359799652891,0.023658457647414602,0.02109526336029284,0.03169883795150513,0.028264536292598157,0.0,0.0,555.32196820368,495.15751802582
CZE,Q1.2021,0.048491759810862956,0.010609563743112727,0.03788219606775023,0.005782690148273151,0.1377968864533404,0.00015930275890559814,0.1376375836944348,0.0,0.022487331501438484,0.011902859693012274,0.004920027194467221,0.002604239341506661,0.017567304306971263,0.009298620351505613,0.0026816364438312324,0.0014194277491995759,0.06390125410231426,0.03382382928533412,7.387428219920829e-05,3.9102692815415734e-05,0.06382737982011505,0.0337847265925187,0.0,0.0,407.3958784823,215.64034757864
DNK,Q1.2021,6.131378426048925,0.0003410928865049956,6.1310373331624195,21.9941768160963,31.60650341524999,25.12571084390953,6.48079257134046,0.0,1.843455063720585,1.9711015855042642,0.00010255269943139007,0.00010965376505515631,1.8433525110211537,1.970991931739209,6.612750642130255,7.070637918854597,9.502784646239945,10.160786802746937,7.554275020442956,8.077356352846419,1.9485096257969892,2.0834304499005176,0.0,0.0,311.06354290108,332.60254327405
EST,Q1.2021,0.0,0.0,0.0,0.0,0.056614440224317886,0.04809346430423567,0.008520975920082219,0.0,0.0,0.0,0.0,0.0,0.0,0.0,0.0,0.0,0.21049657431115845,0.12331191625218489,0.1788149709276678,0.10475237799867879,0.03168160338349065,0.018559538253506105,0.0,0.0,45.91157281875,26.89565871064
FIN,Q1.2021,0.0,0.0,0.0,-2.440927603154569,0.0,0.0,0.0,3.426864023817924,0.0,0.0,0.0,0.0,0.0,0.0,-0.9581878564552396,-0.9612891127301669,0.0,0.0,0.0,0.0,0.0,0.0,1.3452178954845246,1.3495718073102803,253.92231856471,254.7441596875
GRC,Q1.2021,4.122811220697784,0.3537752240282648,3.769035996669519,-0.9467853342610759,0.0,0.0,0.0,0.0,2.0219472273571233,1.3672303225363185,0.17350171886126972,0.11732097051284782,1.8484455084958538,1.2499093520234708,-0.4643312242629355,-0.3139783872314527,0.0,0.0,0.0,0.0,0.0,0.0,0.0,0.0,301.5447472705,203.90300819506
ISL,Q1.2021,1.1003161672985489,0.054677508422957787,1.045638658875591,0.0,0.0,0.0,0.0,0.0,5.307844556033416,5.7701396314342315,0.2637602936734114,0.28673291157211905,5.044084262360005,5.483406719862113,0.0,0.0,0.0,0.0,0.0,0.0,0.0,0.0,0.0,0.0,19.06914282116,20.72999982729
IRL,Q1.2021,14.159111825001776,2.8576480235392485,11.301463801462528,-0.08694079058430049,1.6810953910718083,1.7680361816561088,-0.08694079058430049,0.0,3.8116783449826466,3.3882328180337384,0.769288019159044,0.6838265659183546,3.0423903258236025,2.7044062521153838,-0.023404739849620316,-0.020804669355274946,0.4525562745174337,0.4022810642837794,0.475961014367054,0.4230857336390544,-0.023404739849620316,-0.020804669355274946,0.0,0.0,417.89075855828,371.46659669328
ISR,Q1.2021,13.341642509066695,0.5531783539547241,12.78846415511197,0.01608478852955697,4.155370156099291,1.0736931038835773,3.0816770522157135,0.0,3.7219307879532995,3.896545190603699,0.15432069517784164,0.161560651410314,3.5676100927754577,3.7349845391933854,0.004487188860381485,0.00469770534955723,1.1592275920163426,1.2136127606419809,0.2995291934588779,0.3135816071580964,0.8596983985574647,0.9000311534838845,0.0,0.0,342.39670930134,358.46025273359
LVA,Q1.2021,0.2946120453070212,0.44007731725619964,-0.14546527194917847,0.0,0.06663961286480946,0.061972289180490914,0.004667323684318547,0.0,0.9768278781175622,0.5315739424828638,1.4591385480354557,0.7940396133069614,-0.4823106699178935,-0.26246567082409755,0.0,0.0,0.22095305562089415,0.12023908153233379,0.20547788424326252,0.11181774339888671,0.01547517137763164,0.008421338133447077,0.0,0.0,55.42258974,30.16007752305
LTU,Q1.2021,1.0191779364477664,0.1612886831869611,0.8578892532608053,-0.9977176400291194,0.0,0.0,0.0,0.0,2.1137416878925017,1.0492270289661179,0.33450745080472866,0.1660440633712499,1.779234237087773,0.883182965594868,-2.0692337354021575,-1.027134004532574,0.0,0.0,0.0,0.0,0.0,0.0,0.0,0.0,97.1360733484,48.21676850514
LUX,Q1.2021,0.12197614489762618,0.11473187508637858,0.0072442698112475945,0.002472031878014924,0.008753492688591269,0.001207378301874673,0.007546114386716596,-0.008696217414326135,0.1832643239566358,0.18385549971363888,0.17238009564599346,0.17293616095830103,0.01088422831064235,0.01091933875533785,0.0037141299333889226,0.0037261110081970145,0.013151775875360145,0.013194200996033877,0.001814038051773836,0.0018198897925564201,0.011337737823586309,0.011374311203477457,-0.01306572204551956,-0.013107869572950374,66.34348446884,66.55749589674
NLD,Q1.2021,0.6780975985440456,0.08628574151391533,0.5918118570301303,0.03803241650905065,0.0,0.0,0.0,0.0,0.08070184500835065,0.07272288647228682,0.010269050580680231,0.009253753733631551,0.07043279442767042,0.06346913273865527,0.004526319203897133,0.0040788038683413266,0.0,0.0,0.0,0.0,0.0,0.0,0.0,0.0,932.44043441875,840.25042856688
NZL,Q1.2021,0.45804418199202646,0.008422571945996271,0.4496216100460302,0.0,0.0,0.0,0.0,0.0,0.22570525354735974,0.23613713299910413,0.004150295563900558,0.00434211822788935,0.22155495798345917,0.23179501477121478,0.0,0.0,0.0,0.0,0.0,0.0,0.0,0.0,0.0,0.0,193.97380504055,202.93908750153
NOR,Q1.2021,0.06461080079281634,0.0055249140820461395,0.0590858867107702,0.0,0.024021959889068967,-0.015880197370153226,0.03990215725922219,0.0,0.015749154360872274,0.01955211571197763,0.001346721037984349,0.0016719148827344559,0.014402433322887926,0.017880200829243176,0.0,0.0,0.005855453727570776,0.007269374990191773,-0.0038708648800939815,-0.004805565829557098,0.009726318607664758,0.01207494081974887,0.0,0.0,330.45426768437,410.24933347112
PRT,Q1.2021,1.7405980237011405,-0.33574397714601334,2.076342000847154,-7.736870922147982,0.0,0.0,0.0,0.0,0.7827754016449646,0.510116290766683,-0.15098955817582446,-0.09839633846348947,0.9337649598207891,0.6085126292301725,-3.4793974031303887,-2.267441329477449,0.0,0.0,0.0,0.0,0.0,0.0,0.0,0.0,341.21592570296,222.36238134762
SVK,Q1.2021,0.6525464116096437,0.12712771106513487,0.5254187005445088,0.05595301673906605,0.017931727792675822,0.0,0.017931727792675822,0.0,0.6558976473508127,0.359110753190539,0.1277805917207247,0.06996119702716196,0.528117055630088,0.289149556163377,0.056240370628668566,0.030792185240716287,0.01802381847927005,0.009868227238812342,0.0,0.0,0.01802381847927005,0.009868227238812342,0.0,0.0,181.71174374815,99.48906117369
SVN,Q1.2021,1.0573141337899383,0.0012073783018731188,1.0561067554880652,0.0,0.0,0.0,0.0,0.0,2.0970974668715687,1.390519146519885,0.0023947376635720416,0.001587874967517259,2.0947027292079965,1.3889312715523676,0.0,0.0,0.0,0.0,0.0,0.0,0.0,0.0,0.0,0.0,76.03736607555,50.41797772839
SWE,Q1.2021,0.14978738107463396,0.049594344938770796,0.10019303613586317,0.11278619484333774,0.08810790206119545,0.0039390999393047466,0.0841688021218907,0.0,0.02724292165342984,0.028749729366256797,0.009020084628803963,0.00951898607784596,0.018222837024625876,0.01923074328841084,0.02051324649420593,0.021647835450038375,0.016024825694129875,0.016911159812760743,0.000716432788006616,0.0007560587306431534,0.015308392906123259,0.01615510108211759,0.0,0.0,521.00449074292,549.82128194674
CHE,Q1.2021,14.861503111824637,1.5501657954967438,13.311337316327894,0.0,1.759052535380373,0.21456229224262158,1.5444902431377514,0.0,1.9891993723876062,2.5154274674357873,0.20748835459620382,0.2623778760285313,1.7817110177914024,2.253049591407256,0.0,0.0,0.23544766454958263,0.29773361623413175,0.028718977741052146,0.03631637253123118,0.2067286868085305,0.2614172437029006,0.0,0.0,590.81421763174,747.10978286639
CHL,Q1.2021,0.0,0.0,0.0,-0.00023244291230595238,0.0,0.0,0.0,0.0,0.0,0.0,0.0,0.0,0.0,0.0,-8.87323995151024e-05,-5.267366337697984e-05,0.0,0.0,0.0,0.0,0.0,0.0,0.0,0.0,441.28867711817,261.95945739796
COL,Q1.2021,0.076428054034678,0.020133252286158587,0.05629480174851942,0.0007432809940620538,0.10649730082921138,0.058988637891250306,0.04750866293796108,0.0,0.02377931574393048,0.011069003789356845,0.006264126034761369,0.0029158801524169367,0.01751518970916911,0.008153123636939909,0.000231259498459093,0.00010764869318924115,0.03313486093921894,0.015423904760154516,0.018353331946459942,0.008543269413231231,0.014781528992759,0.006880635346923285,0.0,0.0,690.46912883132,321.40560669491
CRI,Q1.2021,0.007991847287434767,0.004616570768364109,0.003375276519070658,-0.4044779763040884,0.0,0.0,0.0,0.0,0.012413074993709614,0.008759773928012403,0.007170537311388666,0.00506017129695688,0.005242537682320947,0.003699602631055523,-0.6282421663712917,-0.44334376069153497,0.0,0.0,0.0,0.0,0.0,0.0,0.0,0.0,91.23348790861,64.38249419652
HUN,Q1.2021,7.702450953905005,2.4305849670506685,5.271865986854336,2.9,0.0,0.0,0.0,0.0,5.22611158418249,2.485558303444174,1.6491514621334098,0.7843426310967304,3.5769601220490803,1.7012156723474434,1.9676494773972615,0.9358214837231409,0.0,0.0,0.0,0.0,0.0,0.0,0.0,0.0,309.88816247971,147.38397429587
POL,Q1.2021,0.014258862393990324,0.014258862393990324,0.0,0.0,0.08801552910320254,0.0,0.08801552910320254,0.0,0.0024949754370087395,0.0011731606141174276,0.0024949754370087395,0.0011731606141174276,0.0,0.0,0.0,0.0,0.015400708494134248,0.007241556115872388,0.0,0.0,0.015400708494134248,0.007241556115872388,0.0,0.0,1215.42286899201,571.50311712429
AUS,Q2.2021,30.44762966996055,2.347436301085393,28.100193368875154,0.0,0.0,0.0,0.0,0.0,2.0369395358085827,2.482449204899484,0.15704295740927843,0.19139064164757924,1.8798965783993042,2.2910585632519047,0.0,0.0,0.0,0.0,0.0,0.0,0.0,0.0,0.0,0.0,1226.51571721458,1494.77336635199
CAN,Q2.2021,20.504749809281783,5.6667672200197,14.837982589262083,0.07456272657920238,0.0,0.0,0.0,0.0,1.2085752854931875,1.1897238619754564,0.3340062607181177,0.3287964127641266,0.8745690247750697,0.8609274492113298,0.004394819219974985,0.004326268589001421,0.0,0.0,0.0,0.0,0.0,0.0,0.0,0.0,1723.48815255626,1696.60508992738
FRA,Q2.2021,54.30159431837425,17.177471224312008,37.12412309406224,-0.11457218907976596,0.0,0.0,0.0,0.0,2.075104525629577,1.8679019105759798,0.6564272877045217,0.5908819385787224,1.4186772379250552,1.2770199719972575,-0.004378311006427702,-0.003941129419261857,0.0,0.0,0.0,0.0,0.0,0.0,0.0,0.0,2907.09024981028,2616.81248571801
DEU,Q2.2021,100.43280362318828,23.966919046442662,76.46588457674562,0.0,0.7988973015482088,0.0,0.7988973015482088,0.0,2.7918805654534253,2.413214774126523,0.6662442258468402,0.5758807983711021,2.125636339606585,1.8373339757554206,0.0,0.0,0.02220814086156468,0.019196026612372956,0.0,0.0,0.02220814086156468,0.019196026612372956,0.0,0.0,4161.78471555813,3597.31733749424
ITA,Q2.2021,45.651274374176516,11.412818593544126,34.23845578063239,0.0,0.0,0.0,0.0,0.0,2.379954283240992,1.952862177144374,0.5949885708102479,0.48821554428609326,1.7849657124307443,1.4646466328582808,0.0,0.0,0.0,0.0,0.0,0.0,0.0,0.0,0.0,0.0,2337.65981585712,1918.15761738117
JPN,Q2.2021,29.969679414290795,4.6827624084828585,25.286917005807936,-216.3436232719078,0.0,0.0,0.0,0.0,0.6566059568484033,0.5628264997739391,0.10259468075756131,0.0879416405896765,0.554011276090842,0.47488485918426254,-4.7398742509993275,-4.06290379524305,0.0,0.0,0.0,0.0,0.0,0.0,0.0,0.0,5324.85222823165,4564.33255009445
KOR,Q2.2021,0.0006366310100265338,7.342918223862682e-05,0.000563201827787907,0.00034291428105603927,0.000520612902079165,0.0,0.000520612902079165,0.0009178647779890525,3.886287527895103e-05,2.952095192040355e-05,4.482453895948587e-06,3.4049540853039923e-06,3.4380421383002445e-05,2.6115997835099558e-05,2.093305969418075e-05,1.590113557844625e-05,3.178059812272116e-05,2.4141124465143847e-05,0.0,0.0,3.178059812272116e-05,2.4141124465143847e-05,5.603067369973687e-05,4.2561926066588195e-05,2156.5395714307,1638.14696019506
ESP,Q2.2021,0.011412818593541374,0.0,0.011412818593541374,0.0,0.0,0.0,0.0,0.0,0.000862048432624059,0.0006352709519516698,0.0,0.0,0.000862048432624059,0.0006352709519516698,0.0,0.0,0.0,0.0,0.0,0.0,0.0,0.0,0.0,0.0,1796.52769554142,1323.91849014805
GBR,Q2.2021,0.0,0.0,0.0,0.0,15.3956157889711,0.0,15.3956157889711,0.0,0.0,0.0,0.0,0.0,0.0,0.0,0.0,0.0,0.48760605250706524,0.5233064861782205,0.0,0.0,0.48760605250706524,0.5233064861782205,0.0,0.0,2941.98833677897,3157.38816403392
USA,Q2.2021,0.2720000000002756,-3.1000000000000227,3.3720000000002983,0.0,0.0,0.0,0.0,0.0,0.0013648468991080947,0.00136175571933282,-0.015555240394231009,-0.015520010036498172,0.016920087293339103,0.01688176575583099,0.0,0.0,0.0,0.0,0.0,0.0,0.0,0.0,0.0,0.0,19974.2138871676,19928.975197
MEX,Q2.2021,0.0,2.578470162003789,-2.578470162003789,0.0,-2.4147350785597155e-15,-1.9984014443252818e-15,-4.163336342344337e-16,-2.6645352591003757e-14,0.0,0.0,0.20157663196958323,0.10826322725416768,-0.20157663196958323,-0.10826322725416768,0.0,0.0,-1.8877634164926947e-16,-1.0138841876904248e-16,-1.5622869653732645e-16,-8.390765691231102e-17,-3.2547645111943016e-17,-1.748076185673146e-17,-2.083049287164353e-15,-1.1187687588308135e-15,2381.66755915225,1279.15132662444
TUR,Q2.2021,6.477135721870162,0.6035430393187631,5.873592682551399,-0.04229583523566127,0.0,0.0,0.0,0.5273109280821302,0.6496276666938308,0.2775379970503965,0.060532660302005395,0.02586114193973902,0.5890950063918253,0.25167685511065746,-0.004242082601763972,-0.0018123290755268696,0.0,0.0,0.0,0.0,0.0,0.0,0.05288692140192571,0.022594681520807222,2333.78340649119,997.05355143423
AUT,Q2.2021,0.0,0.0,0.0,0.0,0.0,0.0,0.0,0.0,0.0,0.0,0.0,0.0,0.0,0.0,0.0,0.0,0.0,0.0,0.0,0.0,0.0,0.0,0.0,0.0,468.59916169989,413.94954015927
BEL,Q2.2021,0.9130254874835284,0.9130254874835284,0.0,-0.4565127437417651,0.5706409296772064,0.5706409296772064,0.0,0.0,0.18439091687908465,0.16441371668348093,0.18439091687908465,0.16441371668348093,0.0,0.0,-0.09219545843954251,-0.08220685834174063,0.11524432304942814,0.10275857292717579,0.11524432304942814,0.10275857292717579,0.0,0.0,0.0,0.0,555.32196820368,495.15751802582
CZE,Q2.2021,9.435486476879825,3.5243049945605933,5.911181482319233,0.0,0.4997791923826753,0.0,0.4997791923826753,0.0,4.375566345921827,2.316048584494889,1.6343439593443179,0.8650811607839358,2.7412223865775096,1.4509674237109529,0.0,0.0,0.2317651580488272,0.12267654602803965,0.0,0.0,0.2317651580488272,0.12267654602803965,0.0,0.0,407.3958784823,215.64034757864
DNK,Q2.2021,0.0,0.0,0.0,0.0,9.278292235594947,9.278292235594947,0.0,0.0,0.0,0.0,0.0,0.0,0.0,0.0,0.0,0.0,2.78960351423111,2.982764276733483,2.78960351423111,2.982764276733483,0.0,0.0,0.0,0.0,311.06354290108,332.60254327405
EST,Q2.2021,0.6137999999999999,0.2111,0.40269999999999984,0.0,0.0,0.0,0.0,0.0,2.28215269461751,1.3369178233626702,0.7848850339422557,0.45979692491342417,1.4972676606752544,0.877120898449246,0.0,0.0,0.0,0.0,0.0,0.0,0.0,0.0,0.0,0.0,45.91157281875,26.89565871064
FIN,Q2.2021,3.6730801479291926,2.002827378516392,1.6702527694128007,0.0,0.0,0.0,0.0,0.0,1.4418702090894004,1.4465369443265925,0.7862113035185192,0.7887559430920948,0.6556589055708812,0.6577810012344978,0.0,0.0,0.0,0.0,0.0,0.0,0.0,0.0,0.0,0.0,253.92231856471,254.7441596875
GRC,Q2.2021,7.760716643610006,0.48860787080039625,7.272108772809609,0.9472639432641625,0.0,0.0,0.0,0.0,3.80608246651558,2.573653400982068,0.23962759310200005,0.162034946794179,3.56645487341358,2.4116184541878893,0.4645659481188135,0.31413710629634073,0.0,0.0,0.0,0.0,0.0,0.0,0.0,0.0,301.5447472705,203.90300819506
ISL,Q2.2021,0.0,0.0,0.0,0.0,0.0,0.0,0.0,0.0,0.0,0.0,0.0,0.0,0.0,0.0,0.0,0.0,0.0,0.0,0.0,0.0,0.0,0.0,0.0,0.0,19.06914282116,20.72999982729
IRL,Q2.2021,6.5953424585950176,-0.911007842379834,7.506350300974852,0.4801454389703319,5.864286921181142,2.5309368338247786,3.3333500873563633,0.0,1.7754873566844003,1.5782455877581258,-0.2452462349211047,-0.2180014330833264,2.020733591605505,1.7962470208414523,0.12925669313055033,0.11489735753593357,1.5786848597919247,1.403306199307419,0.6813363183539686,0.6056455621455932,0.8973485414379562,0.7976606371618258,0.0,0.0,417.89075855828,371.46659669328
ISR,Q2.2021,1.1665104130534063,1.4889697084849915,-0.32245929543158525,-0.0002753047915082796,0.0,0.0,0.0,0.0,0.3254225270884815,0.34068972667221864,0.41537930555207286,0.43486682787437764,-0.08995677846359136,-0.09417710120215902,-7.680204134456377e-05,-8.040520952144623e-05,0.0,0.0,0.0,0.0,0.0,0.0,0.0,0.0,342.39670930134,358.46025273359
LVA,Q2.2021,0.0,0.0,0.0,0.0,0.0,0.0,0.0,0.0,0.0,0.0,0.0,0.0,0.0,0.0,0.0,0.0,0.0,0.0,0.0,0.0,0.0,0.0,0.0,0.0,55.42258974,30.16007752305
LTU,Q2.2021,0.5557523244400566,0.35618561001317595,0.19956671442688068,0.10354076424571956,0.0,0.0,0.0,0.0,1.1526121340562512,0.5721379352516422,0.7387172990973168,0.36668726430358933,0.4138948349589344,0.20545067094805297,0.21474015670436708,0.10659352460578443,0.0,0.0,0.0,0.0,0.0,0.0,0.0,0.0,97.1360733484,48.21676850514
LUX,Q2.2021,0.0,0.0,0.0,0.0,0.0,0.0,0.0,0.0,0.0,0.0,0.0,0.0,0.0,0.0,0.0,0.0,0.0,0.0,0.0,0.0,0.0,0.0,0.0,0.0,66.34348446884,66.55749589674
NLD,Q2.2021,52.72722190217386,12.143238983530951,40.58398291864291,0.0,0.0,0.0,0.0,0.0,6.275179411940879,5.654754980144348,1.4451928342651723,1.3023072075483955,4.829986577675707,4.352447772595953,0.0,0.0,0.0,0.0,0.0,0.0,0.0,0.0,0.0,0.0,932.44043441875,840.25042856688
NZL,Q2.2021,4.440892098500626e-15,0.7800257710126361,-0.7800257710126317,0.0,0.0,0.0,0.0,0.0,2.1649348980190553e-15,2.275957200481571e-15,0.3843644812913409,0.4021294374513985,-0.3843644812913387,-0.40212943745139623,0.0,0.0,0.0,0.0,0.0,0.0,0.0,0.0,0.0,0.0,193.97380504055,202.93908750153
NOR,Q2.2021,10.50358438799893,1.4762368351181505,9.02734755288078,0.0,0.8390123019736251,0.8390123019736251,0.0,0.0,2.5602928587666662,3.1785288964799574,0.35983893566083563,0.4467295415679615,2.2004539231058304,2.731799354911996,0.0,0.0,0.2045127763827771,0.2538966459271148,0.2045127763827771,0.2538966459271148,0.0,0.0,0.0,0.0,330.45426768437,410.24933347112
PRT,Q2.2021,0.4565127437417651,0.0,0.4565127437417651,0.0,0.0,0.0,0.0,0.0,0.2053012478887321,0.13378998732291728,0.0,0.0,0.2053012478887321,0.13378998732291728,0.0,0.0,0.0,0.0,0.0,0.0,0.0,0.0,0.0,0.0,341.21592570296,222.36238134762
SVK,Q2.2021,0.0,0.0,0.0,0.0,0.0,0.0,0.0,0.0,0.0,0.0,0.0,0.0,0.0,0.0,0.0,0.0,0.0,0.0,0.0,0.0,0.0,0.0,0.0,0.0,181.71174374815,99.48906117369
SVN,Q2.2021,0.3557057711627182,-0.04451274374176506,0.40021851490448324,0.374,0.0,0.0,0.0,0.0,0.7055137615375295,0.4678039094743135,-0.08828744377960296,-0.05854061764519516,0.7938012053171325,0.5263445271195086,0.7417988916866123,0.49186343412842204,0.0,0.0,0.0,0.0,0.0,0.0,0.0,0.0,76.03736607555,50.41797772839
SWE,Q2.2021,0.0,0.0,0.0,0.0,0.0,0.0,0.0,0.0,0.0,0.0,0.0,0.0,0.0,0.0,0.0,0.0,0.0,0.0,0.0,0.0,0.0,0.0,0.0,0.0,521.00449074292,549.82128194674
CHE,Q2.2021,3.8322799069066686,2.2988468883408597,1.533433018565809,0.0,0.0026534631329331315,6.0615948210829274e-05,0.0025928471847223022,0.0,0.5129473599185914,0.6486438194172511,0.307698673081353,0.38909809881619206,0.20524868683723846,0.25954572060105907,0.0,0.0,0.00035516375153765934,0.00044911971542754234,8.113392382344105e-06,1.0259730792161092e-05,0.00034705035915531525,0.00043885998463538125,0.0,0.0,590.81421763174,747.10978286639
CHL,Q2.2021,11.328436070309328,-0.6989117388089003,12.027347809118229,0.2461605787508705,3.2859281358385646,3.2859281358385646,0.0,-1.4672521220830275,4.324499746195286,2.5671259331396246,-0.2668014912502804,-0.15837971265728693,4.591301237445567,2.7255056457969116,0.09396896038645842,0.05578221049278195,1.2543651481330917,0.744620994424166,1.2543651481330917,0.744620994424166,0.0,0.0,-0.5601065663584832,-0.3324925832370997,441.28867711817,261.95945739796
COL,Q2.2021,1.4008972612615151,0.9414948021528327,0.4594024591086825,0.373652026622256,0.06525372348982739,0.06308762478477092,0.002166098705056463,0.0,0.4358658443041096,0.2028906438775413,0.29293042266264324,0.13635581416165496,0.14293542164146633,0.06653482971588633,0.11625560315036453,0.054115674549374146,0.02030260895596903,0.009450635917680358,0.0196286634304597,0.00913692186232168,0.0006739455255093304,0.00031371405535867715,0.0,0.0,690.46912883132,321.40560669491
CRI,Q2.2021,0.0,0.0,0.0,0.0,0.0,0.0,0.0,0.0,0.0,0.0,0.0,0.0,0.0,0.0,0.0,0.0,0.0,0.0,0.0,0.0,0.0,0.0,0.0,0.0,91.23348790861,64.38249419652
HUN,Q2.2021,2.5891373283260455,2.8357904306323585,-0.246653102306313,-2.9,0.0,0.0,0.0,0.0,1.7567292106863743,0.8355070124679481,1.9240832961523846,0.9151012442490548,-0.16735408546601035,-0.07959423178110672,-1.9676494773972615,-0.9358214837231409,0.0,0.0,0.0,0.0,0.0,0.0,0.0,0.0,309.88816247971,147.38397429587
POL,Q2.2021,1.5898896693499602,1.5898896693499602,0.0,0.0,0.0,0.0,0.0,0.0,0.2781944002947918,0.13080958980708565,0.2781944002947918,0.13080958980708565,0.0,0.0,0.0,0.0,0.0,0.0,0.0,0.0,0.0,0.0,0.0,0.0,1215.42286899201,571.50311712429
AUS,Q3.2021,0.0,0.0,0.0,0.0,0.0,0.0,0.0,0.0,0.0,0.0,0.0,0.0,0.0,0.0,0.0,0.0,0.0,0.0,0.0,0.0,0.0,0.0,0.0,0.0,1226.51571721458,1494.77336635199
CAN,Q3.2021,0.671064539212864,0.671064539212864,0.0,4.5744234136235065,0.0,0.0,0.0,0.0,0.039553372979777374,0.03893641730101526,0.039553372979777374,0.03893641730101526,0.0,0.0,0.26962216727873345,0.26541658594164214,0.0,0.0,0.0,0.0,0.0,0.0,0.0,0.0,1723.48815255626,1696.60508992738
FRA,Q3.2021,0.0,0.0,0.0,0.0,0.0,0.0,0.0,0.0,0.0,0.0,0.0,0.0,0.0,0.0,0.0,0.0,0.0,0.0,0.0,0.0,0.0,0.0,0.0,0.0,2907.09024981028,2616.81248571801
DEU,Q3.2021,69.6181934206192,0.0,69.6181934206192,0.0,0.0,0.0,0.0,0.0,1.9352808465074895,1.67279660479225,0.0,0.0,1.9352808465074895,1.67279660479225,0.0,0.0,0.0,0.0,0.0,0.0,0.0,0.0,0.0,0.0,4161.78471555813,3597.31733749424
ITA,Q3.2021,0.0,0.0,0.0,0.0,0.0,0.0,0.0,0.0,0.0,0.0,0.0,0.0,0.0,0.0,0.0,0.0,0.0,0.0,0.0,0.0,0.0,0.0,0.0,0.0,2337.65981585712,1918.15761738117
JPN,Q3.2021,13.111734743751498,10.302077298662283,2.809657445089215,0.0,0.0,0.0,0.0,0.0,0.28726510612116063,0.24623659365108472,0.22570829766663478,0.1934716092972882,0.06155680845452583,0.052764984353796514,0.0,0.0,0.0,0.0,0.0,0.0,0.0,0.0,0.0,0.0,5324.85222823165,4564.33255009445
KOR,Q3.2021,31.3557937785978,3.4745609322229996,27.8812328463748,-11.610118236940266,0.0,0.0,0.0,0.0,1.9141013926408748,1.4539864788011108,0.21210312729263747,0.16111742062390688,1.7019982653482373,1.2928690581772038,-0.7087348399778374,-0.5383679664750058,0.0,0.0,0.0,0.0,0.0,0.0,0.0,0.0,2156.5395714307,1638.14696019506
ESP,Q3.2021,10.431316194499331,5.831950301301049,4.599365893198282,0.0,0.0,0.0,0.0,0.0,0.7879122674185801,0.5806376500839662,0.4405067490710005,0.32462345644738155,0.34740551834757954,0.2560141936365846,0.0,0.0,0.0,0.0,0.0,0.0,0.0,0.0,0.0,0.0,1796.52769554142,1323.91849014805
GBR,Q3.2021,81.62181137451262,-73.12917499761264,154.75098637212525,1.9244519736213839,0.038489039472427766,0.038489039472427766,0.0,0.0,2.5851053824890355,2.7743757632933415,-2.3161287494085574,-2.4857058093465447,4.901234131897593,5.260081572639886,0.06095075656338305,0.06541331077227745,0.0012190151312676638,0.001308266215445552,0.0012190151312676638,0.001308266215445552,0.0,0.0,0.0,0.0,2941.98833677897,3157.38816403392
USA,Q3.2021,0.0,0.0,0.0,0.0,0.0,0.0,0.0,0.0,0.0,0.0,0.0,0.0,0.0,0.0,0.0,0.0,0.0,0.0,0.0,0.0,0.0,0.0,0.0,0.0,19974.2138871676,19928.975197
MEX,Q3.2021,0.0,0.0,0.0,0.0,0.10239412195682918,0.0,0.10239412195682918,0.4514649922642011,0.0,0.0,0.0,0.0,0.0,0.0,0.0,0.0,0.00800484820095818,0.004299261732114963,0.0,0.0,0.00800484820095818,0.004299261732114963,0.03529410343149741,0.01895583581887051,2381.66755915225,1279.15132662444
TUR,Q3.2021,5.234121210982787,-0.23266279540380985,5.466784006386597,0.01376658570374012,0.0,0.0,0.0,1.4269426648543515,0.5249588854534111,0.22427622016784382,-0.02333503502085036,-0.009969339689222277,0.5482939204742614,0.2342455598570661,0.0013807268109057253,0.0005898827485639717,0.0,0.0,0.0,0.0,0.0,0.0,0.14311595027185245,0.06114289187614628,2333.78340649119,997.05355143423
AUT,Q3.2021,15.521433287220011,4.7933838092885335,10.728049477931478,0.0,1.9401791609025008,0.0,1.9401791609025008,0.0,3.7495954896454364,3.3123049625002468,1.1579633129787377,1.0229177090074293,2.5916321766666988,2.2893872534928175,0.0,0.0,0.46869943620567944,0.4140381203125307,0.0,0.0,0.46869943620567944,0.4140381203125307,0.0,0.0,468.59916169989,413.94954015927
BEL,Q3.2021,0.45651274374176687,0.45651274374176687,0.0,-0.34238455780632293,0.0,0.0,0.0,0.0,0.09219545843954287,0.08220685834174095,0.09219545843954287,0.08220685834174095,0.0,0.0,-0.0691465938296567,-0.061655143756305306,0.0,0.0,0.0,0.0,0.0,0.0,0.0,0.0,555.32196820368,495.15751802582
CZE,Q3.2021,0.0,0.0,0.0,-0.9478570890016264,0.20249674174125293,-0.00430844131364376,0.2068051830548967,0.0,0.0,0.0,0.0,0.0,0.0,0.0,-0.43955461009260366,-0.23266241488076506,0.09390484851978186,0.04970515226998075,-0.0019979755004209273,-0.0010575564312762058,0.09590282402020278,0.05076270870125695,0.0,0.0,407.3958784823,215.64034757864
DNK,Q3.2021,0.0,0.0,0.0,0.0,0.0,0.0,0.0,0.0,0.0,0.0,0.0,0.0,0.0,0.0,0.0,0.0,0.0,0.0,0.0,0.0,0.0,0.0,0.0,0.0,311.06354290108,332.60254327405
EST,Q3.2021,0.0,0.0,0.0,0.0,0.0,0.0,0.0,0.0,0.0,0.0,0.0,0.0,0.0,0.0,0.0,0.0,0.0,0.0,0.0,0.0,0.0,0.0,0.0,0.0,45.91157281875,26.89565871064
FIN,Q3.2021,1.3124741382575742,0.5706409296772064,0.7418332085803678,-1.82605097496706,0.0,0.0,0.0,0.0,0.5152126509465864,0.5168801803938715,0.2240055004115594,0.2247305132147268,0.29120715053502705,0.2921496671791447,-0.7168176013169899,-0.7191376422871257,0.0,0.0,0.0,0.0,0.0,0.0,0.0,0.0,253.92231856471,254.7441596875
GRC,Q3.2021,0.0,0.0,0.0,0.1483666417160734,0.0,0.0,0.0,0.0,0.0,0.0,0.0,0.0,0.0,0.0,0.07276334127162126,0.049202197371715925,0.0,0.0,0.0,0.0,0.0,0.0,0.0,0.0,301.5447472705,203.90300819506
ISL,Q3.2021,0.19510445104624002,0.019965198850822666,0.17513925219541737,0.07532027085825337,0.002178003185766747,0.0,0.002178003185766747,0.0,0.9411695739109214,1.023142219217862,0.09631065613681042,0.1046989843123329,0.8448589177741109,0.9184432349055291,0.3633394668874913,0.3949850896007477,0.010506527756452345,0.01142161032718227,0.0,0.0,0.010506527756452345,0.01142161032718227,0.0,0.0,19.06914282116,20.72999982729
IRL,Q3.2021,6.003142580204218,0.11412818593544127,5.889014394268777,0.45651274374176465,0.0,0.0,0.0,0.0,1.616065248838784,1.4365339403328792,0.03072367393229624,0.02731053118503569,1.5853415749064879,1.4092234091478435,0.12289469572918485,0.10924212474014265,0.0,0.0,0.0,0.0,0.0,0.0,0.0,0.0,417.89075855828,371.46659669328
ISR,Q3.2021,1.5000000000000018,2.9000000000000004,-1.3999999999999986,0.0,0.0,0.0,0.0,0.0,0.4184564365396494,0.4380883224785511,0.809015777309988,0.8469707567918646,-0.39055934077033855,-0.4088824343133135,0.0,0.0,0.0,0.0,0.0,0.0,0.0,0.0,0.0,0.0,342.39670930134,358.46025273359
LVA,Q3.2021,0.6360889659211653,0.0,0.6360889659211653,0.0,0.0,0.0,0.0,0.0,2.10904287442574,1.1477070431122105,0.0,0.0,2.10904287442574,1.1477070431122105,0.0,0.0,0.0,0.0,0.0,0.0,0.0,0.0,0.0,0.0,55.42258974,30.16007752305
LTU,Q3.2021,0.23779700000000026,0.013394000000000128,0.22440300000000013,0.0013800000000001589,0.011412818593544094,0.011412818593544094,0.0,0.0,0.49318319616266,0.2448081251412014,0.027778717685264,0.013788904099468367,0.46540447847739597,0.23101922104173303,0.0028620748399035664,0.0014206874464139433,0.02366981228185681,0.011749310220323089,0.02366981228185681,0.011749310220323089,0.0,0.0,0.0,0.0,97.1360733484,48.21676850514
LUX,Q3.2021,0.0,0.0,0.0,0.0,0.0,0.0,0.0,0.0,0.0,0.0,0.0,0.0,0.0,0.0,0.0,0.0,0.0,0.0,0.0,0.0,0.0,0.0,0.0,0.0,66.34348446884,66.55749589674
NLD,Q3.2021,0.0,0.0,0.0,-1.2554100452898531,0.0,0.0,0.0,0.0,0.0,0.0,0.0,0.0,0.0,0.0,-0.1494090336176399,-0.1346370233367701,0.0,0.0,0.0,0.0,0.0,0.0,0.0,0.0,932.44043441875,840.25042856688
NZL,Q3.2021,0.0,0.0,0.0,0.0,0.5904184128402439,0.5904184128402439,0.0,0.0,0.0,0.0,0.0,0.0,0.0,0.0,0.0,0.0,0.29093380684280085,0.30438048720899075,0.29093380684280085,0.30438048720899075,0.0,0.0,0.0,0.0,193.97380504055,202.93908750153
NOR,Q3.2021,0.0,0.0,0.0,0.0,0.0,0.0,0.0,0.0,0.0,0.0,0.0,0.0,0.0,0.0,0.0,0.0,0.0,0.0,0.0,0.0,0.0,0.0,0.0,0.0,330.45426768437,410.24933347112
PRT,Q3.2021,0.7988973015480907,0.3423845578063238,0.45651274374176687,0.0,0.0,0.0,0.0,0.0,0.35927718380528195,0.23413247781510577,0.15397593591654907,0.10034249049218798,0.20530124788873289,0.1337899873229178,0.0,0.0,0.0,0.0,0.0,0.0,0.0,0.0,0.0,0.0,341.21592570296,222.36238134762
SVK,Q3.2021,1.6802751266758578,1.0192067280989021,0.6610683985769557,0.0,0.0,0.0,0.0,0.0,1.6889043949690103,0.9246926434235841,1.0244409948944542,0.5608920519256635,0.6644634000745561,0.36380059149792066,0.0,0.0,0.0,0.0,0.0,0.0,0.0,0.0,0.0,0.0,181.71174374815,99.48906117369
SVN,Q3.2021,1.0209999999999995,-0.011999999999999955,1.0329999999999995,0.0,0.0,0.0,0.0,0.0,2.025071305914521,1.3427608723131514,-0.023801033957859128,-0.015781714464013483,2.04887233987238,1.358542586777165,0.0,0.0,0.0,0.0,0.0,0.0,0.0,0.0,0.0,0.0,76.03736607555,50.41797772839
SWE,Q3.2021,0.0,0.0,0.0,0.0,0.0,0.0,0.0,0.0,0.0,0.0,0.0,0.0,0.0,0.0,0.0,0.0,0.0,0.0,0.0,0.0,0.0,0.0,0.0,0.0,521.00449074292,549.82128194674
CHE,Q3.2021,1.2984084998357872,0.6508019634123627,0.6476065364234245,0.0,0.10651423296438023,0.10651423296438023,0.0,0.0,0.17379085773101022,0.21976595367667628,0.08710928143859542,0.11015340254015579,0.08668157629241481,0.10961255113652048,0.0,0.0,0.014256838205989438,0.018028380121138443,0.014256838205989438,0.018028380121138443,0.0,0.0,0.0,0.0,590.81421763174,747.10978286639
CHL,Q3.2021,0.0,0.0,0.0,0.758679527329611,0.0,0.0,0.0,0.0,0.0,0.0,0.0,0.0,0.0,0.0,0.28961715483211226,0.17192363336493421,0.0,0.0,0.0,0.0,0.0,0.0,0.0,0.0,441.28867711817,261.95945739796
COL,Q3.2021,0.0,0.0,0.0,0.0,0.0,0.0,0.0,0.0,0.0,0.0,0.0,0.0,0.0,0.0,0.0,0.0,0.0,0.0,0.0,0.0,0.0,0.0,0.0,0.0,690.46912883132,321.40560669491
CRI,Q3.2021,0.145346626042143,0.0,0.145346626042143,0.0,0.0,0.0,0.0,0.0,0.2257548854794123,0.1593128021015035,0.0,0.0,0.2257548854794123,0.1593128021015035,0.0,0.0,0.0,0.0,0.0,0.0,0.0,0.0,0.0,0.0,91.23348790861,64.38249419652
HUN,Q3.2021,1.510862671673956,0.6642095693676415,0.8466531023063144,0.0,0.006423229688640397,0.0,0.006423229688640397,0.0,1.0251200504614792,0.4875509472785622,0.45066607312017243,0.21433847748577065,0.5744539773413068,0.2732124697927915,0.0,0.0,0.004358160186226156,0.0020727573577648227,0.0,0.0,0.004358160186226156,0.0020727573577648227,0.0,0.0,309.88816247971,147.38397429587
POL,Q3.2021,0.0,0.0,0.0,0.0,0.0,0.0,0.0,0.0,0.0,0.0,0.0,0.0,0.0,0.0,0.0,0.0,0.0,0.0,0.0,0.0,0.0,0.0,0.0,0.0,1215.42286899201,571.50311712429
