Country,Quarter,ab_us,health_us,nhealth_us,acc_us,of_us,be_us,gu_us,qf_us,ab_per,ab_ppp,health_per,health_ppp,nhealth_per,nhealth_ppp,acc_per,acc_ppp,of_per,of_ppp,be_per,be_ppp,gu_per,gu_ppp,qf_per,qf_ppp,real_gdp_per,real_gdp_ppp
AUS,Q1.2020,110.0051,2.1168,107.8883,0.0,24.0029,10.3255,13.6774,0.0,7.3593163001337505,8.968910749046236,0.14161344105067059,0.1725864552969005,7.21770285908308,8.796324293749336,0.0,0.0,1.6057885790793376,1.9569989738501388,0.690773613741827,0.8418563133825332,0.9150149653375106,1.1151426604676056,0.0,0.0,1226.51571721458,1494.77336635199
CAN,Q1.2020,81.0,2.4,78.6,63.75,51.7,3.7,48.0,0.0,4.774240068056559,4.699771209907165,0.1414589649794536,0.13925248029354564,4.6327811030771056,4.560518729613619,3.7575037572667362,3.6988940077973065,3.0472618705990637,2.999730512990129,0.21808257100999098,0.21468090711921622,2.8291792995890725,2.785049605870913,0.0,0.0,1723.48815255626,1696.60508992738
FRA,Q1.2020,16.5,5.5,11.0,48.5,348.0,0.0,348.0,0.0,0.630538110393977,0.5675778383927643,0.21017937013132568,0.18919261279758812,0.42035874026265135,0.37838522559517623,1.8533999002489625,1.6683348583060043,13.298621964672968,11.970732591556484,0.0,0.0,13.298621964672968,11.970732591556484,0.0,0.0,2907.09024981028,2616.81248571801
DEU,Q1.2020,143.0,11.2,131.8,0.0,1072.0,223.0,849.0,0.0,3.9751844662002656,3.436025882487833,0.3113431190310697,0.2691153138731729,3.6638413471691957,3.16691056861466,0.0,0.0,29.799984250116676,25.75818004214655,6.199063887850763,5.358278124439068,23.600920362265914,20.39990191770748,0.0,0.0,4161.78471555813,3597.31733749424
ITA,Q1.2020,22.0,3.63,18.37,0.0,591.0,0.0,591.0,0.0,1.1469339016069102,0.9411121263567402,0.18924409376514018,0.15528350084886214,0.9576898078417699,0.7858286255078781,0.0,0.0,30.81081526589472,25.281693939856066,0.0,0.0,30.81081526589472,25.281693939856066,0.0,0.0,2337.65981585712,1918.15761738117
JPN,Q1.2020,497.0,12.1906,484.8094,0.0,19.0,0.0,19.0,0.0,10.88877715515526,9.333592345811455,0.26708395731918655,0.22893780855301635,10.621693197836073,9.104654537258439,0.0,0.0,0.41627115884899385,0.35681741362257074,0.0,0.0,0.41627115884899385,0.35681741362257074,0.0,0.0,5324.85222823165,4564.33255009445
KOR,Q1.2020,24.0,2.5,21.5,14.0,215.0,101.0,114.0,0.0,1.465070020161209,1.1128940232744176,0.15261146043345927,0.11592646075775184,1.3124585597277498,0.9969675625166657,0.854624178427372,0.6491881802434102,13.124585597277498,9.969675625166659,6.1655030015117545,4.683429014613174,6.959082595765744,5.2862466105534835,0.0,0.0,2156.5395714307,1638.14696019506
ESP,Q1.2020,14.892900000000001,4.1786,10.7143,0.0,175.6152,11.0,164.6152,11.4316,1.124910642975805,0.8289824886619253,0.3156236604515372,0.23259313009035992,0.8092869825242677,0.5963893585715654,0.0,0.0,13.264804540977552,9.775257038109551,0.8308668609024338,0.6122922584104626,12.433937680075118,9.162964779699088,0.8634670551902056,0.6363163801131858,1796.52769554142,1323.91849014805
GBR,Q1.2020,83.000000005,6.384615385,76.61538462,0.0,423.0,423.0,0.0,0.0,2.628755024499684,2.8212212457603547,0.20221192496151416,0.2170170189046427,2.42654309953817,2.604204226855712,0.0,0.0,13.397149099956392,14.378031167286023,13.397149099956392,14.378031167286023,0.0,0.0,0.0,0.0,2941.98833677897,3157.38816403392
USA,Q1.2020,1395.0,9.45,1385.55,0.0,510.0,56.0,454.0,0.0,6.999858177403903,6.984004516424125,0.047418394104994176,0.04731099833706665,6.952439783298908,6.936693518087059,0.0,0.0,2.5590879358250826,2.5532919737464543,0.2809978909925581,0.28036147162706165,2.2780900448325245,2.272930502119393,0.0,0.0,19974.2138871676,19928.975197
MEX,Q1.2020,1.862,1.862,0.0,0.0,3.3,3.3,0.0,0.0,0.14556526356530802,0.07818051653954491,0.14556526356530802,0.07818051653954491,0.0,0.0,0.0,0.0,0.25798354982036326,0.1385583805480656,0.25798354982036326,0.1385583805480656,0.0,0.0,0.0,0.0,2381.66755915225,1279.15132662444
TUR,Q1.2020,0.0,0.0,0.0,0.0,3.8,0.0,3.8,0.0,0.0,0.0,0.0,0.0,0.0,0.0,0.0,0.0,0.3811229591965065,0.1628257356458475,0.0,0.0,0.3811229591965065,0.1628257356458475,0.0,0.0,2333.78340649119,997.05355143423
AUT,Q1.2020,31.7647,0.0,31.7647,0.0,0.0,0.0,0.0,0.0,7.673568132912603,6.778650624292711,0.0,0.0,7.673568132912603,6.778650624292711,0.0,0.0,0.0,0.0,0.0,0.0,0.0,0.0,0.0,0.0,468.59916169989,413.94954015927
BEL,Q1.2020,0.0,0.0,0.0,0.0,54.0,0.0,54.0,0.0,0.0,0.0,0.0,0.0,0.0,0.0,0.0,0.0,10.90562054178165,9.724088563374462,0.0,0.0,10.90562054178165,9.724088563374462,0.0,0.0,555.32196820368,495.15751802582
CZE,Q1.2020,9.075121544448312,0.022540984,9.05258056044831,0.0,21.10423025660159,0.806964426,20.29726583060159,0.0,4.20845247484995,2.2275928706634165,0.010453045662885387,0.005532943554552756,4.197999429187065,2.2220599271088637,0.0,0.0,9.786772509678539,5.180275837650256,0.3742177357165106,0.19807869166625844,9.412554773962029,4.9821971459839975,0.0,0.0,407.3958784823,215.64034757864
DNK,Q1.2020,9.0,0.0,9.0,0.0,9.7,0.0,9.7,0.0,2.705932405509116,2.8932995220407594,0.0,0.0,2.705932405509116,2.8932995220407594,0.0,0.0,2.916393814826492,3.1183339293105963,0.0,0.0,2.916393814826492,3.1183339293105963,0.0,0.0,311.06354290108,332.60254327405
EST,Q1.2020,0.0,0.0,0.0,0.0,0.3435135079,0.166216216,0.1772972919,0.0,0.0,0.0,0.0,0.0,0.0,0.0,0.0,0.0,1.2772080118792744,0.7482067958249323,0.6180038860109583,0.36203555181215297,0.659204125868316,0.3861712440127794,0.0,0.0,45.91157281875,26.89565871064
FIN,Q1.2020,4.352352529,0.028823529,4.323529,4.5,13.1,1.1,12.0,0.0,1.7085190625524533,1.714048829422152,0.011314696688378813,0.011351317663970748,1.6972043658640745,1.7026975117581813,1.7664781816863806,1.7721955381614918,5.142414262242575,5.159058122203454,0.4318057777455597,0.4332033537728091,4.710608484497015,4.725854768430645,0.0,0.0,253.92231856471,254.7441596875
GRC,Q1.2020,6.366461,0.000541,6.36592,0.0,2.2164,1.1082,1.1082,0.0,3.122298712684829,2.1112823412204826,0.00026532222589009696,0.0001794095254176977,3.122033390458939,2.111102931695065,0.0,0.0,1.0869873964192438,0.7350152904543165,0.5434936982096219,0.36750764522715823,0.5434936982096219,0.36750764522715823,0.0,0.0,301.5447472705,203.90300819506
ISL,Q1.2020,0.8825382044332963,0.021328006607137996,0.8612101978261584,0.0,0.9193106296180171,0.0,0.9193106296180171,0.0,4.257299622701778,4.628095833725632,0.10288474088195963,0.11184564931503611,4.154414881819818,4.516250184410596,0.0,0.0,4.434687106981019,4.820933160130867,0.0,0.0,4.434687106981019,4.820933160130867,0.0,0.0,19.06914282116,20.72999982729
IRL,Q1.2020,23.434808652685703,2.286322795383971,21.148485857301733,2.8579034942299635,6.858968386151913,4.572645590767942,2.286322795383971,0.0,6.308725700048833,5.607879134139175,0.6154854341511056,0.5471101594282122,5.693240265897727,5.060768974710963,0.769356792688882,0.6838876992852652,1.8464563024533167,1.6413304782846365,1.2309708683022111,1.0942203188564243,0.6154854341511056,0.5471101594282122,0.0,0.0,417.89075855828,371.46659669328
ISR,Q1.2020,25.91830638288384,4.016326184192702,21.901980198691138,2.0803991745458603,11.153251130204193,0.9535162883335192,10.199734841870674,0.0,7.230454753416272,7.569671576508462,1.1204383620121092,1.1730037337064394,6.110016391404163,6.396667842802023,0.5803709501069918,0.6075990563083716,3.1114331491847054,3.257406051875436,0.2660033521323712,0.27848290080800364,2.845429797052334,2.9789231510674323,0.0,0.0,342.39670930134,358.46025273359
LVA,Q1.2020,2.6412118346100706,0.2311060355223796,2.410105799087691,0.0,1.0485610983298868,0.2311060355223796,0.8174550628075072,0.0,8.757311159401066,4.765587185659489,0.7662647264276943,0.4169888787343765,7.991046432973373,4.348598306925112,0.0,0.0,3.4766525302480353,1.8919381126882124,0.7662647264276943,0.4169888787343765,2.710387803820341,1.474949233953836,0.0,0.0,55.42258974,30.16007752305
LTU,Q1.2020,2.594976372760807,0.5715806988459927,2.0233956739148145,2.503523460945448,1.9662376040302147,0.36581164726143534,1.6004259567687795,0.0,5.381896077262369,2.671485765595394,1.1854396645952354,0.5884329880166066,4.196456412667134,2.0830527775787875,5.19222573092713,2.5773364875127363,4.077912446207609,2.0242094787771263,0.7586813853409505,0.3765971123306282,3.3192310608666586,1.6476123664464981,0.0,0.0,97.1360733484,48.21676850514
LUX,Q1.2020,3.543800332845155,0.2286322795383971,3.315168053306758,5.214588307548833,2.8579034942299635,0.0,2.8579034942299635,1.2574775374611842,5.324419564015976,5.341595126058831,0.343510939613934,0.3446190403908923,4.980908624402042,4.996976085667939,7.8347122849077095,7.859985572506376,4.293886745174174,4.307738004886154,0.0,0.0,4.293886745174174,4.307738004886154,1.889310167876637,1.8954047221499077,66.34348446884,66.55749589674
NLD,Q1.2020,22.0,0.0,22.0,45.0,0.0,0.0,0.0,0.0,2.618267037069283,2.359400041860477,0.0,0.0,2.618267037069283,2.359400041860477,5.3555462121871695,4.826045540169158,0.0,0.0,0.0,0.0,0.0,0.0,0.0,0.0,932.44043441875,840.25042856688
NZL,Q1.2020,11.088515533797038,0.31570903379703813,10.7728065,0.0,6.65220163246298,2.70583871,3.94636292246298,,5.463962448196895,5.716501530440668,0.15556837161527984,0.16275859192999773,5.3083940765816156,5.553742938510671,0.0,0.0,3.277930197854481,3.42943297476293,1.3333255526634809,1.3949505756379568,1.9446046451909997,2.034482399124973,0.0,0.0,193.97380504055,202.93908750153
NOR,Q1.2020,8.1,0.0,8.1,0.0,10.6,5.3,5.3,0.0,1.9744090578931335,2.4511712488266704,0.0,0.0,1.9744090578931335,2.4511712488266704,0.0,0.0,2.583794569588545,3.2077055848842844,1.2918972847942725,1.6038527924421422,1.2918972847942725,1.6038527924421422,0.0,0.0,330.45426768437,410.24933347112
PRT,Q1.2020,7.201916805459508,1.8290582363071768,5.3728585691523305,9.030975041766686,14.861098169995811,0.0,14.861098169995811,0.0,3.2388197867879107,2.1106625637775824,0.8225574061683585,0.5360412860387512,2.4162623806195525,1.5746212777388313,4.061377192956271,2.646703849816334,6.6832789251179126,4.355335449064854,0.0,0.0,6.6832789251179126,4.355335449064854,0.0,0.0,341.21592570296,222.36238134762
SVK,Q1.2020,2.5149550749223684,0.18290582363071767,2.3320492512916506,1.406088519161142,4.584077204744862,0.0,4.584077204744862,0.0,2.52787094908023,1.3840355185893003,0.18384515993310763,0.10065712862467636,2.3440257891471226,1.2833783899646238,1.4133096669857648,0.7738016763021995,4.60761932082351,2.5227192861559513,0.0,0.0,4.60761932082351,2.5227192861559513,0.0,0.0,181.71174374815,99.48906117369
SVN,Q1.2020,4.115381031691167,0.11431613976919908,4.001064891921968,0.0,3.3151680533067727,0.6858968386151943,2.6292712146915784,0.11431613976919908,8.162526973734263,5.4123140293972885,0.2267368603815073,0.1503420563721469,7.9357901133527555,5.261971973025141,0.0,0.0,6.5753689510637106,4.359919634792259,1.3604211622890434,0.9020523382328812,5.214947788774667,3.457867296559378,0.2267368603815073,0.1503420563721469,76.03736607555,50.41797772839
SWE,Q1.2020,11.0,0.0,11.0,0.0,25.0,0.0,25.0,0.0,2.0006500950731745,2.111306177863205,0.0,0.0,2.0006500950731745,2.111306177863205,0.0,0.0,4.546932034257215,4.798423131507285,0.0,0.0,4.546932034257215,4.798423131507285,0.0,0.0,521.00449074292,549.82128194674
CHE,Q1.2020,1.6825977,0.0,1.6825977,0.0,0.21161296000000002,0.10838709,0.10322587,0.0,0.22521425078179022,0.28479302795803385,0.0,0.0,0.22521425078179022,0.28479302795803385,0.0,0.0,0.028324212164391373,0.03581717461848563,0.014507518504731386,0.018345376053146827,0.013816693659659988,0.0174717985653388,0.0,0.0,590.81421763174,747.10978286639
CHL,Q1.2020,4.6,1.0,3.6,4.715270226,2.4,2.4,0.0,0.0,1.7559969186421984,1.0424015476762831,0.3817384605743909,0.2266090321035398,1.3742584580678074,0.8157925155727432,1.7999999972655005,1.0685228220204994,0.9161723053785382,0.5438616770484955,0.9161723053785382,0.5438616770484955,0.0,0.0,0.0,0.0,441.28867711817,261.95945739796
COL,Q1.2020,0.0,0.0,0.0,0.0,0.1,0.1,0.0,0.0,0.0,0.0,0.0,0.0,0.0,0.0,0.0,0.0,0.03111333402933561,0.014482906740415585,0.03111333402933561,0.014482906740415585,0.0,0.0,0.0,0.0,690.46912883132,321.40560669491
CRI,Q1.2020,0.717434,0.17,0.547434,0.0,0.0,0.0,0.0,0.0,1.1143308580281421,0.7863713384702169,0.2640469309578082,0.1863350880219461,0.8502839270703338,0.6000362504482708,0.0,0.0,0.0,0.0,0.0,0.0,0.0,0.0,0.0,0.0,91.23348790861,64.38249419652
HUN,Q1.2020,4.4197489986439065,0.0,4.4197489986439065,0.0,0.0,0.0,0.0,0.0,2.998798899106466,1.4262400226188992,0.0,0.0,2.998798899106466,1.4262400226188992,0.0,0.0,0.0,0.0,0.0,0.0,0.0,0.0,0.0,0.0,309.88816247971,147.38397429587
POL,Q1.2020,17.0,8.0,9.0,0.0,17.0,0.0,17.0,0.0,2.9746119470950942,1.39869015415998,1.3998173868682795,0.6582071313694025,1.5747945602268145,0.7404830227905778,0.0,0.0,2.974611947095094,1.3986901541599803,0.0,0.0,2.974611947095094,1.3986901541599803,0.0,0.0,1215.42286899201,571.50311712429
AUS,Q2.2020,0.3667152195126988,1.1544452643601866,-0.7877300448474926,0.0,-1.1041831494786933,-0.5117642069194392,-0.5924189425592541,0.0,0.02453316521204041,0.02989894172294072,0.07723212697973222,0.09412396825879529,-0.05269896176769251,-0.06422502653585482,0.0,0.0,-0.07386960286651778,-0.09002600896026802,-0.03423690965061843,-0.04172504271544575,-0.03963269321589935,-0.048300966244822385,0.0,0.0,1226.51571721458,1494.77336635199
CAN,Q2.2020,5.382126693131028,0.4794042231043676,4.90272247002666,-2.5626602590321923,-1.3104260956735772,-0.10074472111954114,-1.2096813745540302,0.0,0.3172291964160845,0.31228103803024876,0.028256677169634564,0.0278159279710348,0.2889725192464505,0.28446511005921327,-0.1510463615986133,-0.14869033217497218,-0.07723813299002114,-0.07603336835997165,-0.005938018323630806,-0.00584539678849072,-0.07130011466639008,-0.07018797157148082,0.0,0.0,1723.48815255626,1696.60508992738
FRA,Q2.2020,46.11927763545121,3.2426565634137816,42.87662107203743,12.152179908683117,32.305560508499525,22.949473478961178,9.356087029538344,0.0,1.7624219498783402,1.5864412065797067,0.12391627528191226,0.1115430304795457,1.638505674596428,1.4748981761001607,0.46438863980537626,0.41801866692911194,1.2345386108028826,1.1112678909988372,0.8770010692097497,0.7894310636024762,0.35753754159313367,0.32183682739636055,0.0,0.0,2907.09024981028,2616.81248571801
DEU,Q2.2020,189.22094940972295,13.935137619814569,175.2858117899084,0.0,42.68871183525471,-4.433585914655936,47.12229774991067,0.0,5.260057194218162,4.546629927837266,0.3873758223821665,0.3348356191448444,4.872681371835995,4.211794308692421,0.0,0.0,1.1866818473398872,1.0257309003916149,-0.12324700599653493,-0.10653088080413475,1.3099288533364195,1.1322617811957478,0.0,0.0,4161.78471555813,3597.31733749424
ITA,Q2.2020,38.10576387346975,3.473408457773698,34.632355415696054,7.64982449298706,-8.192656841428743,3.6063458324081847,-11.79900267383698,0.0,1.9865814742322865,1.6300816575185895,0.18108045065221945,0.14858485542731317,1.805501023580067,1.4814968020912762,0.3988110478340796,0.3272428452204965,-0.4271107216212009,-0.3504640318430958,0.1880109225503518,0.1542716270325198,-0.6151216441715519,-0.5047356588756173,0.0,0.0,2337.65981585712,1918.15761738117
JPN,Q2.2020,54.10682418759711,26.236916652536532,27.869907535060634,243.68669096730486,128.1492710841033,0.0,128.1492710841033,1021.6095890552396,1.185426863484727,1.0161187929447149,0.5748248262934655,0.49272572323100217,0.6106020371912617,0.5233930697137126,5.3389337497387706,4.57640288448402,2.8076234515701857,2.406625866623549,0.0,0.0,2.8076234515701857,2.406625866623549,22.382453027750998,19.18568901572147,5324.85222823165,4564.33255009445
KOR,Q2.2020,23.759348551253893,1.2812909352111514,22.47805761604274,13.126652361297392,-186.96912589332604,-101.0,-85.96912589332604,120.83690597305201,1.450379552541781,1.1017348749826728,0.0782158723450907,0.05941420932800745,1.37216368019669,1.0423206656546653,0.8013110349839645,0.6086905399370369,-11.413452543419117,-8.66986761431353,-6.1655030015117545,-4.683429014613174,-5.247949541907363,-3.986438599700355,7.376438677923226,5.603277935349264,2156.5395714307,1638.14696019506
ESP,Q2.2020,24.88618736353271,0.5205779028349076,24.365609460697797,0.0,-60.84160463550384,-10.864488823267086,-49.97711581223676,-0.5032792957327725,1.8797371249607489,1.3852381694584872,0.039320993453055675,0.028976892709578927,1.8404161315076932,1.3562612767489082,0.0,0.0,-4.595570277797096,-3.386622137053556,-0.8206312476270455,-0.6047493089157667,-3.7749390301700494,-2.7818728281377894,-0.038014371691152515,-0.028014001508676944,1796.52769554142,1323.91849014805
GBR,Q2.2020,71.6187843785988,1.8120430642510197,69.80674131434778,0.0,0.4940198779694356,-421.75808205314377,422.2521019311132,0.0,2.268292039427225,2.4343666996657944,0.057390569993647195,0.06159246253963502,2.2109014694335776,2.3727742371261593,0.0,0.0,0.015646472726947636,0.016792040668327957,-13.35781538859955,-14.335817609491436,13.373461861326497,14.352609650159764,0.0,0.0,2941.98833677897,3157.38816403392
USA,Q2.2020,1048.0,294.55,753.45,0.0,0.0,0.0,0.0,0.0,5.258674817146446,5.24676468330644,1.4779987284260356,1.4746512762098394,3.7806760887204103,3.7721134070966,0.0,0.0,0.0,0.0,0.0,0.0,0.0,0.0,0.0,0.0,19974.2138871676,19928.975197
MEX,Q2.2020,4.996381613916132,0.0004254212942651492,4.9959561926218665,2.1604134887013475,-1.530695849770448,-1.530695849770448,0.0,3.026441309603181,0.3906012924288726,0.20978501364374227,3.3258089595061824e-05,1.786232896484885e-05,0.39056803433927756,0.20976715131477744,0.16889428511968757,0.09071011948747132,-0.11966495424820534,-0.06426992062298133,-0.11966495424820534,-0.06426992062298133,0.0,0.0,0.2365975976892175,0.12707236566132835,2381.66755915225,1279.15132662444
TUR,Q2.2020,1.6541353383458646,0.0,1.6541353383458646,9.909774436090226,44.01954887218045,3.007518796992481,41.01203007518797,15.473684210526315,0.16590235659523436,0.07087784297998902,0.0,0.0,0.16590235659523436,0.07087784297998902,0.9939059363296313,0.42462271385284334,4.414963349647541,1.886188270502926,0.3016406483549715,0.12886880541816187,4.11332270129257,1.7573194650847643,1.5519411357863286,0.6630300038764427,2333.78340649119,997.05355143423
AUT,Q2.2020,8.47058823,0.0,8.47058823,0.0,8.4706,0.0,8.4706,0.0,2.046285213106138,1.8076405000965217,0.0,0.0,2.046285213106138,1.8076405000965217,0.0,0.0,2.0462880564478647,1.8076430118381042,0.0,0.0,2.0462880564478647,1.8076430118381042,0.0,0.0,468.59916169989,413.94954015927
BEL,Q2.2020,15.736781814144809,2.2949473478961178,13.441834466248691,12.02115277469395,2.827267662189584,0.0,2.827267662189584,0.0,3.178136500256917,2.833812223393421,0.46347823962080037,0.4132642825782072,2.7146582606361167,2.4205479408152137,2.427743159918478,2.164717670647752,0.5709834869238826,0.5091222433240024,0.0,0.0,0.5709834869238826,0.5091222433240024,0.0,0.0,555.32196820368,495.15751802582
CZE,Q2.2020,1.885402004076548,1.8854020040765493,0.0,0.0,-0.7744888006710369,-0.7744888006710374,0.0,0.0,0.8743271030895459,0.4627935881679428,0.8743271030895452,0.462793588167943,0.0,0.0,0.0,0.0,-0.3591576480781704,-0.1901071762326838,-0.3591576480781714,-0.19010717623268403,0.0,0.0,0.0,0.0,407.3958784823,215.64034757864
DNK,Q2.2020,9.388350848575694,0.11675143395921074,9.271599414616482,24.284298263515833,21.166160352966337,5.822977768715635,15.343182584250702,0.0,2.8226936439388854,3.018145669215001,0.03510238761554287,0.03753298534130642,2.787591256323343,2.980612683873695,7.301296624032918,7.806860950991734,6.363799911032654,6.804449070297286,1.7507315823252003,1.8719576438976573,4.613068328707453,4.932491426399629,0.0,0.0,311.06354290108,332.60254327405
EST,Q2.2020,1.248195141,0.33243433,0.915760811,0.0,0.6756621620000001,0.616662162,0.059000000000000025,0.0,4.640879609712664,2.7186939247924107,1.236014828922885,0.72407523765824,3.40486478078978,1.9946186871341705,0.0,0.0,2.512160677190279,1.4716598027852008,2.292794419480222,1.3431518986170716,0.21936625771005724,0.12850790416812902,0.0,0.0,45.91157281875,26.89565871064
FIN,Q2.2020,3.2526658490995635,1.5678041258934419,1.6848617232061223,1.2373683697402944,3.751470525980066,1.54465361043267,2.206816915547396,1.0928320704267227,1.2768362788335081,1.2809688677565576,0.6154426181219228,0.6174345503598968,0.6613936607115851,0.6635343173966608,0.4857298284122391,0.4873019342035354,1.4726424074185154,1.477408739485826,0.6063548669094236,0.6083173858697373,0.8662875405090924,0.8690913536160885,0.42899200192354664,0.4303804709266718,253.92231856471,254.7441596875
GRC,Q2.2020,4.025445905171339,0.707075905171339,3.3183700000000007,0.0,6.7446144,5.3117944,1.43282,0.0,1.9741964283923021,1.334941477710545,0.34677070800982396,0.2344845703901644,1.6274257203824787,1.1004569073203805,0.0,0.0,3.307756202178189,2.2366877423833085,2.605059359849449,1.7615277493907286,0.7026968423287405,0.47515999299257966,0.0,0.0,301.5447472705,203.90300819506
ISL,Q2.2020,0.0,0.0,0.0,0.0,0.0,0.0,0.0,0.0,0.0,0.0,0.0,0.0,0.0,0.0,0.0,0.0,0.0,0.0,0.0,0.0,0.0,0.0,0.0,0.0,19.06914282116,20.72999982729
IRL,Q2.2020,0.0,0.0,0.0,0.0,0.0,0.0,0.0,0.0,0.0,0.0,0.0,0.0,0.0,0.0,0.0,0.0,0.0,0.0,0.0,0.0,0.0,0.0,0.0,0.0,417.89075855828,371.46659669328
ISR,Q2.2020,0.0,0.0,0.0,0.0,0.0,0.0,0.0,0.0,0.0,0.0,0.0,0.0,0.0,0.0,0.0,0.0,0.0,0.0,0.0,0.0,0.0,0.0,0.0,0.0,342.39670930134,358.46025273359
LVA,Q2.2020,0.0,0.0,0.0,0.0,0.0,0.0,0.0,0.0,0.0,0.0,0.0,0.0,0.0,0.0,0.0,0.0,0.0,0.0,0.0,0.0,0.0,0.0,0.0,0.0,55.42258974,30.16007752305
LTU,Q2.2020,0.0,0.0,0.0,0.0,0.0,0.0,0.0,0.0,0.0,0.0,0.0,0.0,0.0,0.0,0.0,0.0,0.0,0.0,0.0,0.0,0.0,0.0,0.0,0.0,97.1360733484,48.21676850514
LUX,Q2.2020,0.0,0.0,0.0,0.0,0.0,0.0,0.0,0.0,0.0,0.0,0.0,0.0,0.0,0.0,0.0,0.0,0.0,0.0,0.0,0.0,0.0,0.0,0.0,0.0,66.34348446884,66.55749589674
NLD,Q2.2020,11.987077390271075,0.7649824492987058,11.222094940972369,-10.029373746344874,33.44066135505772,0.0,33.44066135505772,0.0,1.4266077091702378,1.285559586199561,0.0910421968606966,0.0820408919499044,1.335565512309541,1.2035186942496567,-1.1936172128410387,-1.0756047653163852,3.9798446056247383,3.5863589909529647,0.0,0.0,3.9798446056247383,3.5863589909529647,0.0,0.0,932.44043441875,840.25042856688
NZL,Q2.2020,28.122546463795103,0.0,28.122546463795096,0.0,1.1458115023238653,1.1458115023238649,0.0,0.0,13.857629306420865,14.49811558726505,0.0,0.0,13.857629306420863,14.498115587265051,0.0,0.0,0.5646085810429331,0.5907042459080154,0.5646085810429333,0.5907042459080154,0.0,0.0,0.0,0.0,193.97380504055,202.93908750153
NOR,Q2.2020,-8.1,0.0,-8.1,0.0,7.149251514959451,-0.3586716272384596,7.507923142197911,0.0,-1.9744090578931335,-2.4511712488266704,0.0,0.0,-1.9744090578931335,-2.4511712488266704,0.0,0.0,1.7426601170731044,2.163461699271496,-0.0874277172381337,-0.10853896055022094,1.8300878343112383,2.2720006598217175,0.0,0.0,330.45426768437,410.24933347112
PRT,Q2.2020,0.0,0.0,0.0,0.0,0.0,0.0,0.0,0.0,0.0,0.0,0.0,0.0,0.0,0.0,0.0,0.0,0.0,0.0,0.0,0.0,0.0,0.0,0.0,0.0,341.21592570296,222.36238134762
SVK,Q2.2020,0.0,0.0,0.0,0.0,0.0,0.0,0.0,0.0,0.0,0.0,0.0,0.0,0.0,0.0,0.0,0.0,0.0,0.0,0.0,0.0,0.0,0.0,0.0,0.0,181.71174374815,99.48906117369
SVN,Q2.2020,0.0,0.0,0.0,0.0,0.0,0.0,0.0,0.0,0.0,0.0,0.0,0.0,0.0,0.0,0.0,0.0,0.0,0.0,0.0,0.0,0.0,0.0,0.0,0.0,76.03736607555,50.41797772839
SWE,Q2.2020,14.100437358322282,0.8349841230760352,13.265453235246245,34.112156247618515,-1.5797136210380351,0.0,-1.5797136210380351,0.0,2.5645492128637093,2.7063945913817236,0.15186464229242372,0.16026428522437489,2.412684570571286,2.546130306157349,6.204226239995361,6.547382384166537,-0.2873140187380123,-0.3032053752138424,0.0,0.0,-0.2873140187380123,-0.3032053752138424,0.0,0.0,521.00449074292,549.82128194674
CHE,Q2.2020,30.27282054763505,2.6975353066185432,27.575285241016505,0.0,42.74144923000296,-0.10838709,42.84983632000295,0.0,4.051990917785762,5.123915377152345,0.3610627739699882,0.4565792809508762,3.6909281438157735,4.667336096201469,0.0,0.0,5.720906111819266,7.234329837445465,-0.014507518504731386,-0.018345376053146827,5.735413630323998,7.252675213498612,0.0,0.0,590.81421763174,747.10978286639
CHL,Q2.2020,13.597478788559124,0.7213831286474848,12.87609565991164,-0.9036361554234271,3.1944951681043254,0.18207469297122714,3.0124204751330983,0.0,5.190680620437495,3.0813115073237958,0.27537968501422866,0.16347193255862988,4.915300935423266,2.917839574765166,-0.34495267489070014,-0.2047721145542667,1.2194616677844754,0.7239014581035558,0.0695049130043911,0.041259769944758884,1.1499567547800842,0.6826416881587969,0.0,0.0,441.28867711817,261.95945739796
COL,Q2.2020,3.824337949750285,1.913613905748511,1.9107240440017739,0.10508588169953384,0.8864937144543739,0.8864937144543739,0.0,0.0,1.1898790407164512,0.5538752987006552,0.5953890865273498,0.277146917341181,0.5944899541891014,0.27672838135947414,0.03269572139084843,0.015219490243886932,0.275817750527254,0.128390057924073,0.275817750527254,0.128390057924073,0.0,0.0,0.0,0.0,690.46912883132,321.40560669491
CRI,Q2.2020,0.07050000000000001,0.0,0.07050000000000001,0.4068498516743531,0.0,0.0,0.0,0.0,0.10950181548544391,0.07727425709145408,0.0,0.0,0.10950181548544391,0.07727425709145408,0.63192620408972,0.4459435466085665,0.0,0.0,0.0,0.0,0.0,0.0,0.0,0.0,91.23348790861,64.38249419652
HUN,Q2.2020,1.7694150329493317,1.7694150329493317,0.0,0.0,6.627022595315849,0.0,6.627022595315849,0.0,1.2005477809936589,0.57098503498506,1.2005477809936589,0.5709850349850599,0.0,0.0,0.0,0.0,4.49643363668037,2.1385207302811238,0.0,0.0,4.49643363668037,2.1385207302811238,0.0,0.0,309.88816247971,147.38397429587
POL,Q2.2020,26.050977899376022,-5.794253694124796,31.84523159350082,0.0,2.2029678393841223,0.0,2.2029678393841223,9.886933441628852,4.558326476058481,2.1433674290644995,-1.013862133120206,-0.4767273878045557,5.572188609178687,2.620094816869055,0.0,0.0,0.3854690855351932,0.1812511427575092,0.0,0.0,0.3854690855351932,0.1812511427575092,1.7299876668001881,0.8134562623318424,1215.42286899201,571.50311712429
AUS,Q3.2020,46.16341804345642,3.337102314023733,42.82631572943268,0.0,1.1942170290034007,0.5118072981443138,0.6824097308590868,0.0,3.0883222221251296,3.763785281797581,0.22325138975201078,0.27207986552363955,2.86507083237312,3.491705416273941,0.0,0.0,0.07989284903556304,0.09736663071187301,0.0342397924438127,0.041728556019374086,0.04565305659175045,0.05563807469249893,0.0,0.0,1226.51571721458,1494.77336635199
CAN,Q3.2020,113.24279834523114,11.814177619868016,101.42862072536313,1.891168170782322,17.661004631055775,0.25966520513249014,17.401339425923275,0.0,6.674670435538908,6.570558560398025,0.6963422242458143,0.6854806400812995,5.9783282112930936,5.885077920316726,0.11146778835039717,0.10972910768068589,1.0409614315027023,1.0247244580626296,0.01530498798300814,0.015066259941929838,1.025656443519694,1.0096581981206998,0.0,0.0,1723.48815255626,1696.60508992738
FRA,Q3.2020,70.9019736149727,7.261603004274015,63.64037061069869,3.9364390609140614,21.515670780233393,1.0569158725705172,20.458754907662865,0.0,2.7094785737205145,2.438932661949517,0.2774980264694645,0.24978939008680295,2.43198054725105,2.189143271862714,0.15042877861513881,0.13540821655505697,0.8222091150077162,0.7401101765463789,0.040389438614303996,0.036356486443428926,0.7818196763934111,0.7037536901029497,0.0,0.0,2907.09024981028,2616.81248571801
DEU,Q3.2020,-16.70840364673353,1.157574527101218,-17.865978173834776,0.0,51.335913810575676,10.065865453054073,41.27004835752166,0.0,-0.4644684379825126,-0.4014720796169966,0.03217882712309006,0.027814377874324503,-0.49664726510560264,-0.42928645749132066,0.0,0.0,1.4270610289370396,1.2335071926874264,0.27981588802687085,0.2418641554289085,1.1472451409101687,0.9916430372585197,0.0,0.0,4161.78471555813,3597.31733749424
ITA,Q3.2020,31.347147941889098,0.32714062722420767,31.020007314664888,0.3523052908568385,26.78347216068005,0.1089287100907681,26.67454345058934,0.0,1.6342321224199945,1.340962775218662,0.017054939816199655,0.013994364150211491,1.617177182603795,1.3269684110684503,0.018366858263599573,0.015070853700227704,1.396312373810403,1.145738656197917,0.005678819566427851,0.004659733180673614,1.3906335542439727,1.141078923017247,0.0,0.0,2337.65981585712,1918.15761738117
JPN,Q3.2020,3.981017193766661,9.151441180151792,-5.170423986385174,-1.1272980947761653,-0.6807146187686612,0.0,-0.6807146187686612,-4.725980474253902,0.08722013898142222,0.07476296098246138,0.2004990013263258,0.1718628196221499,-0.11327886234490414,-0.0970998586396874,-0.02469798338319773,-0.02117050476629867,-0.014913782273698661,-0.012783727878110884,0.0,0.0,-0.014913782273698661,-0.012783727878110884,-0.10354154572186403,-0.08875326998179034,5324.85222823165,4564.33255009445
KOR,Q3.2020,7.611109349473992,0.4779750571525323,7.133134292321465,0.43330405987938647,31.18127468912705,0.0,31.18127468912705,-16.443131650412695,0.4646170053367924,0.3529315877299024,0.02917778860912565,0.022163982682470884,0.43543921672766706,0.3307676050474315,0.026450866155976138,0.020092562437513006,1.9034479473938153,1.445893926650307,0.0,0.0,1.9034479473938153,1.445893926650307,-1.003764134107647,-0.7624776224024448,2156.5395714307,1638.14696019506
ESP,Q3.2020,3.7753618885319327,1.3595775049326146,2.4157843835993233,0.0,50.52754274176493,0.5503856618822776,49.97715707988267,0.5032932726526269,0.2851657346450196,0.2101477142769097,0.10269344487972043,0.07567807099811386,0.18247228976529906,0.13446964327879596,0.0,0.0,3.8165146206330736,2.8125112052078594,0.04157247337943966,0.0306360799918761,3.7749421472536326,2.781875125215983,0.03801542741474562,0.028014779505024512,1796.52769554142,1323.91849014805
GBR,Q3.2020,86.82264229997449,32.55619382536485,54.26644847460966,5.126144940203254,13.509836274357895,0.03961828819459834,13.470217986163334,0.0,2.7498247852126223,2.9511552175299274,1.0311115432753961,1.106605128863595,1.718713241937226,1.844550088666332,0.1623539670730261,0.174240831485267,0.4278801202921336,0.45920767616465596,0.001254780411413886,0.0013466500767292111,0.4266253398807205,0.45786102608792767,0.0,0.0,2941.98833677897,3157.38816403392
USA,Q3.2020,6.0,0.0,6.0,18.0,0.0,0.0,0.0,0.0,0.030106916892057356,0.030038729102900064,0.0,0.0,0.030106916892057356,0.030038729102900064,0.0903207506761794,0.09011618730869839,0.0,0.0,0.0,0.0,0.0,0.0,0.0,0.0,19974.2138871676,19928.975197
MEX,Q3.2020,-0.11288146009630928,-0.030653485430090832,-0.08222797466621845,-0.03555804309890531,-0.029120811158586113,-0.029120811158586113,0.0,-0.04981191382389749,-0.00882471508622773,-0.004739597668135032,-0.002396392419885346,-0.0012870597876809414,-0.006428322666342412,-0.003452537880454104,-0.0027798152070669935,-0.001492989353709881,-0.002276572798891069,-0.0012227067982968909,-0.002276572798891069,-0.0012227067982968909,0.0,0.0,-0.003894137682313642,-0.0020914721549815107,2381.66755915225,1279.15132662444
TUR,Q3.2020,3.2493340902482437,1.9527090644843794,1.2966250257638643,-0.29087422955606,21.27742298738903,-0.11461647923784479,21.392039466626876,-0.15576643801551526,0.32589363786671033,0.13923031936942132,0.19584796239634963,0.08367139208604837,0.13004567547036064,0.05555892728337296,-0.029173380821686745,-0.012463634317864347,2.1340301086919684,0.9117136975182856,-0.011495518878897937,-0.004911187512905035,2.1455256275708665,0.9166248850311907,-0.015622675210519077,-0.006674417068107674,2333.78340649119,997.05355143423
AUT,Q3.2020,-3.654123503856468,2.057690515845574,-5.7118140197020395,0.0,1.8178525792278695,0.0,1.8178525792278695,0.0,-0.8827461198412028,-0.7797972771869173,0.4970872814724865,0.43911527890513014,-1.3798334013136895,-1.2189125560920475,0.0,0.0,0.4391483509145675,0.3879333826875466,0.0,0.0,0.4391483509145675,0.3879333826875466,0.0,0.0,468.59916169989,413.94954015927
BEL,Q3.2020,4.1542265056957355,1.4774852644874343,2.676741241208303,6.383745728147018,3.874602555254846,1.2574775374611842,2.6171250177936614,0.0,0.8389707021431336,0.7480753046982032,0.29838691945507145,0.266059214128825,0.5405837826880622,0.48201609056937844,1.289235343451685,1.1495575708623145,0.7824989855153124,0.6977218221328716,0.2539550530252906,0.22644116556901078,0.5285439324900221,0.4712806565638612,0.0,0.0,555.32196820368,495.15751802582
CZE,Q3.2020,-0.387184548134881,0.6235792448710309,-1.0107637930059123,1.5892575253152907,17.056890492060298,0.010946711428285842,17.045943780632015,0.0,-0.17955106847232383,-0.0950388967058986,0.2891755888325228,0.15306469157078711,-0.4687266573048463,-0.24810358827668577,0.7369945110739159,0.39010152268497694,7.909878964482736,4.186809782073279,0.0050763744128606465,0.002686996115195465,7.9048025900698775,4.184122785958083,0.0,0.0,407.3958784823,215.64034757864
DNK,Q3.2020,1.6560605792137402,0.005284556468731022,1.65077602274501,2.4720926378103982,-0.17410876033898504,3.1619220265415766,-3.33603078688056,0.0,0.4979097763089628,0.5323865869232955,0.0015888502886091185,0.00169886718946409,0.4963209260203536,0.5306877197338311,0.7432572864524074,0.7947227163797006,-0.0523473929649203,-0.05597208811909837,0.9506608083679902,1.0164874986803214,-1.0030082013329098,-1.0724595867994209,0.0,0.0,311.06354290108,332.60254327405
EST,Q3.2020,-0.1736234271695336,-0.0695072085308433,-0.10411621863869025,0.0,0.3068915514227031,0.20024042401510744,0.10665112740759561,0.0,-0.6455444316775463,-0.3781691989838061,-0.2584328172759943,-0.1513936558114537,-0.3871116144015523,-0.22677554317235216,0.0,0.0,1.141044934888677,0.6684405098345283,0.7445083467537152,0.43614368169354156,0.3965365881349622,0.23229682814098662,0.0,0.0,45.91157281875,26.89565871064
FIN,Q3.2020,-0.7460499919476504,-0.11051783789386072,-0.6355321540537897,-0.8217743596647571,0.6617620866611524,0.12179697198193473,0.5399651146792177,0.050329327265262735,-0.2928624518272942,-0.2938103259944542,-0.04338385540592382,-0.04352427093394562,-0.24947859642137038,-0.2502860550605086,-0.3225881059149087,-0.3236321896829777,0.25977517501203984,0.26061595940118565,0.04781148746701214,0.047966233401769864,0.21196368754502704,0.212649725999416,0.019756813002897777,0.019820757604037398,253.92231856471,254.7441596875
GRC,Q3.2020,2.8687653080557514,-0.36466848586374184,3.2334337939194935,1.3717936772303887,-5.988794766000824,-6.4199944,0.4311996339991757,0.0,1.406926427152758,0.951356418582324,-0.17884409312632038,-0.12093345653161611,1.5857705202790777,1.0722898751139405,0.6727677484375747,0.454922093535864,-2.9370801436493545,-1.986038496843253,-3.148553058059071,-2.129035394617887,0.21147291440971627,0.1429968977746341,0.0,0.0,301.5447472705,203.90300819506
ISL,Q3.2020,0.0,0.0,0.0,0.0,0.0,0.0,0.0,0.0,0.0,0.0,0.0,0.0,0.0,0.0,0.0,0.0,0.0,0.0,0.0,0.0,0.0,0.0,0.0,0.0,19.06914282116,20.72999982729
IRL,Q3.2020,0.0,0.0,0.0,0.0,0.0,0.0,0.0,0.0,0.0,0.0,0.0,0.0,0.0,0.0,0.0,0.0,0.0,0.0,0.0,0.0,0.0,0.0,0.0,0.0,417.89075855828,371.46659669328
ISR,Q3.2020,0.0,0.0,0.0,0.0,0.0,0.0,0.0,0.0,0.0,0.0,0.0,0.0,0.0,0.0,0.0,0.0,0.0,0.0,0.0,0.0,0.0,0.0,0.0,0.0,342.39670930134,358.46025273359
LVA,Q3.2020,0.0,0.0,0.0,0.0,0.0,0.0,0.0,0.0,0.0,0.0,0.0,0.0,0.0,0.0,0.0,0.0,0.0,0.0,0.0,0.0,0.0,0.0,0.0,0.0,55.42258974,30.16007752305
LTU,Q3.2020,0.0,0.0,0.0,0.0,0.0,0.0,0.0,0.0,0.0,0.0,0.0,0.0,0.0,0.0,0.0,0.0,0.0,0.0,0.0,0.0,0.0,0.0,0.0,0.0,97.1360733484,48.21676850514
LUX,Q3.2020,0.0,0.0,0.0,0.0,0.0,0.0,0.0,0.0,0.0,0.0,0.0,0.0,0.0,0.0,0.0,0.0,0.0,0.0,0.0,0.0,0.0,0.0,0.0,0.0,66.34348446884,66.55749589674
NLD,Q3.2020,6.709468367563609,3.4647147221616406,3.244753645401971,-4.105268515971517,4.283664768777797,0.0,4.283664768777797,0.0,0.79850817559322,0.7195599976041427,0.41234310681293096,0.3715749118410357,0.38616506878028956,0.34798508576310727,-0.48857678334938903,-0.4402713958378044,0.509808102815724,0.4594035833986627,0.0,0.0,0.509808102815724,0.4594035833986627,0.0,0.0,932.44043441875,840.25042856688
NZL,Q3.2020,-1.5631513525729304,0.199134188698951,-1.7622855412718792,0.0,0.14987911249498698,0.07402935920805165,0.07584975328693533,0.0,-0.7702564211840901,-0.8058569311697283,0.09812510302996688,0.10266035079186195,-0.8683815242140547,-0.9085172819615899,0.0,0.0,0.07385423593858276,0.07726770759776258,0.03647861046359191,0.03816461670820748,0.03737562547499085,0.039103090889555325,0.0,0.0,193.97380504055,202.93908750153
NOR,Q3.2020,0.0,0.0,0.0,0.0,1.3754229037270846,0.38291283511333063,0.992510068613754,0.0,0.0,0.0,0.0,0.0,0.0,0.0,0.0,0.0,0.3352651159941278,0.416221861307843,0.09333661358411094,0.1158746829921613,0.24192850241001684,0.3003471783156817,0.0,0.0,330.45426768437,410.24933347112
PRT,Q3.2020,0.0,0.0,0.0,0.0,0.0,0.0,0.0,0.0,0.0,0.0,0.0,0.0,0.0,0.0,0.0,0.0,0.0,0.0,0.0,0.0,0.0,0.0,0.0,0.0,341.21592570296,222.36238134762
SVK,Q3.2020,0.0,0.0,0.0,0.0,0.0,0.0,0.0,0.0,0.0,0.0,0.0,0.0,0.0,0.0,0.0,0.0,0.0,0.0,0.0,0.0,0.0,0.0,0.0,0.0,181.71174374815,99.48906117369
SVN,Q3.2020,0.0,0.0,0.0,0.0,0.0,0.0,0.0,0.0,0.0,0.0,0.0,0.0,0.0,0.0,0.0,0.0,0.0,0.0,0.0,0.0,0.0,0.0,0.0,0.0,76.03736607555,50.41797772839
SWE,Q3.2020,2.6442336933321684,0.7100132452906044,1.9342204480415646,0.16067269854286081,5.053362304245752,1.272990789428851,3.7803715148169026,0.0,0.480926035450973,0.5075260847678402,0.129135278790351,0.1362777591951597,0.35179075666062154,0.3712483255726804,0.029222713601402717,0.03083902373159031,0.919091797675315,0.969926822903191,0.23152810399073692,0.2443339380076447,0.6875636936845781,0.725592884895546,0.0,0.0,521.00449074292,549.82128194674
CHE,Q3.2020,1.8004263575689272,0.07984431279697368,1.7205820447719518,0.0,2.2594733452900257,1.014811784017208,1.244661561272821,0.0,0.24098551496158116,0.3047364643298325,0.010687092396332976,0.013514284256229803,0.23029842256524846,0.29122218007360257,0.0,0.0,0.30242855830655113,0.38243381385557296,0.1358316819415404,0.17176495651798102,0.16659687636501097,0.2106688573375921,0.0,0.0,590.81421763174,747.10978286639
CHL,Q3.2020,2.389213459366694,0.025366516631069258,2.3638469427356235,1.8029183606759216,-5.594495168104325,-2.582074692971227,-3.0124204751330983,5.614552431252495,0.9120546679622565,0.5414173495158368,0.009683375008879058,0.005748281781604858,0.9023712929533776,0.5356690677342315,0.6882432795457307,0.4085575846744711,-2.1356339731630136,-1.2677631351520513,-0.9856772183829293,-0.5851214469932544,-1.1499567547800842,-0.6826416881587969,2.143290601920531,1.2723082921407038,441.28867711817,261.95945739796
COL,Q3.2020,3.2258738534714397,0.4529201501249909,2.772953703346449,0.0,5.9276318719664545,-0.06620410547070632,5.993835977437161,0.0,1.0036769073955696,0.467200301761719,0.14091855919455676,0.0655960029511527,0.8627583482010127,0.4016042988105664,0.0,0.0,1.8442839043542827,0.8584933959320522,-0.020598304476234508,-0.009588278853648768,1.864882208830517,0.868081674785701,0.0,0.0,690.46912883132,321.40560669491
CRI,Q3.2020,0.06369238443699332,0.026529165639306157,0.037163218797687136,0.0,0.0,0.0,0.0,0.0,0.09892810962337006,0.06981250623761637,0.041205557458412534,0.029078320085581782,0.0577225521649577,0.04073418615203461,0.0,0.0,0.0,0.0,0.0,0.0,0.0,0.0,0.0,0.0,91.23348790861,64.38249419652
HUN,Q3.2020,0.0,0.0,0.0,0.0,0.0,0.0,0.0,0.0,0.0,0.0,0.0,0.0,0.0,0.0,0.0,0.0,0.0,0.0,0.0,0.0,0.0,0.0,0.0,0.0,309.88816247971,147.38397429587
POL,Q3.2020,-4.330399598490985,-0.03616874781638435,-4.294230850674602,0.0,9.894895880463572,10.209776743806207,-0.314880863342637,-9.886933441628852,-0.7577210812568884,-0.35628748717574554,-0.006328705256828604,-0.002975815968180723,-0.7513923760000596,-0.3533116712075648,0.0,0.0,1.7313809118405272,0.8141113790848555,1.7864778752529171,0.8400184828078403,-0.05509696341239012,-0.025907103722984992,-1.7299876668001881,-0.8134562623318424,1215.42286899201,571.50311712429
AUS,Q4.2020,61.91254577404544,4.852566239613684,57.05997953443176,0.0,0.07164344757867269,0.03070433467657452,0.040939112902098174,0.0,4.141935303887818,5.047839575561978,0.3246355834835632,0.39563832501338614,3.817299720404254,4.652201250548593,0.0,0.0,0.004792930432893527,0.005841217244355601,0.0020541130426686705,0.0025033788190096384,0.002738817390224746,0.0033378384253461846,0.0,0.0,1226.51571721458,1494.77336635199
CAN,Q4.2020,40.47951313838533,24.517772021033167,15.961741117352148,0.16561122374270099,-2.127884942386146,0.010131510158376766,-2.1380164525445124,0.0,2.385912513095077,2.348696918998053,1.4451077723739827,1.4225669021669027,0.9408047407210933,0.9261300168311504,0.009761330124843592,0.009609072362758653,-0.12542016731054506,-0.12346385666939819,0.0005971637252845108,0.0005878491327805102,-0.12601733103582946,-0.12405170580217906,0.0,0.0,1723.48815255626,1696.60508992738
FRA,Q4.2020,64.53658271592838,4.2568291943873255,60.27975352154104,-1.9841312216122517,2.831412245969659,-0.10285766593745294,2.9342699119071085,0.0,2.46622878284764,2.219971764555299,0.16267230524235765,0.14642920682167093,2.303556477605283,2.073542557733629,-0.07582244553024697,-0.06825144908183489,0.10820080771636675,0.09739677831310445,-0.003930647170893198,-0.003538165557266826,0.11213145488726006,0.1009349438703726,0.0,0.0,2907.09024981028,2616.81248571801
DEU,Q4.2020,102.23012702811138,19.237824397073407,82.992302631038,0.0,-111.65122562840065,-114.80593817842517,3.1547125500243283,0.0,2.8418434471316676,2.4564011359343327,0.5347825224247182,0.4622493884692316,2.307060924706949,1.9941517474651018,0.0,0.0,-3.103735788463215,-2.6827727347599577,-3.1914320424784886,-2.7585746506599085,0.08769625401527392,0.07580191589995167,0.0,0.0,4161.78471555813,3597.31733749424
ITA,Q4.2020,36.032590507810454,3.38295334419949,32.64963716361096,-0.03428588864581705,53.16305724918902,-0.01591844829984357,53.17897569748891,0.0,1.8784999825512347,1.541395812315781,0.1763647217280393,0.14471538250569216,1.7021352608231952,1.3966804298100892,-0.0017874385470275644,-0.0014666757076134407,2.7715687578256336,2.2741999023367896,-0.0008298821825485359,-0.0006809565785348137,2.772398640008184,2.274880858915324,0.0,0.0,2337.65981585712,1918.15761738117
JPN,Q4.2020,227.2451070003092,42.25831853649901,184.98678846381023,0.749897294020343,0.45282259677381376,0.0,0.45282259677381376,264.23338464211304,4.978714949146438,4.267632175696562,0.9258378541157033,0.7936054696964376,4.052877095030734,3.4740267060001244,0.01642950608418836,0.014082969101836262,0.009920894058528251,0.008503946726878375,0.0,0.0,0.009920894058528251,0.008503946726878375,5.78909143324023,4.962266994775614,5324.85222823165,4564.33255009445
KOR,Q4.2020,0.7098341330979281,0.05460262562291707,0.6552315074750084,0.353311106971816,0.7590835601303567,0.0,0.7590835601303567,1.3382996476205165,0.04333152948703711,0.03291542351003551,0.003333194575925902,0.00253195565461814,0.039998334911111044,0.030383467855417123,0.021567729608932495,0.0163832424710586,0.04633794028100979,0.035199148218122644,0.0,0.0,0.04633794028100979,0.035199148218122644,0.08169594548837988,0.06205773663279679,2156.5395714307,1638.14696019506
ESP,Q4.2020,8.919494114882724,-1.0503963879287284,9.969890502811452,0.614662243343852,6.848682303147854,0.04145348267503357,6.807228820472801,-0.048979840922594775,0.6737192796427585,0.49648519958912507,-0.07933995904923619,-0.058468143326461275,0.7530592386919945,0.5549533429155864,0.04642749896748674,0.03421390301242259,0.5173039242304078,0.38121774132092234,0.0031311204566980555,0.002307422411461389,0.514172803773711,0.3789103189094618,-0.0036996115158961507,-0.002726361583189174,1796.52769554142,1323.91849014805
GBR,Q4.2020,199.10473073790882,103.96143780860356,95.14329292930523,3.838457100350162,-0.29967103393948946,-0.000878800686039849,-0.2987922332534936,0.0,6.305994714426559,6.7676927283776465,3.292640385266443,3.5337134586476817,3.0133543291601157,3.2339792697299643,0.12157064323209785,0.13047152676861692,-0.009491105254433307,-0.010186003465518567,-2.783315323881541e-05,-2.9870977904758456e-05,-0.00946327210119513,-0.010156132487614045,0.0,0.0,2941.98833677897,3157.38816403392
USA,Q4.2020,1054.3000000000002,179.8,874.5,0.0,0.0,0.0,0.0,0.0,5.290287079883107,5.278305348864482,0.9022039428653916,0.9001605821168874,4.388083137017716,4.378144766747596,0.0,0.0,0.0,0.0,0.0,0.0,0.0,0.0,0.0,0.0,19974.2138871676,19928.975197
MEX,Q4.2020,0.48248815777999443,0.514977515953948,-0.0324893581739536,2.1931635457429026,1.2548321813173946,0.10436173005807836,1.1504704512593162,7.616597629727719,0.03771939626980925,0.02025841750776225,0.040259311407112836,0.02162256079674081,-0.0025399151373036166,-0.0013641432889785476,0.17145458086889964,0.09208520884096665,0.09809880623184586,0.052687125728162074,0.008158669571447785,0.004381876456982348,0.08994013666039807,0.048305249271179726,0.5954414830516734,0.31980104026100237,2381.66755915225,1279.15132662444
TUR,Q4.2020,2.7067390270690295,0.0634282502621979,2.643310776806832,0.2488141156409842,-22.6690210199828,0.08870920405368254,-22.757730224036486,2.2309957558467346,0.27147378625505836,0.11598072981153693,0.00636156906225932,0.002717829344650341,0.26511221719279904,0.11326290046688661,0.024954940011303717,0.010661405636398502,-2.2736011508483305,-0.9713421115657577,0.008897135357080532,0.0038010898443680274,-2.2824982862054117,-0.975143201410126,0.22375886958504054,0.09559566451802837,2333.78340649119,997.05355143423
AUT,Q4.2020,-0.15673549095230754,-0.008816371366067166,-0.14791911958624127,0.0,-0.04408185683033494,0.0,-0.04408185683033494,0.0,-0.037863429173517815,-0.03344766780711694,-0.002129817891010355,-0.0018814313141501948,-0.03573361128250774,-0.031566236492966304,0.0,0.0,-0.010649089455051275,-0.009407156570750974,0.0,0.0,-0.010649089455051275,-0.009407156570750974,0.0,0.0,468.59916169989,413.94954015927
BEL,Q4.2020,16.647247256710656,5.447501037774227,11.199746218936426,-2.6968633951647494,-0.3739092966589581,-0.11921412386145835,-0.2546951727974971,0.0,3.362010400868553,2.997764938160128,1.1001551707208788,0.9809626396368679,2.261855230147675,2.01680229852326,-0.5446475711238463,-0.4856396018130513,-0.07551320197049982,-0.06733198361816228,-0.024075999963963368,-0.021467568489516947,-0.0514372020065359,-0.04586441512864603,0.0,0.0,555.32196820368,495.15751802582
CZE,Q4.2020,2.4930645985307542,0.32729011819604903,2.165774480334706,-0.031076018610880274,-0.2564114714256931,-0.0004972263797164075,-0.2559142450459788,0.0,1.1561215823126894,0.6119513549862954,0.1517759185009162,0.08033712059516296,1.0043456638117734,0.5316142343911323,-0.014411040864951041,-0.007627965880914134,-0.11890700154440736,-0.06293914223701336,-0.00023058132918983218,-0.00012204992882322747,-0.11867642021521974,-0.06281709230818855,0.0,0.0,407.3958784823,215.64034757864
DNK,Q4.2020,-13.901541641016703,-9.316587662204501e-05,-13.90144847514008,-0.020426618449381095,-15.907093829902593,-0.28382197792848274,-15.623271851974112,0.0,-4.179625779217941,-4.469035976175926,-2.8011173848804805e-05,-2.9950754033447602e-05,-4.1795977680440926,-4.469006025421892,-0.006141449866351678,-0.006566702821833914,-4.782613407978616,-5.1137763305682995,-0.08533367638581968,-0.09124244367612722,-4.697279731592797,-5.022533886892171,0.0,0.0,311.06354290108,332.60254327405
EST,Q4.2020,-0.006880631873923626,-0.0011265363412197305,-0.005754095532703785,0.0,-0.005681661547021211,-0.004212266319343239,-0.001469395227677861,0.0,-0.02558268584513801,-0.014986704770683978,-0.0041885434126736065,-0.002453708884396333,-0.021394142432464403,-0.012532995886287424,0.0,0.0,-0.021124827646528566,-0.01237522741695507,-0.015661510151737,-0.009174737567742675,-0.005463317494791786,-0.0032004898492123957,0.0,0.0,45.91157281875,26.89565871064
FIN,Q4.2020,1.051962338366181,0.6196774981599118,0.4322848402062691,-0.07797450227670222,-0.0750371162934158,-0.011853121503268227,-0.06318399479014936,-0.004897984092259611,0.41294855970658695,0.41428510274810515,0.24325484004033038,0.24404215496401593,0.1696937196662569,0.17024294778408944,-0.030608945999922144,-0.030708014450029797,-0.029455873055330706,-0.02955120948704515,-0.004652951226755686,-0.004668010898083885,-0.024802921828574576,-0.024883198588961264,-0.0019227071184940714,-0.0019289301231751876,253.92231856471,254.7441596875
GRC,Q4.2020,7.952973843743083,0.36466848586374184,7.5883053578793405,0.4195402329529525,6.360550016758193,6.41999440943819,-0.05944439267999657,0.0,3.900371021566791,2.63741083727414,0.17884409312632038,0.12093345653161611,3.721526928440471,2.516477380742524,0.2057548030638211,0.13913034027304905,3.119399793588867,2.109322107027942,3.148553062687835,2.129035397747834,-0.029153269098967982,-0.019713290719891807,0.0,0.0,301.5447472705,203.90300819506
ISL,Q4.2020,0.026266750867859234,0.028942786299298612,-0.0026760354314394608,0.0,-0.0028565706996578344,0.0,-0.0028565706996578344,0.0,0.1267088812672359,0.13774479070298007,0.1396178800792699,0.15177811908347744,-0.012908998812033445,-0.014033328380497423,0.0,0.0,-0.013779887715664074,-0.014980068723843942,0.0,0.0,-0.013779887715664074,-0.014980068723843942,0.0,0.0,19.06914282116,20.72999982729
IRL,Q4.2020,-1.0488086526857074,0.7886772046160297,-1.8374858573017363,-0.3979034942299635,-0.7089683861519127,-0.8826455907679418,0.1736772046160291,0.0,-0.2823426553079029,-0.2509767519875501,0.2123144346319894,0.18872807987832985,-0.4946570899398921,-0.43970483186588005,-0.10711689766240606,-0.09521710784003157,-0.190856564887127,-0.1696539996715527,-0.23761102576249737,-0.211214431688574,0.046754460875370385,0.04156043201702142,0.0,0.0,417.89075855828,371.46659669328
ISR,Q4.2020,0.973540694996057,0.44152575336758204,0.532014941628475,0.003791341716091079,-0.0086212863034838,-0.027209392217096395,0.018588105913613262,0.0,0.2715895800362551,0.28433120662361766,0.12317286226312141,0.12895151774925506,0.14841671777313348,0.15537968887436193,0.001057674229479777,0.0011072950215634814,-0.0024050884966291264,-0.002517923236200481,-0.007590630205050519,-0.007946744661365857,0.00518554170842167,0.005428821425165431,0.0,0.0,342.39670930134,358.46025273359
LVA,Q4.2020,-0.02320598333070123,0.007929281333562826,-0.03113526466426375,0.0,-0.0696545626341224,-0.0034533528024344173,-0.06620120983168809,0.0,-0.07694271777970485,-0.04187098336538497,0.026290653024690913,0.014306948431606903,-0.10323337080439643,-0.05617793179699149,0.0,0.0,-0.2309495477287431,-0.12567901096085188,-0.011450079330184604,-0.006230948100106659,-0.2194994683985585,-0.11944806286074527,0.0,0.0,55.42258974,30.16007752305
LTU,Q4.2020,-0.007703633648629804,-0.0024489920461298054,-0.005254641602500332,-0.010726585162048163,-0.008424532638686255,-0.0015673549095230332,-0.006857177729163277,0.0,-0.015977084088098614,-0.007930764939405588,-0.005079129361124091,-0.002521197287176813,-0.010897954726974746,-0.005409567652228997,-0.02224658660172274,-0.011042844117833184,-0.017472205002266428,-0.00867291866788733,-0.003250642791119307,-0.0016135662637930537,-0.01422156221114701,-0.007059352404094277,0.0,0.0,97.1360733484,48.21676850514
LUX,Q4.2020,-0.5843154574858676,-0.0009795968184519166,-0.5833358606674155,0.021423395009906088,0.4430604052092417,0.45530536543989036,-0.012244960230648694,-0.23304046522143085,-0.8779108192297338,-0.8807427920978528,-0.001471805399607784,-0.001476553163124894,-0.8764390138301268,-0.8792662389347283,0.03218780202179339,0.032291633732274505,0.6656807009335566,0.6678280599164728,0.6840782684286524,0.6862849744555348,-0.01839756749509558,-0.01845691453906184,-0.35013406391216906,-0.3512635296249542,66.34348446884,66.55749589674
NLD,Q4.2020,-0.1743682336844401,2.486056968778037,-2.660425202462477,-16.523238726327065,36.262795760146666,0.0,36.262795760146666,0.0,-0.020751936298543328,-0.01870020081155488,0.29587095516490514,0.26661831437283784,-0.3166228914634486,-0.2853185151843931,-1.966465968307672,-1.7720422792075785,4.315712855034898,3.8890200833849073,0.0,0.0,4.315712855034898,3.8890200833849073,0.0,0.0,932.44043441875,840.25042856688
NZL,Q4.2020,2.26037882289269,2.0118179613490823,0.24856086154360924,0.0,-2.2791011296807095,-2.3060249665030246,0.026923836822314584,0.0,1.1138213198458615,1.1653010685747809,0.9913407939877107,1.0371596107672962,0.12248052585815117,0.12814145780748376,0.0,0.0,-1.1230468993133358,-1.1749530454404735,-1.1363138540206745,-1.1888331860175412,0.013266954707338519,0.013880140577067657,0.0,0.0,193.97380504055,202.93908750153
NOR,Q4.2020,13.348965621899447,1.1414792455781,12.207486376321347,0.0,-5.384646462653851,0.17176997453820242,-5.5564164371920555,0.0,3.2538664984422607,4.0395803375278465,0.27824036566252114,0.34542729727078975,2.9756261327797398,3.694153040257057,0.0,0.0,-1.3125302159772825,-1.6294679746115257,0.04186965353114824,0.051979953456756656,-1.354399869508431,-1.6814479280682826,0.0,0.0,330.45426768437,410.24933347112
PRT,Q4.2020,3.611585623737888,0.6751212736122203,2.936464350125669,-0.03869407432885019,-0.06367379319937427,0.0,-0.06367379319937427,0.0,1.6241891285072558,1.0584457968359593,0.3036130794789431,0.19785749220859516,1.320576049028312,0.8605883046273639,-0.017401358131868605,-0.011340055200862675,-0.028635146292947944,-0.018660850330533663,0.0,0.0,-0.028635146292947944,-0.018660850330533663,0.0,0.0,341.21592570296,222.36238134762
SVK,Q4.2020,1.4522233867921304,-0.029240262794754668,1.481463649586885,-0.8614294757536732,-0.019640916209961112,0.0,-0.019640916209961112,0.0,1.4596814661431066,0.799190716481645,-0.029390429912396543,-0.016091564690106808,1.4890718960555032,0.8152822811717517,-0.8658534572456887,-0.474063733023003,-0.019741784652758554,-0.010808831506885497,0.0,0.0,-0.019741784652758554,-0.010808831506885497,0.0,0.0,181.71174374815,99.48906117369
SVN,Q4.2020,-1.3494009366438235,0.34098922567069284,-1.6903901623145159,0.1,0.18483194669322733,0.31410316138480565,-0.12927121469157843,-0.11431613976919908,-2.6764281263188883,-1.7746550232987701,0.6763246782876899,0.44844954956999583,-3.3527528046065784,-2.223104572868766,0.19834194964882682,0.13151428720011285,0.36659928664522656,0.24308041721169005,0.6229983341992247,0.4130905337682472,-0.2563990475539981,-0.17001011655655685,-0.2267368603815073,-0.1503420563721469,76.03736607555,50.41797772839
SWE,Q4.2020,-5.419642510565495,2.5312199052560214,-7.950862415821515,1.9866714963131784,-0.14794341217610452,-0.0066142068110832675,-0.1413292053650217,0.0,-0.9857098458204971,-1.040229519487906,0.4603713949183247,0.48583456577248674,-1.4460812407388217,-1.5260640852603933,0.3613304107252846,0.3813156185046136,-0.026907545603234162,-0.028395803645596907,-0.001202973953220693,-0.001269510518355027,-0.02570457165001372,-0.027126293127241574,0.0,0.0,521.00449074292,549.82128194674
CHE,Q4.2020,5.733772132857325,0.4120682110331133,5.321703921824216,0.0,-0.3476360536489196,-0.16429236256423985,-0.18334369108467996,0.0,0.7674604541863879,0.9704864848786086,0.055154974607902474,0.06974581835299687,0.7123054795784851,0.9007406665256124,0.0,0.0,-0.04653078591946258,-0.05884016384074364,-0.02199039101508074,-0.027807787568620207,-0.02454039490438209,-0.031032376272123408,0.0,0.0,590.81421763174,747.10978286639
CHL,Q4.2020,0.1488650164938079,0.468695563479296,-0.31983054698548585,-2.5745524312524948,0.0,0.0,0.0,-1.1142321069096255,0.05682750222972821,0.03373415730174045,0.17891912288063327,0.1062106479912665,-0.12209162065090506,-0.07247649068952633,-0.9828056817743829,-0.5834168345459428,0.0,0.0,0.0,0.0,0.0,0.0,-0.42534524921424066,-0.252495059285478,441.28867711817,261.95945739796
COL,Q4.2020,4.009842186349431,0.5469884730336863,3.462853713315744,0.0024757725592319257,8.497308235775131,7.616072177127631,0.8812360586474997,0.0,1.2475955934881124,0.5807417042868295,0.1701863507169331,0.07921983043029207,1.0774092427711794,0.5015218738565373,0.000770295386160462,0.0003585638308583605,2.6437958948989615,1.230657227232965,2.3696139763850126,1.1030286306961337,0.27418191851394846,0.12762859653683134,0.0,0.0,690.46912883132,321.40560669491
CRI,Q4.2020,-0.004964857766571074,-0.001145736407670267,-0.0038191213589007234,-0.002371875370264731,0.0,0.0,0.0,0.0,-0.0077115026817946575,-0.005441924758532113,-0.0017795775419526816,-0.0012558287904305132,-0.005931925139841976,-0.0041860959681016,-0.00368403771842829,-0.0025997859170315274,0.0,0.0,0.0,0.0,0.0,0.0,0.0,0.0,91.23348790861,64.38249419652
HUN,Q4.2020,-0.19161498549824252,0.0,-0.19161498549824252,0.0,0.0,0.0,0.0,0.0,-0.13001073313003442,-0.061833593114673846,0.0,0.0,-0.13001073313003442,-0.061833593114673624,0.0,0.0,0.0,0.0,0.0,0.0,0.0,0.0,0.0,0.0,309.88816247971,147.38397429587
POL,Q4.2020,5.989153123818987,-0.004148970537541263,5.99330209435653,0.0,2.4919180275215354,2.5280384769071915,-0.03612044938565617,0.0,1.047965084417287,0.49276291212012424,-0.0007259751370068401,-0.000341360249456385,1.0486910595542938,0.4931042723695809,0.0,0.0,0.43602877269689433,0.20502477706283084,0.44234902683083654,0.20799661923456947,-0.006320254133941994,-0.0029718421717381815,0.0,0.0,1215.42286899201,571.50311712429
AUS,Q1.2021,0.8303883820210558,9.87108310841478e-05,0.8302896711899734,0.0,0.00020812524626023787,8.919653411254558e-05,0.0001189287121476923,0.0,0.055552794872685496,0.06770303636278996,6.603732265242357e-06,8.048068989130464e-06,0.055546191140420476,0.06769498829379827,0.0,0.0,1.3923531884341145e-05,1.696882015789214e-05,5.967227950431919e-06,7.27235149633465e-06,7.956303933798203e-06,9.696468661557489e-06,0.0,0.0,1226.51571721458,1494.77336635199
CAN,Q1.2021,0.5094804943522888,0.0832030432363382,0.4262774511159648,0.13419845683279874,0.13988215618101663,0.008209787947418778,0.13167236823359474,0.0,0.030029409753456804,0.029561009374893032,0.004904090158063923,0.004827595891096159,0.02512531959539288,0.024733413483795985,0.007909822835586056,0.007786444985638852,0.00824482709685892,0.008116223832089098,0.00048389504405943473,0.0004763472226508858,0.007760932052799596,0.007639876609438545,0.0,0.0,1723.48815255626,1696.60508992738
FRA,Q1.2021,0.5252095613154779,1.1950101937878337,-0.6698006324723451,16.71460147714675,1.0730574657911234,0.06338736084842012,1.0096701049426997,0.0,0.02007058450622612,0.018066503485737684,0.04566663451469821,0.041106745614995055,-0.025596050008472204,-0.023040242129257926,0.638738983720514,0.5749598409694219,0.041006280413581564,0.03691173556999594,0.0024223119231651102,0.002180440075864709,0.0385839684904159,0.03473129549413123,0.0,0.0,2907.09024981028,2616.81248571801
DEU,Q1.2021,1.1077695919686334,0.12073783018730921,0.9870317617812816,0.0,2.795986302562369,0.30184457546828014,2.494141727094302,0.0,0.030794324993863142,0.026617657271588158,0.003356329699603755,0.002901107059573471,0.027437995294260276,0.02371655021201491,0.0,0.0,0.07772420501856914,0.06718238673207466,0.008390824249008944,0.007252767648933567,0.0693333807695602,0.059929619083138874,0.0,0.0,4161.78471555813,3597.31733749424
ITA,Q1.2021,32.29395798644845,0.59931616434673,31.694641822101715,0.021129120282806113,1.7574900406664256,0.00980994870273122,1.7476800919636162,0.0,1.6835925105330434,1.381465248595533,0.031244364848649342,0.0256374413540143,1.6523481456843943,1.3558278072415186,0.0011015320165218556,0.0009038577871545161,0.09162385951712082,0.07518159951010617,0.0005114255790994171,0.0004196482583217198,0.09111243393802226,0.07476195125178364,0.0,0.0,2337.65981585712,1918.15761738117
JPN,Q1.2021,18.419423468894934,0.07176187368344245,18.347661595211434,0.19435507455932566,0.117360564253147,0.0,0.117360564253147,1.0233542195064729,0.4035513027751172,0.34591426539947,0.0015722314904937917,0.0013476782191810255,0.4019790712846252,0.34456658718028876,0.004258126953421204,0.0036499618436156567,0.0025712535834125916,0.0022040154209519436,0.0,0.0,0.0025712535834125916,0.0022040154209519436,0.022420676150890273,0.019218452938108754,5324.85222823165,4564.33255009445
KOR,Q1.2021,17.39332324339199,4.160596811911648,13.232726431480344,11.662486029476227,0.11272754204720314,0.0,0.11272754204720314,0.19874390346826942,1.0617681847861138,0.8065385617687895,0.25398190229625256,0.1929293052179612,0.8077862824898614,0.6136092565508284,0.7119316100972732,0.5407962916135618,0.006881405929158646,0.005227241991780929,0.0,0.0,0.006881405929158646,0.005227241991780929,0.012132238944215779,0.009215870930503023,2156.5395714307,1638.14696019506
ESP,Q1.2021,44.5350146781777,11.083715197058423,33.45129948111928,-0.5633045596729034,0.45650671749305616,0.0019287868372448447,0.4545779306558302,0.030184457546866383,3.3638788950819376,2.4789495196040474,0.8371901502651393,0.6169520917804789,2.5266887448167985,1.8619974278235687,-0.04254828102067754,-0.03135518372863939,0.034481482122211915,0.025410502639399368,0.0001456877331646872,0.00010736193168808805,0.034335794389047436,0.025303140707711336,0.002279933226364439,0.0016801554254787243,1796.52769554142,1323.91849014805
GBR,Q1.2021,-0.4881394533918524,59.277619120647586,-59.76575857403941,5.14804576600341,0.78789688487376,0.002310548049483163,0.7855863368242808,0.0,-0.015460229405817927,-0.016592161406265404,1.8774257722216117,2.014882872905865,-1.8928860016274305,-2.0314750343121286,0.1630476044930187,0.174985254076151,0.024954071021381807,0.026781101577594058,7.317909390434918e-05,7.853695477300082e-05,0.024880891927477222,0.026702564622819835,0.0,0.0,2941.98833677897,3157.38816403392
USA,Q1.2021,1824.7279999999992,206.59999999999997,1618.1279999999997,-0.019999999999999574,0.0,0.0,0.0,0.0,9.15615570776908,9.135418346412589,1.0366815049832594,1.034333572109838,8.119474202785822,8.10108477430275,-0.00010035638964020488,-0.00010012909700966854,0.0,0.0,0.0,0.0,0.0,0.0,0.0,0.0,19974.2138871676,19928.975197
MEX,Q1.2021,-0.20002812274470738,2.4564657236113296,-2.6564938463560375,-0.03608298224157025,-1.9245315181124167,-0.9509236411421694,-0.9736078769702473,1.196059834340673,-0.015637565202903936,-0.008398658409568605,0.19203871133009034,0.10314057955618723,-0.2076762765329943,-0.11153923796575584,-0.0028208532869046787,-0.001515030177192872,-0.15045377963145884,-0.08080605165556566,-0.074340198954534,-0.03992679992167543,-0.07611358067692482,-0.04087925173389023,0.09350417026083702,0.0502194283893429,2381.66755915225,1279.15132662444
TUR,Q1.2021,5.9126558224667,0.3803196459346596,5.5323361765320405,0.17458151306051128,2.4997121076552418,0.013959679043227258,2.4857524286120167,0.9237755435603354,0.593012864149727,0.25335066681943264,0.038144354973469796,0.01629627003417873,0.5548685091762573,0.2370543967852539,0.017509742862796163,0.007480621919537578,0.250709914633922,0.10710985863994638,0.0014000932069443417,0.0005981565814719425,0.24930982142697822,0.10651170205847471,0.09265054441975695,0.039582745382066964,2333.78340649119,997.05355143423
AUT,Q1.2021,13.791972576402927,0.8043305039065247,12.9876420724964,0.0,0.027166011792179035,0.0,0.027166011792179035,0.0,3.331800434201803,2.9432345816350125,0.19430641319158198,0.1716457411039184,3.1374940210102213,2.771588840531093,0.0,0.0,0.006562638475628546,0.00579728134673374,0.0,0.0,0.006562638475628546,0.00579728134673374,0.0,0.0,468.59916169989,413.94954015927
BEL,Q1.2021,4.662019546143092,0.36683396841928584,4.295185577723807,-0.1866018204562092,0.27410581093383257,0.11714663169012796,0.1569591792436995,0.0,0.9415225209001061,0.8395164990903377,0.07408429743364175,0.06605788883265262,0.8674382234664639,0.773458610257685,-0.03768534530187262,-0.03360245607783474,0.05535729559892033,0.04935979965289228,0.023658457647414644,0.021095263360292826,0.03169883795150419,0.02826453629259973,0.0,0.0,555.32196820368,495.15751802582
CZE,Q1.2021,0.0484917598108634,0.010609563743112727,0.03788219606775023,0.005782690148273151,0.1377968864533443,0.00015930275890559814,0.1376375836944348,0.0,0.022487331501438668,0.011902859693011969,0.004920027194467158,0.0026042393415066645,0.017567304306971288,0.009298620351505527,0.002681636443831348,0.0014194277491995644,0.06390125410231207,0.03382382928533367,7.387428219920653e-05,3.910269281541534e-05,0.06382737982011477,0.03378472659251841,0.0,0.0,407.3958784823,215.64034757864
DNK,Q1.2021,11.8328660765875,0.0003410928865049956,11.832524983700997,21.9941768160963,33.06244630724409,25.12571084390953,7.936735463334559,0.0,3.55765952963196,3.8040028626403264,0.00010255269943138662,0.0001096537650551524,3.5575569769325286,3.8038932088752717,6.612750642130255,7.070637918854597,9.940527207575222,10.628840010916399,7.554275020442956,8.077356352846419,2.386252187132266,2.5514836580699805,0.0,0.0,311.06354290108,332.60254327405
EST,Q1.2021,-0.09439108195654278,-0.03790058512793698,-0.05649049682860585,0.0,0.22987065939187667,0.1682830664882291,0.06158759290364746,0.0,-0.3509528544069509,-0.20559322227792176,-0.1409171105853727,-0.0825512671446938,-0.21003574382157808,-0.12304195513322824,0.0,0.0,0.8546757001379524,0.5006812994609469,0.6256885852795859,0.36653735900658013,0.22898711485836665,0.13414394045436717,0.0,0.0,45.91157281875,26.89565871064
FIN,Q1.2021,-1.0746523869851625,0.0055841246461700855,-1.080236511631333,-2.440927603154569,-1.6885058372569102,-0.9285464859442765,-0.7599593513126326,3.426864023817924,-0.4218555543347726,-0.4232209256199333,0.0021920520780615016,0.002199146840551225,-0.42404760641283445,-0.42542007246048485,-0.9581878564552395,-0.9612891127301672,-0.6628241602587615,-0.6649694468769622,-0.3645015795782498,-0.36568131985910646,-0.29832258068051143,-0.29928812701785557,1.3452178954845246,1.3495718073102803,253.92231856471,254.7441596875
GRC,Q1.2021,4.122811220697784,0.3537752240282648,3.769035996669519,-0.9467853342610759,-2.0856298438568492,-2.5396360876331876,0.4540062437763379,0.0,2.021947227357126,1.367230322536317,0.17350171886126975,0.11732097051284782,1.848445508495855,1.2499093520234696,-0.46433122426293566,-0.3139783872314527,-1.0228538864231318,-0.691648540634648,-1.2455118294300451,-0.8422086972567999,0.2226579430069131,0.15056015662215227,0.0,0.0,301.5447472705,203.90300819506
ISL,Q1.2021,1.100316167298549,0.054677508422957787,1.045638658875591,0.0,-0.5838100411931009,0.1,-0.6838100411931008,0.0,5.307844556033416,5.770139631434232,0.2637602936734115,0.2867329115721191,5.044084262360004,5.483406719862113,0.0,0.0,-2.8162568550750504,-3.0615431782559117,0.4823926716504601,0.524407420605374,-3.2986495267255105,-3.585950598861286,0.0,0.0,19.06914282116,20.72999982729
IRL,Q1.2021,14.15911182500178,2.8576480235392485,11.301463801462528,-0.08694079058430049,1.6810953910718078,1.7680361816561088,-0.08694079058430049,0.0,3.8116783449826475,3.388232818033738,0.7692880191590441,0.6838265659183546,3.042390325823603,2.7044062521153833,-0.023404739849620326,-0.02080466935527503,0.4525562745174334,0.4022810642837795,0.47596101436705396,0.42308573363905433,-0.023404739849620326,-0.02080466935527503,0.0,0.0,417.89075855828,371.46659669328
ISR,Q1.2021,13.341642509066691,0.5531783539547241,12.78846415511197,0.01608478852955697,7.040326460379845,2.6177261216507137,4.422600338729129,0.0,3.7219307879532995,3.8965451906036996,0.15432069517784175,0.16156065141031384,3.5676100927754586,3.734984539193386,0.004487188860381464,0.0046977053495571575,1.964046615124233,2.0561898724861045,0.7302695631351421,0.7645301635614958,1.2337770519890903,1.291659708924609,0.0,0.0,342.39670930134,358.46025273359
LVA,Q1.2021,0.29461204530702156,0.44007731725619964,-0.14546527194917847,0.0,0.06663961286480913,0.06197228918049072,0.004667323684318547,0.0,0.976827878117561,0.531573942482864,1.4591385480354555,0.7940396133069612,-0.4823106699178936,-0.26246567082409733,0.0,0.0,0.2209530556208925,0.12023908153233354,0.20547788424326185,0.11181774339888634,0.015475171377631103,0.008421338133447254,0.0,0.0,55.42258974,30.16007752305
LTU,Q1.2021,1.0191779364477664,0.1612886831869611,0.8578892532608053,-0.9977176400291194,-0.39425692407598323,0.05802999560922034,-0.45228691968520374,0.0,2.1137416878925004,1.049227028966118,0.33450745080472855,0.16604406337125,1.7792342370877723,0.8831829655948682,-2.069233735402157,-1.0271340045325743,-0.817675958590951,-0.40588105992497137,0.12035231187887319,0.059740932085120324,-0.9380282704698244,-0.4656219920100917,0.0,0.0,97.1360733484,48.21676850514
LUX,Q1.2021,0.12197614489762643,0.11473187508637858,0.0072442698112475945,0.002472031878014924,0.008753492688591269,0.001207378301874673,0.007546114386716596,-0.008696217414326135,0.18326432395663517,0.1838554997136388,0.17238009564599355,0.1729361609583011,0.010884228310642285,0.010919338755337904,0.003714129933388044,0.003726111008196753,0.013151775875360983,0.013194200996034411,0.0018140380517739363,0.0018198897925564284,0.01133773782358638,0.011374311203478094,-0.013065722045519479,-0.013107869572950515,66.34348446884,66.55749589674
NLD,Q1.2021,0.6780975985440492,0.08628574151391533,0.5918118570301303,0.03803241650905065,0.1961989740546244,0.0,0.1961989740546244,0.0,0.08070184500835076,0.07272288647228731,0.010269050580680283,0.009253753733631465,0.07043279442767059,0.06346913273865562,0.004526319203897122,0.004078803868341252,0.023350059385181865,0.021041448527157947,0.0,0.0,0.023350059385181865,0.021041448527157947,0.0,0.0,932.44043441875,840.25042856688
NZL,Q1.2021,0.45804418199202956,0.008422571945996271,0.4496216100460302,0.0,0.14890109120145745,0.13540337974953975,0.013497711451917915,0.0,0.22570525354736048,0.23613713299910444,0.004150295563900563,0.0043421182278895465,0.22155495798345726,0.23179501477121534,0.0,0.0,0.07337230744192391,0.0767635048301134,0.06672119275618549,0.06980498202900853,0.006651114685738646,0.006958522801105094,0.0,0.0,193.97380504055,202.93908750153
NOR,Q1.2021,0.06461080079281523,0.0055249140820461395,0.0590858867107702,0.0,0.024021959889068967,-0.015880197370153226,0.03990215725922219,0.0,0.01574915436087254,0.01955211571197779,0.001346721037984333,0.0016719148827344377,0.01440243332288782,0.017880200829243353,0.0,0.0,0.005855453727571014,0.007269374990191757,-0.003870864880094027,-0.004805565829557157,0.009726318607664819,0.012074940819748914,0.0,0.0,330.45426768437,410.24933347112
PRT,Q1.2021,1.740598023701141,-0.33574397714601334,2.076342000847154,-7.736870922147982,-1.6726829942206933,0.0,-1.6726829942206933,0.0,0.7827754016449653,0.5101162907666832,-0.15098955817582438,-0.09839633846348939,0.93376495982079,0.6085126292301726,-3.479397403130389,-2.267441329477449,-0.752232902023918,-0.49021246320044876,0.0,0.0,-0.752232902023918,-0.49021246320044876,0.0,0.0,341.21592570296,222.36238134762
SVK,Q1.2021,0.6525464116096438,0.12712771106513487,0.5254187005445088,0.05595301673906605,0.017931727792675822,0.0,0.017931727792675822,0.0,0.6558976473508125,0.35911075319053865,0.1277805917207247,0.06996119702716196,0.5281170556300872,0.2891495561633768,0.05624037062866849,0.030792185240716252,0.01802381847927048,0.009868227238812644,0.0,0.0,0.01802381847927048,0.009868227238812644,0.0,0.0,181.71174374815,99.48906117369
SVN,Q1.2021,1.0573141337899385,0.0012073783018731188,1.0561067554880652,0.0,0.0,0.0,0.0,0.0,2.097097466871568,1.3905191465198845,0.002394737663572011,0.0015878749675172221,2.094702729207996,1.3889312715523676,0.0,0.0,0.0,0.0,0.0,0.0,0.0,0.0,0.0,0.0,76.03736607555,50.41797772839
SWE,Q1.2021,0.14978738107463485,0.049594344938770796,0.10019303613586317,0.11278619484333774,0.08810790206119634,0.0039390999393047466,0.0841688021218907,0.0,0.02724292165342934,0.028749729366256638,0.009020084628803882,0.009518986077845959,0.018222837024625793,0.019230743288411123,0.020513246494205717,0.02164783545003779,0.016024825694129774,0.0169111598127607,0.000716432788006649,0.000756058730643161,0.015308392906123736,0.016155101082117262,0.0,0.0,521.00449074292,549.82128194674
CHE,Q1.2021,14.86150311182464,1.5501657954967438,13.311337316327894,0.0,1.759052535380377,0.21456229224262158,1.5444902431377514,0.0,1.9891993723876062,2.5154274674357877,0.20748835459620396,0.26237787602853146,1.7817110177914026,2.2530495914072564,0.0,0.0,0.2354476645495831,0.2977336162341322,0.028718977741052143,0.036316372531231156,0.20672868680853096,0.2614172437029012,0.0,0.0,590.81421763174,747.10978286639
CHL,Q1.2021,0.0,0.0,0.0,-0.00023244291230595238,0.0,0.0,0.0,0.0,0.0,0.0,0.0,0.0,0.0,0.0,-8.873239951490142e-05,-5.267366337702306e-05,0.0,0.0,0.0,0.0,0.0,0.0,0.0,0.0,441.28867711817,261.95945739796
COL,Q1.2021,0.07642805403467712,0.020133252286158587,0.05629480174851942,0.0007432809940620538,0.10649730082921138,0.058988637891250306,0.04750866293796108,0.0,0.023779315743929885,0.011069003789356824,0.0062641260347613414,0.0029158801524169498,0.017515189709168766,0.008153123636939874,0.000231259498459091,0.00010764869318924224,0.033134860939218136,0.015423904760154095,0.018353331946459495,0.008543269413231025,0.014781528992759085,0.006880635346923292,0.0,0.0,690.46912883132,321.40560669491
CRI,Q1.2021,0.008132156371748911,0.004616570768364109,0.00351558560338483,-0.4044779763040884,0.0,0.0,0.0,0.0,0.012631005482525381,0.008913565137282808,0.0071705373113886695,0.005060171296956906,0.0054604681711365455,0.0038533938403259027,-0.6282421663712917,-0.44334376069153497,0.0,0.0,0.0,0.0,0.0,0.0,0.0,0.0,91.23348790861,64.38249419652
HUN,Q1.2021,7.702450953905004,2.4305849670506685,5.271865986854336,2.9,-0.12702259531584925,0.0,-0.12702259531584925,0.0,5.22611158418249,2.485558303444174,1.6491514621334096,0.7843426310967306,3.5769601220490803,1.7012156723474432,1.9676494773972615,0.9358214837231409,-0.08618480803133632,-0.04098981848787675,0.0,0.0,-0.08618480803133632,-0.04098981848787675,0.0,0.0,309.88816247971,147.38397429587
POL,Q1.2021,1.576572658790795,0.014258862393990324,1.5623137963968006,0.0,0.20801163962997649,0.08387566114111955,0.12413597848885871,0.0,0.2758642274295635,0.12971392089226486,0.002494975437008773,0.00117316061411743,0.2733692519925546,0.1285407602781472,0.0,0.0,0.03639728872812853,0.017114343076537253,0.01467632610005154,0.006900944788926111,0.021720962628076546,0.010213398287610698,0.0,0.0,1215.42286899201,571.50311712429
AUS,Q2.2021,30.44762966996055,2.347436301085393,28.100193368875154,0.0,0.0,0.0,0.0,0.0,2.036939535808582,2.4824492048994813,0.15704295740927832,0.19139064164757924,1.879896578399304,2.291058563251905,0.0,0.0,0.0,0.0,0.0,0.0,0.0,0.0,0.0,0.0,1226.51571721458,1494.77336635199
CAN,Q2.2021,20.504749809281805,5.6667672200197,14.837982589262083,0.07456272657920238,-1.1184408986880925,0.0,-1.1184408986880996,0.0,1.2085752854931862,1.1897238619754535,0.33400626071811734,0.32879641276412697,0.8745690247750701,0.8609274492113279,0.004394819219974977,0.004326268589001092,-0.0659222882996291,-0.06489402883502526,0.0,0.0,-0.0659222882996291,-0.06489402883502526,0.0,0.0,1723.48815255626,1696.60508992738
FRA,Q2.2021,53.29786283185109,14.266023241930156,39.031839589920935,0.0,-5.934665668642992,-5.934665668642943,0.0,0.0,2.0367474980625904,1.8333748955791584,0.5451679598668604,0.4907320384312518,1.4915795381957304,1.342642857147906,0.0,0.0,-0.22678987130461437,-0.2041445279874008,-0.22678987130461392,-0.20414452798740068,0.0,0.0,0.0,0.0,2907.09024981028,2616.81248571801
DEU,Q2.2021,100.4328036231883,23.966919046442662,76.46588457674562,0.0,0.7988973015483225,0.0,0.7988973015482088,0.0,2.791880565453427,2.413214774126523,0.6662442258468402,0.5758807983711021,2.1256363396065865,1.8373339757554206,0.0,0.0,0.02220814086156153,0.01919602661237363,0.0,0.0,0.02220814086156153,0.01919602661237363,0.0,0.0,4161.78471555813,3597.31733749424
ITA,Q2.2021,45.65127437417652,11.412818593544126,34.23845578063239,0.0,0.0,0.0,0.0,0.0,2.379954283240993,1.9528621771443726,0.5949885708102479,0.48821554428609326,1.7849657124307452,1.4646466328582797,0.0,0.0,0.0,0.0,0.0,0.0,0.0,0.0,0.0,0.0,2337.65981585712,1918.15761738117
JPN,Q2.2021,29.96967941429034,4.6827624084828585,25.28691700580748,-216.3436232719078,0.0,0.0,0.0,0.0,0.6566059568483951,0.5628264997739318,0.10259468075756129,0.08794164058967646,0.5540112760908329,0.4748848591842556,-4.7398742509993275,-4.0629037952430505,0.0,0.0,0.0,0.0,0.0,0.0,0.0,0.0,5324.85222823165,4564.33255009445
KOR,Q2.2021,0.0006366310100247574,7.342918223862682e-05,0.000563201827787907,0.00034291428105603927,0.000520612902079165,0.0,0.000520612902079165,0.0009178647779890525,3.886287527965493e-05,2.9520951920769534e-05,4.482453895837679e-06,3.4049540853509086e-06,3.4380421383595205e-05,2.6115997835418625e-05,2.0933059694083767e-05,1.590113557847772e-05,3.178059812292133e-05,2.4141124465248964e-05,0.0,0.0,3.178059812292133e-05,2.4141124465248964e-05,5.603067370074655e-05,4.2561926066220224e-05,2156.5395714307,1638.14696019506
ESP,Q2.2021,0.011412818593541374,0.0,0.011412818593541374,0.0,0.0,0.0,0.0,0.0,0.0008620484326238298,0.0006352709519514832,0.0,0.0,0.0008620484326238298,0.0006352709519514832,0.0,0.0,0.0,0.0,0.0,0.0,0.0,0.0,0.0,0.0,1796.52769554142,1323.91849014805
GBR,Q2.2021,0.0,0.0,0.0,0.0,15.3956157889711,0.0,15.3956157889711,0.0,0.0,0.0,0.0,0.0,0.0,0.0,0.0,0.0,0.4876060525070649,0.5233064861782211,0.0,0.0,0.4876060525070649,0.5233064861782211,0.0,0.0,2941.98833677897,3157.38816403392
USA,Q2.2021,0.272000000000844,-3.1000000000000227,3.3720000000002983,0.0,0.0,0.0,0.0,0.0,0.0013648468991078744,0.0013617557193335017,-0.015555240394231618,-0.015520010036498277,0.016920087293339492,0.016881765755830003,0.0,0.0,0.0,0.0,0.0,0.0,0.0,0.0,0.0,0.0,19974.2138871676,19928.975197
MEX,Q2.2021,-1.7763568394002505e-14,-1.1546319456101628e-14,-5.329070518200751e-15,-9.769962616701378e-15,-2.4424906541753444e-15,-1.9984014443252818e-15,-4.163336342344337e-16,-2.6645352591003757e-14,-1.3322676295501878e-15,-7.216449660063518e-16,-8.326672684688674e-16,-4.718447854656915e-16,-4.163336342344337e-16,-2.3592239273284576e-16,-7.771561172376096e-16,-4.163336342344337e-16,-1.8041124150158794e-16,-9.71445146547012e-17,-1.5265566588595902e-16,-8.326672684688674e-17,-3.2959746043559335e-17,-1.6479873021779667e-17,-2.1094237467877974e-15,-1.1657341758564144e-15,2381.66755915225,1279.15132662444
TUR,Q2.2021,6.477135721870162,0.6035430393187631,5.873592682551399,-0.04229583523566127,0.07233705275807978,0.004428799148453955,0.06790825360962316,0.5273109280821302,0.649627666693831,0.2775379970503965,0.06053266030200535,0.025861141939739027,0.5890950063918254,0.25167685511065746,-0.004242082601764174,-0.001812329075526864,0.0072550820017660556,0.0030995615341544713,0.00044418869398565874,0.00018976907351966887,0.006810893307780397,0.002909792460634497,0.05288692140192586,0.022594681520807236,2333.78340649119,997.05355143423
AUT,Q2.2021,0.0,0.0,0.0,0.0,0.0,0.0,0.0,0.0,0.0,0.0,0.0,0.0,0.0,0.0,0.0,0.0,0.0,0.0,0.0,0.0,0.0,0.0,0.0,0.0,468.59916169989,413.94954015927
BEL,Q2.2021,1.1412818593544074,0.9130254874835284,0.22825637187088432,-0.4565127437417651,0.5706409296772037,0.5706409296772064,0.0,0.0,0.23048864609885555,0.2055171458543521,0.1843909168790847,0.16441371668348093,0.04609772921977129,0.04110342917087095,-0.09219545843954213,-0.08220685834174013,0.11524432304942778,0.1027585729271756,0.11524432304942811,0.1027585729271758,0.0,0.0,0.0,0.0,555.32196820368,495.15751802582
CZE,Q2.2021,10.27563253304036,3.636324468715331,6.639308064325029,0.0,0.4997791923826753,0.0,0.4997791923826753,0.0,4.7651715685039076,2.5222720885937484,1.6862913223552618,0.8925776279971169,3.078880246148646,1.6296944605966317,0.0,0.0,0.2317651580488267,0.12267654602804079,0.0,0.0,0.2317651580488267,0.12267654602804079,0.0,0.0,407.3958784823,215.64034757864
DNK,Q2.2021,-5.701487650538576,0.0,-5.701487650538578,0.0,7.822349343600848,9.278292235594947,-1.4559428919940984,0.0,-1.7142044659113753,-1.8329012771360627,0.0,0.0,-1.7142044659113749,-1.832901277136063,0.0,0.0,2.3518609528958354,2.514711068564022,2.7896035142311106,2.9827642767334837,-0.4377425613352761,-0.4680532081694633,0.0,0.0,311.06354290108,332.60254327405
EST,Q2.2021,0.6137999999999999,0.2111,0.40269999999999984,0.0,-0.17325621916755884,-0.12018960218399344,-0.05306661698356524,0.0,2.28215269461751,1.3369178233626702,0.7848850339422557,0.4597969249134242,1.4972676606752544,0.877120898449246,0.0,0.0,-0.6441791258267937,-0.37736938320876234,-0.44687361435191786,-0.2617849810079016,-0.19730551147487585,-0.11558440220086108,0.0,0.0,45.91157281875,26.89565871064
FIN,Q2.2021,4.7477325349143555,1.9972432538702218,2.7504892810441337,0.0,0.0,0.0,0.0,0.0,1.8637257634241733,1.8697578699465263,0.7840192514404576,0.7865567962515437,1.0797065119837161,1.083201073694983,0.0,0.0,0.0,0.0,0.0,0.0,0.0,0.0,0.0,0.0,253.92231856471,254.7441596875
GRC,Q2.2021,13.558428489130424,0.045651274374176376,13.512777214756245,0.9472639432641625,5.694996478178518,2.5907098207345163,3.1042866574440016,0.0,6.649449956206629,4.496323882892202,0.022388720391268047,0.015139137652835699,6.627061235815363,4.481184745239366,0.46456594811881363,0.3141371062963408,2.792992868810697,1.888607422191253,1.2705598822044655,0.8591460617984257,1.5224329866062316,1.029461360392827,0.0,0.0,301.5447472705,203.90300819506
ISL,Q2.2021,0.0,0.0,0.0,0.0,-0.011373707533234856,-0.011373707533234856,0.0,0.0,0.0,0.0,0.0,0.0,0.0,0.0,0.0,0.0,-0.054865931635281306,-0.059644566302236246,-0.05486593163528125,-0.059644566302236024,0.0,0.0,0.0,0.0,19.06914282116,20.72999982729
IRL,Q2.2021,6.595342458595013,-0.911007842379834,7.506350300974852,0.4801454389703319,5.864286921181141,2.5309368338247786,3.3333500873563633,0.0,1.7754873566843994,1.5782455877581274,-0.24524623492110487,-0.21800143308332642,2.020733591605504,1.7962470208414532,0.12925669313055033,0.11489735753593366,1.5786848597919252,1.4033061993074192,0.6813363183539687,0.6056455621455934,0.8973485414379563,0.7976606371618259,0.0,0.0,417.89075855828,371.46659669328
ISR,Q2.2021,1.166510413053409,1.4889697084849915,-0.32245929543158525,-0.0002753047915082796,-1.1849563042805542,0.15596698223286376,-1.3409232865134157,0.0,0.32542252708848274,0.34068972667221864,0.4153793055520727,0.4348668278743779,-0.08995677846359129,-0.09417710120215972,-7.680204134463686e-05,-8.040520952135033e-05,-0.3305683950296219,-0.3460770130350994,0.04351025840200462,0.045551542405624534,-0.37407865343162605,-0.3916285554407244,0.0,0.0,342.39670930134,358.46025273359
LVA,Q2.2021,0.0,0.0,0.0,0.0,0.0,0.0,0.0,0.0,0.0,0.0,0.0,0.0,0.0,0.0,0.0,0.0,0.0,0.0,0.0,0.0,0.0,0.0,0.0,0.0,55.42258974,30.16007752305
LTU,Q2.2021,0.5557523244400562,0.35618561001317595,0.19956671442688068,0.10354076424571956,0.0,0.0,0.0,0.0,1.1526121340562527,0.5721379352516429,0.7387172990973168,0.36668726430358933,0.41389483495893487,0.20545067094805303,0.2147401567043672,0.1065935246057843,0.0,0.0,0.0,0.0,0.0,0.0,0.0,0.0,97.1360733484,48.21676850514
LUX,Q2.2021,0.0,0.0,0.0,0.0,0.0,0.0,0.0,0.0,0.0,0.0,0.0,0.0,0.0,0.0,0.0,0.0,0.0,0.0,0.0,0.0,0.0,0.0,0.0,0.0,66.34348446884,66.55749589674
NLD,Q2.2021,52.727221902173866,12.143238983530951,40.58398291864291,0.0,0.0,0.0,0.0,0.0,6.27517941194088,5.654754980144348,1.4451928342651723,1.3023072075483955,4.829986577675707,4.352447772595953,0.0,0.0,0.0,0.0,0.0,0.0,0.0,0.0,0.0,0.0,932.44043441875,840.25042856688
NZL,Q2.2021,0.0,0.7800257710126361,-0.7800257710126317,0.0,-2.372578386830103,0.06500214758438605,-2.4375805344144887,0.0,0.0,0.0,0.3843644812913407,0.4021294374513984,-0.3843644812913354,-0.4021294374513964,0.0,0.0,-1.1691086305944958,-1.2231437055813377,0.03203037344094495,0.03351078645428307,-1.2011390040354408,-1.2566544920356209,0.0,0.0,193.97380504055,202.93908750153
NOR,Q2.2021,10.50358438799893,1.4762368351181505,9.02734755288078,0.0,0.8390123019736251,0.8390123019736251,0.0,0.0,2.5602928587666662,3.178528896479957,0.3598389356608357,0.44672954156796146,2.2004539231058304,2.7317993549119954,0.0,0.0,0.20451277638277698,0.25389664592711547,0.20451277638277698,0.25389664592711503,0.0,0.0,0.0,0.0,330.45426768437,410.24933347112
PRT,Q2.2021,0.4565127437417651,0.0,0.4565127437417651,0.0,0.0,0.0,0.0,0.0,0.20530124788873128,0.13378998732291691,0.0,0.0,0.20530124788873128,0.13378998732291691,0.0,0.0,0.0,0.0,0.0,0.0,0.0,0.0,0.0,0.0,341.21592570296,222.36238134762
SVK,Q2.2021,0.0,0.0,0.0,0.0,0.0,0.0,0.0,0.0,0.0,0.0,0.0,0.0,0.0,0.0,0.0,0.0,0.0,0.0,0.0,0.0,0.0,0.0,0.0,0.0,181.71174374815,99.48906117369
SVN,Q2.2021,0.35570577116271807,-0.04451274374176506,0.40021851490448324,0.374,0.0,0.0,0.0,0.0,0.7055137615375298,0.4678039094743136,-0.08828744377960285,-0.058540617645195026,0.7938012053171324,0.5263445271195089,0.7417988916866121,0.49186343412842204,0.0,0.0,0.0,0.0,0.0,0.0,0.0,0.0,76.03736607555,50.41797772839
SWE,Q2.2021,0.0,0.0,0.0,0.0,0.0,0.0,0.0,0.0,0.0,0.0,0.0,0.0,0.0,0.0,0.0,0.0,0.0,0.0,0.0,0.0,0.0,0.0,0.0,0.0,521.00449074292,549.82128194674
CHE,Q2.2021,3.8322799069066704,2.2988468883408597,1.533433018565809,0.0,0.002653463132929801,6.0615948210829274e-05,0.0025928471847223022,0.0,0.5129473599185914,0.6486438194172521,0.3076986730813529,0.38909809881619184,0.20524868683723874,0.25954572060105896,0.0,0.0,0.0003551637515366579,0.0004491197154292692,8.113392382325113e-06,1.025973079216147e-05,0.0003470503591547214,0.0004388599846363306,0.0,0.0,590.81421763174,747.10978286639
CHL,Q2.2021,14.9029855911904,-0.6989117388089003,15.601897329999304,0.2461605787508705,3.2859281358385646,3.2859281358385646,0.0,-1.4672521220830275,5.689042777543351,3.3771511402726553,-0.2668014912502805,-0.1583797126572869,5.955844268793633,3.535530852929943,0.09396896038645841,0.05578221049278198,1.2543651481330917,0.744620994424166,1.2543651481330917,0.744620994424166,0.0,0.0,-0.560106566358483,-0.3324925832370996,441.28867711817,261.95945739796
COL,Q2.2021,1.6410634551846606,0.9544913943831719,0.6865720608014882,0.373652026622256,0.0652537234898265,0.06308762478477092,0.002166098705056463,0.0,0.5105895544449597,0.2376736897654359,0.29697409581569945,0.13823809849380697,0.21361545862926024,0.09943559127162893,0.11625560315036454,0.054115674549374146,0.020302608955969248,0.009450635917680472,0.01962866343045988,0.009136921862321623,0.0006739455255093674,0.00031371405535862706,0.0,0.0,690.46912883132,321.40560669491
CRI,Q2.2021,-0.00014030908431417188,0.0,-0.00014030908431417188,0.0,0.0,0.0,0.0,0.0,-0.00021793048881590948,-0.00015379120927039303,0.0,0.0,-0.00021793048881568744,-0.00015379120927039303,0.0,0.0,0.0,0.0,0.0,0.0,0.0,0.0,0.0,0.0,91.23348790861,64.38249419652
HUN,Q2.2021,2.5891373283260464,2.8357904306323585,-0.246653102306313,-2.9,-0.006423229688640397,0.0,-0.006423229688640397,0.0,1.7567292106863714,0.8355070124679482,1.9240832961523844,0.9151012442490547,-0.1673540854660116,-0.07959423178110647,-1.9676494773972615,-0.9358214837231409,-0.004358160186225923,-0.0020727573577650205,0.0,0.0,-0.004358160186225923,-0.0020727573577650205,0.0,0.0,309.88816247971,147.38397429587
POL,Q2.2021,-7.769944674403845,1.5898896693499602,-9.359834343753803,0.0,-3.077205811645083,-3.0772058116450847,0.0,0.0,-1.3595629562793876,-0.6392791243797902,0.2781944002947918,0.1308095898070856,-1.6377573565741796,-0.7700887141868757,0.0,0.0,-0.5384407747641138,-0.2531798512395209,-0.5384407747641136,-0.2531798512395206,0.0,0.0,0.0,0.0,1215.42286899201,571.50311712429
AUS,Q3.2021,0.0,0.0,0.0,0.0,0.0,0.0,0.0,0.0,0.0,0.0,0.0,0.0,0.0,0.0,0.0,0.0,0.0,0.0,0.0,0.0,0.0,0.0,0.0,0.0,1226.51571721458,1494.77336635199
CAN,Q3.2021,0.671064539212864,0.671064539212864,0.0,4.5744234136235065,0.0,0.0,0.0,0.0,0.039553372979778345,0.038936417301014714,0.03955337297977746,0.038936417301014714,0.0,0.0,0.269622167278734,0.26541658594164197,0.0,0.0,0.0,0.0,0.0,0.0,0.0,0.0,1723.48815255626,1696.60508992738
FRA,Q3.2021,1.0037314865231508,2.9114479823818513,-1.9077164958586934,-0.11457218907976596,-0.5774768033761006,-0.026046627157700897,-0.5514301762184459,0.0,0.038357027566986446,0.0345270149968222,0.11125932783766124,0.1001499001474706,-0.07290230027067501,-0.06562288515064818,-0.004378311006427271,-0.003941129419261724,-0.022067947418010547,-0.019864426411039915,-0.000995357034554667,-0.0008959689902782175,-0.021072590383456102,-0.01896845742076181,0.0,0.0,2907.09024981028,2616.81248571801
DEU,Q3.2021,69.61819342061915,0.0,69.6181934206192,0.0,0.0,0.0,0.0,0.0,1.9352808465074869,1.6727966047922482,0.0,0.0,1.9352808465074887,1.6727966047922482,0.0,0.0,0.0,0.0,0.0,0.0,0.0,0.0,0.0,0.0,4161.78471555813,3597.31733749424
ITA,Q3.2021,0.0,0.0,0.0,0.0,0.0,0.0,0.0,0.0,0.0,0.0,0.0,0.0,0.0,0.0,0.0,0.0,0.0,0.0,0.0,0.0,0.0,0.0,0.0,0.0,2337.65981585712,1918.15761738117
JPN,Q3.2021,13.111734743751981,10.302077298662283,2.8096574450896696,0.0,0.0,0.0,0.0,0.0,0.28726510612117195,0.24623659365109418,0.22570829766663447,0.19347160929728835,0.06155680845453659,0.05276498435380539,0.0,0.0,0.0,0.0,0.0,0.0,0.0,0.0,0.0,0.0,5324.85222823165,4564.33255009445
KOR,Q3.2021,31.3557937785978,3.4745609322229996,27.8812328463748,-11.610118236940266,0.0,0.0,0.0,0.0,1.914101392640874,1.4539864788011108,0.21210312729263747,0.16111742062390683,1.7019982653482368,1.292869058177204,-0.7087348399778373,-0.5383679664750061,0.0,0.0,0.0,0.0,0.0,0.0,0.0,0.0,2156.5395714307,1638.14696019506
ESP,Q3.2021,10.431316194499331,5.831950301301049,4.599365893198282,0.0,0.0,0.0,0.0,0.0,0.7879122674185792,0.5806376500839665,0.4405067490710004,0.32462345644738166,0.34740551834757927,0.2560141936365845,0.0,0.0,0.0,0.0,0.0,0.0,0.0,0.0,0.0,0.0,1796.52769554142,1323.91849014805
GBR,Q3.2021,82.10995087451238,-73.12917499761264,155.239125872125,1.9244519736213839,0.03848903947238114,0.038489039472427766,0.0,0.0,2.6005656133710104,2.7909679262838374,-2.3161287494085574,-2.4857058093465447,4.916694362779567,5.276673735630382,0.06095075656338311,0.06541331077227752,0.0012190151312676534,0.0013082662154442204,0.0012190151312676603,0.0013082662154455527,0.0,0.0,0.0,0.0,2941.98833677897,3157.38816403392
USA,Q3.2021,0.0,0.0,0.0,0.0,0.0,0.0,0.0,0.0,0.0,0.0,0.0,0.0,0.0,0.0,0.0,0.0,0.0,0.0,0.0,0.0,0.0,0.0,0.0,0.0,19974.2138871676,19928.975197
MEX,Q3.2021,0.0,0.0,0.0,0.0,0.10239412195682918,0.0,0.10239412195682918,0.4514649922642011,0.0,0.0,0.0,0.0,0.0,0.0,0.0,0.0,0.008004848200958176,0.0042992617321149645,0.0,0.0,0.00800484820095818,0.004299261732114963,0.035294103431497525,0.018955835818870448,2381.66755915225,1279.15132662444
TUR,Q3.2021,5.234121210982785,-0.23266279540380985,5.466784006386597,0.01376658570374012,-0.07233705275807978,-0.004428799148453955,-0.06790825360962316,1.4269426648543515,0.5249588854534113,0.22427622016784388,-0.023335035020850325,-0.00996933968922227,0.5482939204742616,0.2342455598570662,0.0013807268109058413,0.0005898827485639746,-0.0072550820017660556,-0.0030995615341544713,-0.00044418869398565874,-0.00018976907351966887,-0.006810893307780397,-0.002909792460634497,0.14311595027185242,0.0611428918761463,2333.78340649119,997.05355143423
AUT,Q3.2021,15.521433287220006,4.7933838092885335,10.728049477931478,0.0,1.9401791609025008,0.0,1.9401791609025008,0.0,3.749595489645433,3.312304962500246,1.1579633129787377,1.022917709007429,2.591632176666696,2.2893872534928175,0.0,0.0,0.4686994362056791,0.41403812031253073,0.0,0.0,0.4686994362056791,0.41403812031253073,0.0,0.0,468.59916169989,413.94954015927
BEL,Q3.2021,-0.22825637187087722,0.45651274374176687,-0.6847691156126494,-0.34238455780632293,0.0,0.0,0.0,0.0,-0.0460977292197704,-0.041103429170870065,0.09219545843954258,0.08220685834174102,-0.13829318765931387,-0.12331028751261108,-0.06914659382965693,-0.06165514375630554,0.0,0.0,0.0,0.0,0.0,0.0,0.0,0.0,555.32196820368,495.15751802582
CZE,Q3.2021,-0.8401460561605347,-0.11201947415473779,-0.728126582005796,-0.9478570890016264,0.20249674174124976,-0.00430844131364376,0.2068051830548967,0.0,-0.3896052225820803,-0.20622350409885915,-0.05194736301094416,-0.027496467213180997,-0.33765785957113614,-0.1787270368856788,-0.43955461009260377,-0.23266241488076503,0.09390484851978442,0.04970515226998273,-0.0019979755004209294,-0.0010575564312762034,0.09590282402020378,0.05076270870125832,0.0,0.0,407.3958784823,215.64034757864
DNK,Q3.2021,-0.12228391743782474,-0.12228391743782471,0.0,0.0,0.0,0.0,0.0,0.0,-0.03676577942973447,-0.03931155554179222,-0.03676577942973457,-0.03931155554179221,0.0,0.0,0.0,0.0,0.0,0.0,0.0,0.0,0.0,0.0,0.0,0.0,311.06354290108,332.60254327405
EST,Q3.2021,0.0,0.0,0.0,0.0,0.0,0.0,0.0,0.0,0.0,0.0,0.0,0.0,0.0,0.0,0.0,0.0,0.0,0.0,0.0,0.0,0.0,0.0,0.0,0.0,45.91157281875,26.89565871064
FIN,Q3.2021,1.3124741382575742,0.5706409296772064,0.7418332085803678,-1.82605097496706,-0.4565127437417651,-0.4565127437417651,0.0,0.0,0.5152126509465864,0.5168801803938718,0.2240055004115593,0.2247305132147268,0.29120715053502666,0.2921496671791446,-0.71681760131699,-0.7191376422871257,-0.17920440032924745,-0.17978441057178163,-0.17920440032924756,-0.17978441057178152,0.0,0.0,0.0,0.0,253.92231856471,254.7441596875
GRC,Q3.2021,-5.797711845520418,0.4429565964262199,-6.240668441946635,0.1483666417160734,-5.9803169430171215,-2.7048380066699576,-3.275478936347164,0.0,-2.843367489691051,-1.9226704819101332,0.21723887271073206,0.14689580914134326,-3.060606362401783,-2.0695662910514763,0.0727633412716212,0.04920219737171583,-2.932922371256123,-1.9832270325214756,-1.326531683182636,-0.8969939059305148,-1.6063906880734875,-1.086233126590961,0.0,0.0,301.5447472705,203.90300819506
ISL,Q3.2021,0.19510445104624008,0.019965198850822666,0.17513925219541737,0.07532027085825337,-0.0864482892809984,-0.08862629246676515,0.002178003185766747,0.0,0.9411695739109192,1.0231422192178616,0.09631065613681034,0.10469898431233282,0.8448589177741095,0.9184432349055296,0.3633394668874913,0.3949850896007477,-0.41702021225872654,-0.45334124397595565,-0.4275267400151789,-0.464762854303138,0.010506527756452222,0.011421610327182252,0.0,0.0,19.06914282116,20.72999982729
IRL,Q3.2021,6.003142580204219,0.11412818593544127,5.889014394268777,0.45651274374176465,-2.2825637187088237,-2.2825637187088246,0.0,0.0,1.6160652488387814,1.436533940332879,0.03072367393229647,0.02731053118503568,1.5853415749064865,1.4092234091478435,0.12289469572918466,0.10924212474014272,-0.6144734786459245,-0.5462106237007136,-0.6144734786459245,-0.5462106237007136,0.0,0.0,0.0,0.0,417.89075855828,371.46659669328
ISR,Q3.2021,1.5,2.9000000000000004,-1.3999999999999986,0.0,-1.6999999999999993,-1.7000000000000002,0.0,0.0,0.4184564365396497,0.438088322478551,0.8090157773099882,0.8469707567918645,-0.3905593407703378,-0.4088824343133126,0.0,0.0,-0.474250628078269,-0.49650009880902424,-0.4742506280782689,-0.4965000988090239,0.0,0.0,0.0,0.0,342.39670930134,358.46025273359
LVA,Q3.2021,0.6360889659211653,0.0,0.6360889659211653,0.0,-0.3759788160119779,-0.021798038880997683,-0.3541807771309804,0.0,2.1090428744257412,1.1477070431122103,0.0,0.0,2.1090428744257403,1.1477070431122103,0.0,0.0,-1.2466109071657199,-0.6783855062994717,-0.07227447895098549,-0.03933060324906723,-1.1743364282147346,-0.6390549030504046,0.0,0.0,55.42258974,30.16007752305
LTU,Q3.2021,0.23779700000000048,0.013394000000000128,0.22440300000000013,0.0013800000000001589,0.011412818593544038,0.011412818593544094,0.0,0.0,0.4931831961626596,0.24480812514120043,0.027778717685264187,0.013788904099468313,0.46540447847739674,0.23101922104173234,0.002862074839903972,0.001420687446413993,0.023669812281856828,0.011749310220322995,0.023669812281856828,0.011749310220323106,0.0,0.0,0.0,0.0,97.1360733484,48.21676850514
LUX,Q3.2021,0.0,0.0,0.0,0.0,0.0,0.0,0.0,0.0,0.0,0.0,0.0,0.0,0.0,0.0,0.0,0.0,0.0,0.0,0.0,0.0,0.0,0.0,0.0,0.0,66.34348446884,66.55749589674
NLD,Q3.2021,0.0,0.0,0.0,-1.2554100452898531,-34.466712152503256,0.0,-34.466712152503256,0.0,0.0,0.0,0.0,0.0,0.0,0.0,-0.1494090336176399,-0.13463702333676997,-4.101957104775206,-3.6963982770640547,0.0,0.0,-4.101957104775206,-3.6963982770640547,0.0,0.0,932.44043441875,840.25042856688
NZL,Q3.2021,0.0,0.0,0.0,0.0,0.6500214758438636,0.3900128855063181,0.2600085903375453,0.0,0.0,0.0,0.0,0.0,0.0,0.0,0.0,0.0,0.32030373440945104,0.33510786454283226,0.19218224064567058,0.2010647187256993,0.12812149376378013,0.13404314581713284,0.0,0.0,193.97380504055,202.93908750153
NOR,Q3.2021,0.0,0.0,0.0,0.0,0.0,0.0,0.0,0.0,0.0,0.0,0.0,0.0,0.0,0.0,0.0,0.0,0.0,0.0,0.0,0.0,0.0,0.0,0.0,0.0,330.45426768437,410.24933347112
PRT,Q3.2021,0.7988973015480916,0.3423845578063238,0.45651274374176687,0.0,0.0,0.0,0.0,0.0,0.35927718380528173,0.23413247781510638,0.153975935916549,0.10034249049218802,0.20530124788873305,0.13378998732291825,0.0,0.0,0.0,0.0,0.0,0.0,0.0,0.0,0.0,0.0,341.21592570296,222.36238134762
SVK,Q3.2021,1.6802751266758573,1.0192067280989021,0.6610683985769557,0.0,-2.7823680163275766,0.0,-2.7823680163275766,0.0,1.6889043949690112,0.924692643423584,1.0244409948944544,0.5608920519256635,0.6644634000745571,0.3638005914979203,0.0,0.0,-2.7966572239234044,-1.531198787120716,0.0,0.0,-2.7966572239234044,-1.531198787120716,0.0,0.0,181.71174374815,99.48906117369
SVN,Q3.2021,1.021,-0.011999999999999955,1.0329999999999995,0.0,0.0,0.0,0.0,0.0,2.025071305914521,1.3427608723131517,-0.023801033957859152,-0.015781714464013552,2.0488723398723803,1.3585425867771646,0.0,0.0,0.0,0.0,0.0,0.0,0.0,0.0,0.0,0.0,76.03736607555,50.41797772839
SWE,Q3.2021,0.0,0.0,0.0,0.0,0.0,0.0,0.0,0.0,0.0,0.0,0.0,0.0,0.0,0.0,0.0,0.0,0.0,0.0,0.0,0.0,0.0,0.0,0.0,0.0,521.00449074292,549.82128194674
CHE,Q3.2021,1.2984084998357872,0.6508019634123627,0.6476065364234245,0.0,0.10651423296437912,0.10651423296438023,0.0,0.0,0.173790857731011,0.21976595367667429,0.08710928143859542,0.11015340254015582,0.08668157629241513,0.1096125511365198,0.0,0.0,0.014256838205989553,0.018028380121138277,0.014256838205989442,0.018028380121138443,0.0,0.0,0.0,0.0,590.81421763174,747.10978286639
CHL,Q3.2021,-3.5745495208810496,0.0,-3.5745495208810496,0.758679527329611,0.0,0.0,0.0,0.0,-1.3645430313480578,-0.8100252071330258,0.0,0.0,-1.3645430313480578,-0.8100252071330267,0.28961715483211226,0.17192363336493433,0.0,0.0,0.0,0.0,0.0,0.0,0.0,0.0,441.28867711817,261.95945739796
COL,Q3.2021,-0.24016619392314453,-0.012996592230339221,-0.22716960169280576,0.0,-0.9647262107645638,-0.9647262107645638,0.0,0.0,-0.07472371014084978,-0.034783045887894826,-0.004043673153056204,-0.0018822843321520955,-0.07068003698779357,-0.03290076155574262,0.0,0.0,-0.3001584884237305,-0.13972039740537667,-0.30015848842373094,-0.13972039740537667,0.0,0.0,0.0,0.0,690.46912883132,321.40560669491
CRI,Q3.2021,0.145346626042143,0.0,0.145346626042143,0.0,0.0,0.0,0.0,0.0,0.2257548854794127,0.15931280210150378,0.0,0.0,0.22575488547941247,0.15931280210150367,0.0,0.0,0.0,0.0,0.0,0.0,0.0,0.0,0.0,0.0,91.23348790861,64.38249419652
HUN,Q3.2021,1.510862671673955,0.6642095693676415,0.8466531023063144,0.0,0.006423229688640397,0.0,0.006423229688640397,0.0,1.0251200504614815,0.48755094727856196,0.45066607312017215,0.21433847748577062,0.5744539773413084,0.27321246979279135,0.0,0.0,0.004358160186225923,0.0020727573577650205,0.0,0.0,0.004358160186225923,0.0020727573577650205,0.0,0.0,309.88816247971,147.38397429587
POL,Q3.2021,0.0,0.0,0.0,0.0,0.0,0.0,0.0,0.0,0.0,0.0,0.0,0.0,0.0,0.0,0.0,0.0,0.0,0.0,0.0,0.0,0.0,0.0,0.0,0.0,1215.42286899201,571.50311712429
