Country,Year,Compensation.rate.total.economy,Dependent.employment.total.economy,Employment.country.specific,General.government.employment,Hours.worked.per.worker.total.economy,Labour.force,Labour.force.participation.rate.as.a.percentage.of.population.aged.15-74,Labour.productivity.total.economy,Total.employment.(labour.force.survey.basis),Total.employment.(national.accounts.basis),Total.population,Total.self-employed,Unemployment.rate,Unemployment.level,Unit.labour.cost.in.total.economy,Wage.rate.total.economy,Working-age.population.age.15-74
AUS,2015,75640.2393752781,10553218.8500833,,,1671.31999722177,12524529.4954417,70.4429032895231,0.970082256789831,11766268.1147083,,23816000.0,1213049.26462502,6.05421050754297,758261.38073335,0.881479152504647,67707.3042974332,17779689.5224
AUS,2016,76395.3264288698,10761260.3863333,,,1663.36951904453,12690923.1170416,70.3349302680778,0.979791481599049,11965779.1267917,,24190900.0,1204518.74045832,5.71387899495082,725143.99025,0.883846400170012,68239.3115338613,18043556.8339528
AUS,2017,77345.981228096,11003196.1129333,,,1670.02386185106,12944694.4720083,70.6213090302855,0.983123245779283,12219313.9481583,,24592588.0,1216117.83522497,5.60368980062503,725380.523850001,0.892942156075079,69106.6479407943,18329728.873274
AUS,2018,79025.5035666958,11329216.0073917,,,1661.02272970755,13240759.916825,71.1777250015056,0.985684823366392,12538061.5768,,24963258.0,1208845.56940833,5.30708467217246,702698.340024975,0.913103839546329,70683.4435390348,18602392.6959522
AUS,2019,81439.753534863,11594828.8030583,,,1655.49553626368,13529027.7029666,71.6964691214407,0.980536729451535,12830403.686775,,25334826.0,1235574.88371665,5.16388931658763,698624.016191676,0.946058761269253,72761.8332560003,18869866.0739498
AUS,2020,84847.37775541,11421012.9486083,,,1618.35555576059,13471113.0472667,70.5700844799417,0.976732965781046,12603996.97595,,25649248.0,1182984.0273417,6.43685542741838,867116.07131665,0.992157044813986,75651.3458033757,19088985.2924799
AUS,2021,87708.7583417839,11746831.4394,,,1627.77326722286,13689943.8094167,71.7668522364378,1.0,12986293.311175,,25685412.0,1239461.87177505,5.13990786257038,703650.498241675,1.0,78127.9619729421,19075580.6933189
AUS,2022,91153.798304435,12349523.7822167,,,1632.97071284252,14091715.3348167,73.0528947491037,0.994613786075832,13567361.8022416,,26014399.0,1217838.020025,3.72100571233845,524353.532575,1.0514693257905,81044.9064798151,19289742.5669632
AUS,2023,95795.4796263373,12809341.3675298,,,1651.36944533186,14562565.1242028,73.7571116161027,0.980937189075078,14025685.1016077,,26648878.0,1216343.73407785,3.68671328173434,536880.0225952,1.12415977183275,84947.9273585663,19743947.1328532
AUS,2024,99184.4255509925,13181165.7112144,,,1626.29083104055,15001444.7923005,74.6244334170664,0.966872648103644,14384937.6810297,,27127237.7495232,1203771.96981528,4.1096515689422,616507.111270775,1.18479046605199,87826.1935603149,20102591.2095832
AUT,2015,43710.7783407304,3742125.25,,,1516.97768841561,4400025.0,66.0660368255154,0.993984233960907,4148250.0,4291767.75,8629519.0,549642.499999999,5.72212657882625,251775.0,0.869391355088603,36006.2846399917,6660040.78861389
AUT,2016,44726.5844605089,3799374.75,,,1527.43427302867,4490200.0,66.8847098875888,1.00241015416334,4220175.0,4348025.74999999,8739806.0,548650.999999994,6.0136519531424,270025.0,0.884024839554112,36849.7093159868,6713343.0159846
AUT,2017,45440.5882589206,3871535.0,,,1517.44885090058,4508025.0,67.048998991934,1.00960812168691,4260100.0,4420614.0,8795073.0,549079.000000005,5.49963675889109,247925.0,0.893749620744532,37447.8638767311,6723478.4527392
AUT,2018,46738.7533004277,3956760.0,,,1520.20539081772,4539075.0,67.3320884835569,1.01565435148118,4319025.0,4498736.99999999,8837707.0,541976.999999994,4.84790403331081,220050.000000003,0.917707879064395,38471.6381271546,6741325.12777839
AUT,2019,48015.4924437741,4010682.75,,,1521.80360275675,4559200.0,67.4583886691125,1.02204497450167,4354650.0,4550206.0,8877637.0,539523.249999999,4.48653272503948,204550.0,0.938907477071119,39584.818764835,6758536.76606946
AUT,2020,48892.4312646331,3931164.0,,,1416.46586140291,4540300.0,66.9887734670887,0.971412877525759,4296825.0,4475724.50000001,8916845.0,544560.50000001,5.36253111027906,243475.0,1.00235084219558,40326.4691160176,6777702.83737263
AUT,2021,50288.2317890827,4003635.5,,,1450.46907736224,4589575.0,67.3870360110695,1.0,4305875.0,4565045.0,8951520.0,561409.500000005,6.18140023858418,283700.0,1.0,41517.1748462116,6810768.46776
AUT,2022,52745.3981364766,4120715.75,,,1447.71077327644,4663550.0,67.7685180844743,1.02685596946825,4442450.0,4683939.25,9052856.00000001,563223.500000004,4.74102346924553,221100.0,1.02461477152572,43613.8179266551,6881587.69266111
AUT,2023,56298.1208832833,4167292.5,,,1447.38638487839,4723750.0,68.1911063040728,1.00992793645957,4482900.0,4722872.75,9133299.00000001,555580.250000005,5.09870336067743,240850.0,1.11525818581514,46687.7528258455,6927223.00021971
AUT,2024,61016.7054977168,4169059.6550232,,,1423.8155286255,4732334.92285632,68.2331012031379,1.00366433402273,4491911.61218633,4726736.31971887,9156955.79564549,557676.664695667,5.08043734412761,240423.310669985,1.21579726776324,50617.5715086833,6935541.31266525
BEL,2015,54210.6462047107,3841275.0,,870000.0,1427.73755702833,5131086.69096408,61.4919918338221,0.992897556128672,4687225.0,4607500.0,11274000.0,766225.0,8.65044224931387,443861.690964078,0.918483277118125,39542.4435896935,8344316.9394
BEL,2016,54617.5428214908,3886775.0,,872600.0,1433.53724023246,5149112.64669624,61.3541227748813,0.992325804533068,4745325.0,4665175.0,11331000.0,778400.000000001,7.84188799899945,403787.646696235,0.925295370043432,40476.2817502943,8392447.6690657
BEL,2017,55666.6032736171,3943650.0,,880300.0,1437.17799853469,5184174.48572644,61.4752802818595,0.992139808042496,4815650.0,4734850.0,11375000.0,791200.0,7.10864356014827,368524.485726442,0.942963843591421,41303.8428866659,8432941.60182336
BEL,2018,56682.7542672142,3999975.0,,887100.0,1441.6718619443,5196648.86017278,61.307746503461,0.996139630351578,4886150.0,4804400.0,11427000.0,804425.0,5.97498250367563,310498.860172783,0.955938384031229,42266.9141682136,8476333.18226664
BEL,2019,57856.9186357845,4061675.0,,897500.0,1440.66220006899,5244608.84525224,61.5470119253687,1.00459318950937,4962725.0,4880350.0,11489000.0,818675.0,5.37473534384593,281883.845252242,0.967164453638438,43172.4596379573,8521305.39109162
BEL,2020,57142.7687548337,4040625.0,,904100.0,1351.71552481265,5248567.23989231,61.3338160334345,0.957477897796626,4956225.0,4875075.0,11539000.0,834450.0,5.5699436918772,292342.239892315,0.998115551243309,42476.1515854602,8557379.23926207
BEL,2021,59963.5839984379,4097100.0,,918600.0,1411.64313776811,5374838.25264891,62.4510192009516,1.0,5038075.0,4957300.0,11586000.0,860200.0,6.26555138627552,336763.252648911,1.0,44853.6525835347,8606486.04525418
BEL,2022,64457.8955246221,4175625.0,,929900.0,1445.82293967944,5435721.17099365,62.7403145472445,1.02262870349831,5133550.0,5052825.0,11680000.0,877200.0,5.55898953401275,302171.170993652,1.05105739181041,48337.9853315372,8663841.12068878
BEL,2023,69594.6352454387,4205225.0,,937372.600379302,1446.57247572984,5475003.473586,62.7950808211788,1.02738668398823,5172050.0,5092375.0,11760000.0,887150.0,5.53339326719321,302953.473586002,1.1287343604243,52294.7761415858,8718841.35188413
BEL,2024,71872.1990544341,4212743.30264,,940164.955051904,1444.69221017363,5493524.02354788,62.7523761018196,1.03420973144621,5184345.75,5104725.85,11799514.9296811,891982.547360002,5.62804990426166,309178.273547878,1.15724667554938,53886.3485573639,8754288.46651845
CAN,2015,67465.9252551157,15220216.6666667,,3535175.0,1710.24013774025,19242458.3333334,70.0928970389631,0.971230847457359,17905275.0,,35704498.0,2685058.33333335,6.94912942083365,1337183.33333333,0.881558525999845,58107.5794365608,27452793.572845
CAN,2016,66990.3080528383,15322858.3333333,,3539908.33333334,1701.50424683819,19377225.0,69.8814568767842,0.975352337348818,18014783.3333333,,36110803.0,2691925.0,7.03114954110651,1362441.66666667,0.872188762126537,57439.5221083099,27728707.8232587
CAN,2017,68299.169045799,15665725.0,,3605666.66666667,1689.0047123218,19661200.0,70.1452622955414,0.983856067521104,18400891.6666667,,36545075.0,2735166.66666665,6.4101292562678,1260308.33333333,0.882357901852468,58860.4676770465,28029262.9274974
CAN,2018,70841.0324912584,15908125.0,,3681850.0,1702.44489101398,19889700.0,69.9967452646368,0.993139054944162,18728908.3333333,,37072620.0,2820783.33333335,5.83614467119489,1160791.66666665,0.90454598435626,61095.947385377,28415178.3412257
CAN,2019,72135.3692551652,16285825.0,,3765450.0,1690.91174229514,20270033.3333333,70.3355988971056,0.991679660216762,19114425.0,,37618495.0,2828599.99999997,5.70106775025868,1155608.33333335,0.925283199624253,62309.2679676959,28819024.2937812
CAN,2020,75832.709653154,15310108.3333333,,3730133.33333333,1651.86759400247,19978933.3333333,68.6307477907923,0.997411578399778,18047083.3333333,,38028638.0,2736975.0,9.66943513834573,1931850.0,0.962947714458263,65412.8144749684,29110761.5412195
CAN,2021,77872.920593391,16301225.0,,4026050.0,1687.0907945524,20487775.0,70.0645560736668,1.0,18952041.6666667,,38239864.0,2650816.66666667,7.49585220129235,1535733.33333333,1.0,67419.9825473237,29241282.8227426
CAN,2022,81278.3883052426,17050375.0,,4175600.0,1686.06627832958,20796825.0,69.9720325644643,0.998699395025145,19701608.3333334,,38939056.0,2651233.33333338,5.26626860911064,1095216.66666668,1.0515304372636,70592.9201557152,29721624.8232323
CAN,2023,84287.6517683401,17523966.6666666,,4255000.0,1685.01767290847,21330275.0,69.7406606748353,0.987344044649863,20177083.3333333,,40097761.0,2653116.66666667,5.4063609900326,1153191.66666667,1.10692646782831,73212.6726993127,30585134.688431
CAN,2024,87262.7479194325,17843966.8683334,,4424913.24583333,1684.19701473444,21888718.2066667,69.8243547196733,0.982423257146664,20506993.8808333,,41107711.1252219,2663027.01249997,6.31249538135366,1381724.32583335,1.15390207354421,75756.3462673637,31348257.058077
CHE,2015,87848.3102114295,4429845.15525,,,1576.61996224314,4766715.00370448,74.8601000195304,0.938132035269754,4537292.09536784,4899154.8135166,8282396.0,469309.658266596,4.81301919998029,229422.908336638,0.998518422038697,74228.7516165885,6367497.50863394
CHE,2016,87575.9487299603,4497976.0745,,,1577.04416248938,4842461.68391514,75.2587218245833,0.944576870236438,4604244.96384395,4967268.17868889,8373338.0,469292.104188891,4.91933102666455,238216.72007118,0.990070979565802,73973.3557633445,6434419.24937575
CHE,2017,87901.7654452312,4543204.5175,,,1559.09025293729,4870072.02966902,75.1609232625095,0.949472808614194,4636501.12735508,5012550.00618779,8451840.0,469345.488687791,4.7960461547797,233570.902313943,0.989550332084164,74129.2234381566,6479526.61871868
CHE,2018,88845.4410576989,4594288.69775,,,1551.41571943214,4906451.26766507,75.3901760632262,0.966639083667768,4674718.37311887,5064547.98404048,8514328.5,470259.286290477,4.72302448153071,231732.894546195,0.983258348386168,74918.9892436598,6508077.74152199
CHE,2019,90342.4149287574,4651181.18325,,,1549.09519029995,4921645.13324848,75.3543031813552,0.970734303601933,4705729.75895293,5101729.55851287,8575280.0,450548.375262867,4.38705693827696,215915.374295548,1.00059054945729,75983.7551914185,6531339.18762881
CHE,2020,89511.3976718798,4636395.91775,,,1498.79742858187,4933311.82346688,75.2198679145889,0.953274098959946,4695261.18893482,5076207.49521339,8638166.5,439811.577463386,4.82537173911658,238050.634532068,1.01139533881804,74329.8049816337,6558522.31629626
CHE,2021,92952.0995424981,4660304.904,,,1533.40098611927,4954994.73391133,75.1268205673754,1.0,4707238.06975461,5108492.84177272,8704545.5,448187.937772717,5.00013980763917,247756.664156725,1.0,77700.6391221736,6595507.03262836
CHE,2022,96840.6985315691,4725520.715,,,1537.37258696869,4956462.58603152,74.7727131328141,1.01622015415401,4752234.90534909,5183733.02538264,8777088.0,458212.310382637,4.12043220618651,204227.680682428,1.02446330804883,81059.8658014771,6628705.0159965
CHE,2023,98032.65109997,4830883.92418417,,,1529.03114127223,5052474.79181304,75.4517092057745,1.00142335506901,4848306.51560759,5299525.53346503,8888101.0,468641.609280867,4.04095586060675,204168.276205448,1.05235410357331,82430.7199888372,6696302.63515139
CHE,2024,100113.161051966,4880390.01293802,,,1525.90309913606,5094904.06818103,75.7795642659749,1.00584739757778,4885508.59281108,5347176.94476303,8946167.95062178,466786.931825006,4.10990025656577,209395.475369952,1.07129309454085,84372.2775463971,6723321.93716327
CHL,2015,,,,,,8854809.30035907,65.6303101710654,0.887349886542613,8294382.52789928,,17971423.0,,6.3290665383055,560426.77245979,,,13491951.0166553
CHL,2016,,,,,,8995854.550221,65.7998680520564,0.891114258125804,8394399.69443344,,18167147.000002,,6.68591129869677,601454.855787553,,,13671538.8898715
CHL,2017,,,,,,9240990.83136607,66.4646794306802,0.884017151505196,8597534.9511254,,18419192.000603,,6.96306155890372,643455.880240668,,,13903611.5279906
CHL,2018,,,,,,9485241.852491,66.7590692778298,0.900029022208429,8785203.39443892,,18751405.00056,,7.38029107679781,700038.458052085,,,14208169.6990359
CHL,2019,,,,,,9671794.06708531,66.5849376094248,0.886000886820922,8972681.88056743,,19107216.000007,,7.22836096042486,699112.186517882,,,14525498.4300178
CHL,2020,,,,,,8808971.15962163,59.3741313317145,0.945805723104796,7869868.04342928,,19458310.0,,10.660758210868,939103.116192354,,,14836379.0122793
CHL,2021,,,,,,9108626.5281666,60.5406326716805,1.0,8303379.07298936,,19678363.006851,,8.84049261090221,805247.455177247,,,15045476.2796482
CHL,2022,,,,,,9619770.30936346,63.2419030303297,0.956632587611485,8861516.36421083,,19828563.0,,7.88224584130227,758253.945152632,,,15211070.2689481
CHL,2023,,,,,,9935379.96385472,64.714455522274,0.93719035141629,9072337.12487107,,19962000.0,,8.68656097827594,863042.838983651,,,15352643.9860644
CHL,2024,,,,,,10198703.7644198,65.881536241286,0.932127770997339,9339324.23513716,,20074079.9617436,,8.42636034081829,859379.52928261,,,15480367.2565676
COL,2015,,,,,,22971026.6666666,,0.868011257736526,20859984.25,,45348453.1670001,,9.19002205386839,2111042.41666665,,,
COL,2016,,,,,,23137904.5833334,,0.883129257390559,20930862.75,,45844571.0,,9.53864177883732,2207041.83333335,,,
COL,2017,,,,,,23389467.4166667,,0.88678413750171,21127949.5,,46421760.6670001,,9.66895858028456,2261517.91666665,,,
COL,2018,,,,,,23625004.8333333,,0.903377509562506,21271705.6666666,,47241101.333,,9.96105263583399,2353299.16666665,,,
COL,2019,,,,,,23911939.3333333,,0.93049989080694,21309813.0833333,,48322807.2500001,,10.8821213274517,2602126.24999998,,,
COL,2020,,,,,,22822045.8333333,,0.966071432555546,19050247.3333334,,49260971.25,,16.5269955530936,3771798.49999997,,,
COL,2021,,,,,,23654636.1666667,,1.0,20391741.4166667,,49941373.7500001,,13.7938910876084,3262894.75000003,,,
COL,2022,,,,,,24813516.0833333,,0.993005308064062,22032180.0833334,,50495179.417,,11.2089555976637,2781335.99999998,,,
COL,2023,,,,,,25364698.3346524,,0.965913682208279,22788393.7512227,,51027875.574,,10.1570479941804,2576304.58342972,,,
COL,2024,,,,,,25667971.5882815,,0.97232233162735,23052194.9294619,,51596811.1026428,,10.1908195192714,2615776.65881963,,,
CRI,2015,,,,,,2276103.5,,,2057301.50000001,,4829653.75,,9.61300749284884,218801.999999995,,,
CRI,2016,,,,,,2206179.0,,,1995747.75,,4887976.25,,9.53826729381432,210431.25,,,
CRI,2017,,,,,,2255847.0,,,2051236.75,,4944803.5,,9.07021841463539,204610.25,,,
CRI,2018,,,,,,2359643.75,,,2117052.5,,5000927.75,,10.280842182215,242591.25,,,
CRI,2019,,,,,,2464956.0,,,2175098.0,,5055237.75,,11.7591551329922,289858.0,,,
CRI,2020,,,,,,2406532.5,,,1938173.0,,5108539.25,,19.4620060190336,468359.5,,,
CRI,2021,,,,,,2440770.5,,,2039832.0,,5161049.5,,16.4267185300707,400938.5,,,
CRI,2022,,,,,,2454023.0,,,2154252.25,,5211340.5,,12.2154824954778,299770.75,,,
CRI,2023,,,,,,2299896.5,,,2094838.5,,5260078.25,,8.91596643588092,205058.0,,,
CRI,2024,,,,,,2384238.85885,,,2208433.472375,,5295968.19564403,,7.37364823253476,175805.386475,,,
CZE,2015,426892.062973065,4423970.75,,,1751.55288805305,5119964.47214483,62.5442894824094,0.901842665454977,4870045.14210503,5175096.25,10507550.0,751125.500000003,4.88127078614483,249919.3300398,0.759313017399771,328195.886014843,8186142.19541949
CZE,2016,447986.125599716,4462319.0,,,1771.78309799298,5160468.67973898,63.2680276798789,0.914912996786927,4962531.55555188,5228533.0,10513668.0,766213.999999999,3.83564238969689,197937.1241871,0.784161027852497,343894.956859875,8156518.97013406
CZE,2017,481034.394038594,4532856.75,,,1779.92779388072,5187828.68655399,63.8550227179446,0.951145055444939,5042165.54372941,5298118.75,10520948.0,765262.0,2.80778629414109,145663.142824583,0.811931533400546,369659.817729735,8124386.25144534
CZE,2018,520840.901497599,4594355.0,,,1787.9424142365,5227149.85231662,64.5581210704139,0.96679730817026,5113367.93788583,5359131.0,10534226.0,764776.000000004,2.17674866123004,113781.91443079,0.866641642183522,399628.021778901,8096812.24553506
CZE,2019,561013.965453618,4598006.75,,,1786.64020373708,5218789.76543494,64.7295907090941,1.00216663868082,5116509.60611271,5351365.74999999,10550313.0,753358.999999986,1.95984440683267,102280.159322233,0.902564875019741,430682.708327908,8062448.26865826
CZE,2020,583585.134892521,4496348.25,,,1674.33727980602,5175970.76083696,64.8445308666783,0.971373893344221,5045970.4307876,5227233.00000001,10502151.0,730884.750000013,2.51161252750849,130000.330049358,0.969718325721903,442100.764770611,7982123.84553889
CZE,2021,619549.312938906,4541044.5,,,1720.27037327019,5205611.79353696,65.4188908671698,1.0,5063310.89709346,5279239.49999999,10500850.0,738194.999999993,2.73360561807882,142300.8964435,1.0,469464.238899222,7957352.56977488
CZE,2022,662172.015960721,4577738.0,,,1778.1510462274,5094942.38253914,62.8169923471169,1.01812384203132,4984633.91910561,5333080.75,10759525.0,755342.750000001,2.16505811354335,110308.463433522,1.04756918784251,508037.157216075,8110770.97481089
CZE,2023,706586.022901583,4620816.0,,,1778.34854929952,5194960.40672618,63.2976131135004,1.00810802171948,5060983.94419773,5387917.74999999,10878042.0,767101.749999992,2.57896984845119,133976.462528445,1.12796446280481,541994.314424119,8207197.951384
CZE,2024,749328.551656416,4635437.6206,,,1761.33810587216,5333161.9926048,65.1408985224185,1.01401715914712,5192996.83616015,5409880.18625307,10876617.76409,774442.565653067,2.62818111729973,140165.156444645,1.18814596731453,575648.142955229,8187117.63819065
DEU,2015,41162.4348769198,38724750.0,,,1399.58921523245,41345000.0,66.4360184892419,0.980612723721501,39542500.0,43138750.0,81687250.0,4413999.99999999,4.35965654855492,1802500.00000003,0.86480086371458,33948.2372384586,62232808.2570075
DEU,2016,42143.7162291018,39327500.0,,,1393.95992541691,42172500.0,67.5445722787307,0.989699317873462,40515000.0,43688000.0000001,82348750.0,4360500.00000008,3.93028632402625,1657499.99999997,0.879741846349344,34826.3683173352,62436549.0478941
DEU,2017,43311.6448844637,39998250.0,,,1391.49458171599,42443333.3333333,68.1370404014189,1.00558063830537,40937500.0,44291250.0,82657000.0,4292999.99999996,3.54786774522885,1505833.3333333,0.89269344191203,35788.140731157,62291131.3483606
DEU,2018,44675.7316900672,40650750.0,,,1384.28117674584,42573333.3333333,68.3057224673512,1.00362516982905,41205000.0,44879999.9999999,82905500.0,4229249.99999994,3.21406201064828,1368333.33333333,0.925352835626412,36977.4481405632,62327623.2144131
DEU,2019,46153.5975113315,41146500.0,,,1375.43345919568,42885000.0,68.8234354812375,1.00469908566416,41601666.6666667,45292750.0000001,83093000.0,4146250.00000004,2.99249931988651,1283333.33333333,0.957778924912575,38134.8109802778,62311623.5046
DEU,2020,46277.1907106295,40928500.0,,,1309.75091986128,42766666.6666667,68.7382152945265,0.966837467114521,41197500.0,44967750.0000001,83161000.0,4039250.00000008,3.66913484021818,1569166.66666664,0.999838145139907,38052.1397070501,62216725.4174726
DEU,2021,47761.4642068575,41100750.0,,,1336.87324972584,42895000.0,68.8496960110108,1.0,41355833.3333333,45052499.9999999,83195750.0,3951749.99999993,3.58821929517816,1539166.66666667,1.0,39325.0488129779,62302381.1073036
DEU,2022,49823.1841218743,41780750.0,,,1337.73670736213,43775833.3333333,69.8403541066056,1.00062524739705,42440000.0,45675250.0,83797750.0,3894499.99999995,3.05153147665194,1335833.33333336,1.04531416900287,41031.8148908289,62679855.9275818
DEU,2023,52736.7272641028,42163500.0,,,1337.2466189378,44252500.0,70.0131790505684,0.992713446526077,42915833.3333334,46010749.9999999,84514250.0,3847249.99999993,3.0205449786264,1336666.66666665,1.11726997638781,43675.3353018606,63205957.2213365
DEU,2024,55232.3274347184,42380261.1010688,,,1338.48903492274,44514491.0661333,70.2395599146005,0.988327998755778,42978159.3788366,46203968.357102,84808487.6001396,3823707.25603324,3.45130686772149,1536331.68729673,1.17643547459905,45793.3673816988,63375241.9865037
DNK,2015,396010.362996141,2643540.5,,824034.0,1407.14950833497,2805000.0,65.4129533193261,0.926166777851631,2624250.0,2827152.75,5682449.0,183612.249999996,6.44385026737968,180750.0,0.950762302745888,366259.254208513,4288141.50357475
DNK,2016,401458.817077296,2693143.0,,818539.0,1412.05417179595,2843000.0,65.7283957450446,0.939263908464177,2668250.0,2873399.25,5728752.0,180256.249999998,6.14667604642983,174750.0,0.952652941805029,369930.256581251,4325375.6124336
DNK,2017,408074.5279904,2735656.75,,818189.0,1404.21636694263,2871000.0,66.0196456174381,0.953621856685016,2699250.0,2916639.25,5765103.0,180982.499999999,5.98223615464995,171750.0,0.954465172578501,376676.50117289,4348705.56051829
DNK,2018,415320.993663686,2780125.75,,824077.0,1380.87039781904,2892500.0,66.3170374893318,0.95654522460814,2740250.0,2961809.75,5793868.0,181683.999999997,5.26361279170268,152250.0,0.969178040368091,383753.194617186,4361624.26656243
DNK,2019,422773.843040959,2823004.0,,829715.25,1371.38568559442,2931000.0,67.0863686979895,0.95919086954629,2780500.0,3004189.0,5816940.0,181185.000000001,5.13476629136813,150500.0,0.98492967508011,389659.968955056,4368994.85973794
DNK,2020,433445.079212971,2792487.75,,832946.0,1341.23635053097,2923000.0,67.0034142942231,0.952687523013359,2754750.0,2970853.75,5829703.0,178366.000000003,5.75607252822443,168250.0,1.01697788821454,397991.094499878,4362464.25766398
DNK,2021,446684.618363485,2861178.0,,853237.0,1389.83606181097,2949000.0,67.5939404834336,1.0,2797250.0,3039231.5,5854420.0,178053.499999999,5.14581213970838,151750.0,1.0,410136.117011944,4362817.10891343
DNK,2022,458174.561496874,2980637.25,,866241.75,1394.12470960156,3004000.0,68.4910556374179,0.976495494480567,2868250.0,3160322.75,5906385.0,179685.500000001,4.51897470039947,135750.0,1.05234059315783,421698.267040043,4385974.15683408
DNK,2023,472446.617655383,3025323.75,,873047.0,1386.59713079302,3043250.0,69.0469579985783,0.987719284264206,2884250.0,3202370.74999999,5947987.0,177046.999999992,5.2246775651031,159000.0,1.07457656395622,435322.739921637,4407507.71389909
DNK,2024,491256.571948567,3052831.0,,877429.3388,1381.53169204967,3119278.25,70.51471104092,1.00840000824169,2926229.0,3225974.3070125,5979521.31102178,173143.307012498,6.18890764233681,193049.25,1.09631485479421,452522.637987167,4423585.09870355
ESP,2015,31512.7441034745,15772000.0,,2816600.0,1689.91164587445,22922025.0,65.1423445391704,1.02652987061414,17866050.0,18614800.0,46410149.0,2842800.00000001,22.0572789707715,5055974.99999997,0.864109545645417,24735.7342125285,35187595.9671928
ESP,2016,31496.4413252654,16129600.0,,2833625.0,1696.8649198983,22822725.0,64.9157428859618,1.03434433175161,18341550.0,19012700.0,46449874.0,2883100.00000001,19.6347061974413,4481174.99999997,0.858226513762723,24687.8409879972,35157457.9375806
ESP,2017,31728.5048301053,16645600.0,,2863575.0,1688.81408139484,22741725.0,64.5247458861102,1.03704955052186,18824800.0,19512300.0,46532869.0,2866700.0,17.2235175651804,3916925.00000003,0.867095367800315,24826.8611524968,35244966.3887719
ESP,2018,32270.5775485686,17063500.0,,2996875.0,1693.50567370661,22806850.0,64.3834010357957,1.0391976651345,19327725.0,19938400.0,46728814.0,2874900.00000002,15.2547370636454,3479125.0,0.882901318377934,25215.4012951622,35423493.6848395
ESP,2019,33374.3320382376,17553400.0,,3058350.0,1678.27072166716,23027075.0,64.4264726918883,1.03220829398726,19779300.0,20467100.0,47105358.0,2913700.00000002,14.1041578229106,3247775.0,0.921246717050774,25899.3699226361,35741635.4456097
ESP,2020,33626.347319724,16709100.0,,3117700.0,1560.54772056784,22733350.0,63.1970600726541,0.961571127773565,19202425.0,19567000.0,47344852.0,2857899.99999997,15.5319167654569,3530925.0,0.992094107375207,25789.360288705,35972163.8536109
ESP,2021,35238.5423835575,17145800.0,,3239450.0,1633.41739625621,23309900.0,64.61780042308,1.0,19833450.0,20072500.0,47373420.0,2926700.00000005,14.9140493953213,3476450.0,1.0,27209.0541123774,36073496.5402416
ESP,2022,36968.508153384,17741100.0,,3294300.0,1653.46543186863,23626700.0,64.7597104186261,1.0259572620629,20547500.0,20773600.0,47807612.0,3032499.99999999,13.0327129899647,3079200.0,1.02234437408319,28745.9627644284,36483640.5957809
ESP,2023,39129.2246955704,18288300.0,,3339399.99998404,1638.03999142515,24119649.9990452,65.4392684486672,1.02261232743737,21182199.9995105,21399200.0,48222327.0,3110900.00000003,12.1786593074568,2937449.99953473,1.08640510042902,30342.4593866024,36858067.9014856
ESP,2024,41002.9275478733,18726220.69,,3357355.38236502,1624.12969204795,24438402.7410983,65.8158886882666,1.03178090037732,21638365.616172,21854711.8978611,48530069.4446342,3128491.20786107,11.4575291789322,2800037.1249263,1.13124900526823,31790.548179559,37131463.5844993
EST,2015,17295.2478749732,564586.45,,143800.0,1856.71563267153,683150.0,69.4321857333681,0.842009655424404,640900.0,622833.94325,1313271.0,58247.4932500001,6.18458610846813,42250.0,0.78910291620809,13005.7674951305,983909.685089588
EST,2016,18370.9283595681,565273.575,,138700.0,1851.907792006,691350.0,70.3882202568669,0.864908651798183,644625.0,624721.6905,1315944.0,59448.1155000001,6.7585159470601,46725.0,0.814514297567026,13821.448932726,982195.596759039
EST,2017,19658.6421475207,575256.375,,135200.0,1855.30229751417,698850.0,71.5952080771492,0.887500203912322,658575.0,641164.41275,1315635.0,65908.0377499999,5.7630392788152,40275.0,0.84225352597362,14801.4027992388,976112.813649394
EST,2018,21517.9790589431,579478.3,,138400.0,1789.81360913796,702475.0,71.9214199401757,0.911915213723706,664750.0,647358.35825,1319133.0,67880.05825,5.37029787536923,37725.0,0.89516931764907,16195.6346329309,976725.710621843
EST,2019,23184.3445061362,585742.925,,144200.0,1779.95883873537,702600.0,71.6191540729338,0.933013661890547,671350.0,655643.78075,1324820.0,69900.8557499999,4.44776544264162,31250.0,0.940831122288107,17421.6237699019,981022.477987527
EST,2020,24225.6587897633,570377.0,,145000.0,1722.59540872189,704550.0,71.5846357397438,0.934405850183527,656600.0,637943.72025,1328889.0,67566.7202500001,6.80576254346747,47950.0,0.982393400345761,18182.5273170706,984219.5782926
EST,2021,26491.7037061693,568936.05,,149700.0,1704.54165413736,697300.0,70.7252291186778,1.0,654225.0,638762.0315,1330068.0,69825.9814999999,6.177398537215,43075.0000000002,1.0,19915.8451364759,985928.23054687
EST,2022,28647.6415871697,598064.525,,156800.0,1676.32400352045,721025.0,72.9970412434828,0.955641945531452,680850.0,668104.07775,1331796.0,70039.5527500001,5.57192885128809,40175.0,1.13726936837767,21563.5509533037,987745.513677752
EST,2023,30983.3380717046,612792.55,,158475.606965143,1683.22547660363,747675.000005793,73.732131581696,0.897024349041031,700000.000021157,689545.3815,1365884.0,76752.8315,6.37643360875603,47674.999984636,1.30088931904021,23331.9074203366,1014042.29603394
EST,2024,32867.65400806,606065.590528879,,159667.625599056,1705.5480634427,759403.739743324,74.742379081223,0.887194879015834,702975.648553644,691221.569742461,1366491.0,85155.9792135825,7.43057852319145,56428.0911896801,1.37663173505663,24737.2194085862,1016028.32165414
FIN,2015,46312.0823550659,2214800.0,,623075.150989903,1604.63957945614,2652000.0,64.5934715231492,0.966623807447941,2401250.0,2518000.0,5480500.0,303200.000000004,9.4551282051282,250750.0,0.945453894551842,37632.7433628319,4105678.07777535
FIN,2016,46784.6567967699,2229000.0,,625970.885594697,1604.41639225439,2651166.66666667,64.402529970752,0.986002592951823,2414583.33333333,2532000.0,5495300.0,302999.999999996,8.92374426353176,236583.333333333,0.93712279641795,37944.8183041723,4116556.7065
FIN,2017,46538.6489479513,2257500.0,,632376.020415896,1598.01637154293,2672083.33333333,64.9688983126495,1.01246507888444,2438500.0,2547300.0,5508200.0,289800.000000001,8.74161858724463,233583.333333333,0.913915675509191,38350.3875968993,4112865.39056654
FIN,2018,47112.7034143394,2316700.0,,633818.051857464,1596.15311803545,2707500.0,65.6659583816103,0.998553542501816,2507000.0,2613599.99999999,5516200.0,296899.999999995,7.40535549399824,200500.000000002,0.938257599409885,39098.7180040575,4123140.91917408
FIN,2019,47948.8271105624,2348900.0,,653000.000000088,1585.61238881302,2716750.0,65.8392955937597,0.997339830162689,2533750.0,2652100.0,5521600.0,303200.000000003,6.73598969356776,183000.000000002,0.95528773462231,39951.466643961,4126335.15516758
FIN,2020,48237.4695440307,2298400.0,,660999.999999948,1577.48988725195,2704833.33333333,65.4332137366804,0.995822267205,2494916.66666667,2589999.99999999,5530700.0,291599.999999994,7.76079857046032,209916.666666667,0.964391286457553,40563.8705186217,4133731.44748516
FIN,2021,50206.597517429,2352400.0,,667000.0,1575.58595225058,2763583.33333333,66.9015360374423,1.0,2552666.66666667,2649700.00000001,5541500.0,297300.000000006,7.63199951753455,210916.666666665,1.0,41780.3094711784,4130821.94672878
FIN,2022,51474.801061008,2450500.0,,682000.000000005,1560.95828610151,2809250.0,68.07257448065,0.980064685740689,2618250.0,2742800.0,5556900.0,292300.0,6.79896769600427,191000.0,1.05274999197945,42807.9983676801,4126845.53424455
FIN,2023,53285.7085362418,2484700.0,,678999.999999941,1552.39525613872,2831083.33333333,68.5486057764676,0.96126656909972,2625750.0,2763900.0,5577400.0,279200.000000001,7.25281841462335,205333.333333333,1.11800381358633,44326.8805087133,4130037.80494866
FIN,2024,53271.3813968423,2478209.5875,,678000.000000011,1546.87327748615,2840416.66666667,68.7016069026011,0.967300907035405,2606716.0,2739094.75430178,5599155.17705117,260885.166801783,8.22768959953053,233700.666666665,1.11786172137158,44782.030974342,4134425.37187456
FRA,2015,46239.7561582383,24720950.0,,6197000.0,1506.82311164469,29513275.0,61.499448080092,1.01272965872776,26441775.0,27521175.0,66313900.0,2800225.00000001,10.4071811752508,3071500.0,0.937732037816244,33080.739211074,47989495.7131392
FRA,2016,46748.7595379643,24920150.0,,6224000.0,1501.47287585761,29568175.0025,61.2806798260326,1.01274147073061,26579675.0025,27719675.0,66563350.0,2799525.00000002,10.1071506771971,2988500.0,0.948839112616665,33526.9851906991,48250403.0412848
FRA,2017,47663.945540472,25222400.0,,6227250.0,1499.49993875493,29609249.9975,60.9558336714588,1.02388041467207,26802999.9975,28046825.0,66830350.0,2824425.00000002,9.4776125711963,2806250.0,0.957198526817256,34234.1490104034,48574924.1936197
FRA,2018,48384.1598895634,25462575.0,,6203500.0,1501.32951793716,29725374.9975,60.8330717756886,1.02979753285043,27021374.9975,28327825.0,67134525.0,2865249.99999997,9.09660517395463,2704000.0,0.965603900526308,34795.7895067565,48863840.2267556
FRA,2019,48359.5450540088,25704150.0,,6209250.0,1510.69867493179,29659424.9975,60.3826448399202,1.03891266734568,27132174.9975,28662025.0,67396275.0,2957874.99999998,8.52090018674679,2527250.0,0.954460818266102,35561.4988241199,49119122.019464
FRA,2020,46662.8204377282,25609500.0,,6217000.0,1385.48431339943,29389050.0,59.5610108428116,0.960586228169069,26995300.0,28645299.9999999,67627275.0,3035799.99999994,8.14504041471228,2393750.0,0.992980950969338,34258.4197270544,49342765.6517803
FRA,2021,48980.7888295187,26247750.0,,6278500.0,1461.80384817452,30118100.0,60.711902900481,1.0,27727600.0,29395200.0,67871275.0,3147450.00000001,7.93708766489254,2390500.0,1.0,36057.0486994123,49608229.2946238
FRA,2022,51328.5889341876,26828125.0,,6290750.0,1487.72234619872,30582350.0025,61.5306019101449,1.00207641715265,28341100.0025,30102900.0,68077550.0,3274774.99999997,7.328573506669,2241250.0,1.04375611385008,37989.7924286546,49702666.7269733
FRA,2023,53483.811074137,27091050.0,,6310250.0,1498.87494304567,30856325.0,62.0129039531595,1.00261698784271,28588575.0,30423650.0000001,68287475.0,3332600.00000006,7.34938460753184,2267750.0,1.08607638868387,39587.679325829,49757910.1009475
FRA,2024,55162.1730171641,27208958.080195,,6386255.60145489,1499.35687859105,31434109.1842195,63.0785986140963,1.00416775912865,29107672.2379773,30724256.8715376,68502805.9190207,3515298.79134262,7.40099530929339,2326436.94624225,1.11230574493968,40793.594839304,49833239.6008475
GBR,2015,34707.4988268419,26637500.0,,5163500.0,1674.03861132087,33110500.0,68.6680658839674,0.988071356745474,31314500.0,,65110000.0,4677000.0,5.4242611860286,1796000.0,0.840870765634567,28869.6386672923,48218192.2175423
GBR,2016,35767.3817427772,26885250.0,,5152250.0,1672.27581997658,33428750.0,68.8244132618861,0.992456583557613,31775250.0,,65648000.0,4890000.0,4.94634109860524,1653500.0,0.858117977940126,29591.9509768368,48571064.2716257
GBR,2017,36778.2357487212,27173000.0,,5153750.0,1673.54571178267,33587750.0,68.8443424503297,1.00892260537816,32087000.0,,66040000.0,4914000.0,4.46814686902219,1500750.0,0.868735919971184,30456.4089353403,48787959.626796
GBR,2018,37803.3560090703,27562500.0,,5183500.0,1667.74964471183,33868250.0,69.1510766829755,1.01139790635775,32458250.0,,66436000.0,4895750.0,4.16319118938829,1410000.0,0.893198688116428,31306.8843537415,48977183.906
GBR,2019,39222.7501825821,27727250.0,,5251250.0,1672.54862981158,34163750.0,69.5114476664455,1.01639819815506,32823250.0,,66797000.0,5096000.0,3.9237495883795,1340500.0,0.917372332140618,32200.0559016852,49148379.363262
GBR,2020,39291.3685875544,27817000.0,,5349000.0,1509.47139592658,34120500.0,69.2378467193385,0.919938408437628,32530750.0,,67081000.0,4713750.0,4.65922246157003,1589750.0,1.0277817077931,32089.3338605889,49280128.7398644
GBR,2021,41017.8956810572,28149250.0,,5495000.0,1614.67009957731,34065500.0,69.170089706157,1.0,32492750.0,,67026000.0,4343500.0,4.61684108555577,1572750.0,0.999999999999998,33697.4519747418,49248887.9871552
GBR,2022,43492.6030846711,28593000.0,,5568000.0,1657.44399918306,34249000.0,68.7061744774488,1.03450155919319,32929000.0,,67791000.0,4336000.0,3.85412712779935,1320000.0,1.02733408832138,35627.4262931487,49848503.8069488
GBR,2023,46776.312926946,28728750.0,,5686250.0,1647.50138495276,34552500.0,68.9566899420416,1.03078744444648,33160000.0,,68350000.0,4431250.0,4.03009912452066,1392500.0,1.10638260541764,38605.4388025932,50107538.5565077
GBR,2024,48783.3769034316,28814839.75,,5801033.73934852,1670.57908009909,34666819.8724815,68.7624894026957,1.03906373109288,33195906.5,,68830118.665546,4381066.75,4.24300059218609,1470913.37248148,1.14685262975237,40200.7441655129,50415306.6208252
GRC,2015,20735.2683786959,2978989.25,,,2042.01042816215,4807700.0,59.5124063329397,1.03676638389483,3610725.0,4323797.2245,10820912.0,1344807.9745,24.8970401647358,1196975.0,0.947520095940757,16010.9957130594,8078483.62424386
GRC,2016,19971.8932030193,3154021.75,,,2049.36530245011,4804475.0,59.7860933518538,1.002680865286,3673525.0,4469359.458,10775979.0,1315337.708,23.5395126418599,1130950.0,0.96656700323683,15526.7453136618,8036107.9485904
GRC,2017,20276.5889397322,3149110.0,,,2053.59303284866,4779725.0,59.6577595371643,1.02260699890807,3752650.0,4446827.72299999,10754688.0,1297717.72299998,21.4881609297606,1027075.0,0.965561011614505,15679.0991508712,8011908.32019502
GRC,2018,19513.1476378217,3377195.25,,,2066.63048711683,4742925.0,59.3079092720793,0.998281714782699,3827925.0,4649235.49150001,10732887.0,1272040.24150001,19.2918926611742,914999.999999998,0.976348577442994,14999.7799878464,7997120.54970862
GRC,2019,19461.2452008455,3478724.75,,,2022.03930063458,4729925.0,59.2110910949673,0.999335796822319,3911025.0,4750091.22175,10721566.0,1271366.47175,17.3131709276575,818900.000000003,0.980693632870105,15002.469362372,7988241.58199312
GRC,2020,19381.6835391417,3344698.0,,,1831.52254562864,4630375.0,58.0999537616875,0.930890613195132,3875400.0,4630399.10575,10698590.0,1285701.10575,16.3048349215776,754975.0,1.0341591777669,14988.7174683634,7969670.71435672
GRC,2021,20109.0023340552,3387023.5,,,1955.76895975583,4605700.0,58.1396118737174,0.999999999999999,3927975.0,4683438.1885,10640409.0,1296414.6885,14.7149184705908,677725.0,1.0,15370.0074274654,7921793.50973971
GRC,2022,20665.0005690312,3488824.75,,,1989.04036307981,4728825.0,60.2276427926083,1.03066290772493,4140625.0,4805099.8095,10578582.0,1316275.05950001,12.4386078994253,588200.000000001,1.00104033039696,15972.7032746486,7851585.71834455
GRC,2023,21809.8838263033,3504041.99980443,,,2001.3575894267,4715250.0,60.2153737516125,1.04454378107697,4193475.0,4851817.70150001,10531525.0,1347775.70169557,11.0656911086368,521774.999999998,1.03692558725049,16906.0728197055,7830641.42298665
GRC,2024,22842.2394047975,3548493.92292334,,,2030.83006537022,4768389.16374434,61.0103256503744,1.05323914507155,4288528.83393351,4924509.19820847,10487810.4174786,1376015.27528513,10.0633633986791,479860.329810828,1.07460500339901,17637.8536442734,7815708.42789803
HUN,2015,3661172.31412398,3999440.0,,832489.98146983,1746.17513291522,4642333.8555302,60.5220475256788,0.897730988447766,4336955.1940456,4299168.75,9843028.0,299728.749999999,6.57812796296003,305378.661484592,0.791843434906586,2936318.83463685,7670483.8076744
HUN,2016,3774506.58880312,4130302.5,,836931.338890418,1760.72282333107,4715440.44191774,61.7668032420312,0.890136773333582,4481176.31694851,4441583.0,9814023.0,311280.499999999,4.96802213610313,234264.124969233,0.822996895147679,3019669.38256943,7634263.38164279
HUN,2017,4036365.47566686,4191310.5,,804675.0,1746.4123855058,4741531.37936911,62.4191706391481,0.910863596154931,4550906.70816005,4519525.0,9787966.0,328214.500000001,4.02031866832085,190624.671209068,0.857718650932424,3348351.54780349,7596274.2388559
HUN,2018,4308995.84673149,4256105.75,,775133.333333333,1729.06424208186,4764873.46337598,62.9488769226435,0.943882664999292,4595379.50325753,4605929.5,9775564.0,349823.750000004,3.55715553458489,169493.960118445,0.880448308321637,3636311.1983296,7569433.63617342
HUN,2019,4712568.36803098,4282063.5,,742316.666666667,1721.13213043266,4781806.86191978,63.3081933191019,0.982052257880592,4622466.21562399,4651672.5,9771141.0,369609.000000001,3.33222672719624,159340.646295795,0.921971957533208,4026056.12924704,7553219.59326389
HUN,2020,4839954.07273832,4234522.0,,730983.333333334,1657.69604714763,4763831.96820848,63.3655429168365,0.946744801668193,4566980.57482912,4615799.75,9750149.0,381277.750000001,4.13220690177674,196851.393379357,0.978850618449531,4213189.11556015,7518016.49432835
HUN,2021,5241366.04642426,4279173.75,,708691.666666667,1689.42899516201,4802327.54862954,64.1901867666762,1.0,4610470.19276777,4681177.25,9709891.0,402003.499999997,3.99509100366371,191857.355861763,1.0,4604536.09765203,7481404.54254391
HUN,2022,6143384.77296901,4346389.0,,671733.333333333,1698.44819195433,4845284.14834887,64.9276221087397,1.02624114151814,4671520.97962405,4755839.25,9683741.0,409450.250000001,3.58623278645135,173763.168724817,1.14185352165463,5502280.16866415,7462592.9473192
HUN,2023,7028513.07964155,4374422.25,,659450.00002564,1668.15683519703,4898063.6155737,66.4272183275567,1.01451488639155,4696872.47251284,4765288.5,9590105.0,390866.250000003,4.10756492466053,201191.143060865,1.32735536764086,6306880.86866786,7373579.29308593
HUN,2024,7941519.12732193,4390092.96804051,,651211.777399818,1671.59073229765,4931235.28808299,67.220091800206,1.01793067102476,4705751.66724975,4775568.72441053,9561031.98020615,385475.756370017,4.57255855096085,225483.620833237,1.4968720458965,7126115.7563825,7335954.40889874
IRL,2015,47228.4724232632,1714958.91125,,404364.284,1682.05626571474,2281000.0,66.409612002009,0.751279264393901,2055625.0,2053551.60975,4695773.0,338592.6985,9.88053485313459,225375.0,1.0860414801889,39646.7964462434,3434743.75355633
IRL,2016,48318.6913308259,1786066.6135,,415308.419,1704.95309130647,2326625.0,66.8829964022708,0.73710238700357,2132275.0,2131697.12875,4752464.0,345630.515249997,8.35330145597163,194350.0,1.13620139218294,40571.7906926208,3478649.47019779
IRL,2017,49700.3540052678,1858855.2485,,430066.578,1726.91653070364,2357875.0,66.7249922340967,0.7940725010833,2199425.0,2198375.26725,4821083.0,339520.018749999,6.72003392885543,158450.0,1.09481033231619,41706.3973806242,3533720.90584541
IRL,2018,51147.0253275322,1923010.06225,,443229.423,1741.0270452382,2404100.0,66.9692349736517,0.827856532535328,2265225.0,2264433.68625,4890407.0,341423.624,5.77658999209684,138875.0,1.08538313589385,43194.1610294088,3589857.3441161
IRL,2019,53238.294940022,1998566.692,,463427.641,1741.99168953217,2458275.0,67.3158640732188,0.845424875627062,2336200.0,2335547.5165,4967462.0,336980.824500001,4.96588054631805,122075.0,1.1147433048884,44893.338517622,3651850.91782549
IRL,2020,54605.1854105939,1940287.701,,463398.718,1618.05664864283,2418800.0,65.2353617392288,0.920713021819619,2278175.0,2277673.76825,5034430.0,337386.067250006,5.81383330577146,140625.0,1.04515338271664,46169.2128181974,3707804.99335451
IRL,2021,56271.5754338649,2084653.652,,489373.114,1632.53254588448,2586975.0,68.8984928403397,1.0,2427125.0,2426715.16625,5091848.0,342061.514250001,6.17903149431286,159850.0,1.0,47383.6900835938,3754762.8305816
IRL,2022,57700.2281872297,2230356.8465,,525770.563,1662.51109469096,2715450.0,70.707443300205,1.01631331474774,2595175.0,2594698.81125,5199746.0,364341.964750004,4.42928428069013,120275.0,1.00956232559322,48709.7157652077,3840401.90573844
IRL,2023,61606.5652815565,2315054.95525,,553867.056341116,1633.50589897356,2804900.0,71.5375648018973,0.926768376921766,2684525.0,2684076.054,5295866.0,369021.098750001,4.29159684837249,120375.0,1.18609123516042,52417.3803160952,3920877.10529058
IRL,2024,64430.088889189,2375741.35951556,,566891.247170331,1615.29766446022,2870163.71983423,72.1456787470004,0.90108523565722,2747651.6393,2745744.18390318,5357902.1182813,370002.824387616,4.26847011156948,122512.080534235,1.27984613727514,54825.7135581941,3978289.16392802
ISL,2015,7352471.37769862,157408.594795,,,1880.0,188825.0,78.9916002141816,0.937344330147465,180325.0,,324500.0,22916.4052049998,4.5015225738116,8499.99999999975,0.772459629297633,,239044.404073358
ISL,2016,8016125.25956966,161595.541915789,,,1883.0,194325.0,79.7281331555891,0.956643287019376,187825.0,,329300.0,26229.4580842115,3.34491187443703,6499.99999999975,0.813316435940181,,243734.541759275
ISL,2017,8712449.92732444,163608.409701328,,,1884.68326609785,196125.0,78.2414554666657,0.986921841815612,189700.0,,337300.0,26091.5902986723,3.27597195666042,6425.00000000026,0.858944160353864,,250666.34922654
ISL,2018,9527702.73181861,164996.126530276,,,1886.03229656584,199375.0,77.1361499835268,1.01668412003967,193150.0,,345800.0,28153.873469724,3.12225705329166,6225.00000000026,0.903130063000832,,258471.54679431
ISL,2019,9737682.91955595,166317.85301301,,,1887.30565319947,202950.0,76.8445616514868,1.02591296386935,194975.0,,351800.0,28657.1469869902,3.92953929539296,7975.00000000001,0.913427655937859,,264104.571147714
ISL,2020,9365468.42630753,167443.141203059,,,1887.58437326053,202175.0,75.4194548433054,0.983980830898449,189175.0,,356200.0,21731.8587969413,6.430072956597,13000.0,0.950420052404191,,268067.437533256
ISL,2021,10296423.8522291,168668.638359135,,,1887.58437326053,208400.0,76.7283657516723,1.0,195925.0,,361600.0,27256.361640865,5.98608445297505,12475.0,1.0,,271607.505201501
ISL,2022,11937262.6114545,170022.040913423,,,1887.58437326053,217575.0,78.2143598165364,1.01966608825523,209425.0,,370100.0,39402.9590865768,3.74583476961967,8150.0,1.07224141497045,,278177.818638873
ISL,2023,13286223.2918298,171386.303213138,,,1887.58437326053,226900.000004545,79.3386476235752,1.02268388614964,219325.000003596,,379500.0,47938.696790458,3.33847509951411,7575.00000094926,1.14529459624006,,285989.245847849
ISL,2024,13986091.9797169,172761.512397225,,,1887.58437326053,239088.173568697,81.8300728953694,0.978305501825093,230779.367051501,,386842.940133532,58017.8546542763,3.47520598496203,8308.80651719576,1.20737174445338,,292176.415233557
ISR,2015,146715.175657554,,,771789.792,1894.40802120038,3845485.51514167,68.7036830452923,0.842541527316137,3643488.96208334,3937457.75225001,8377100.0,,5.25282314191446,201996.55305833,,,5597204.31960913
ISR,2016,152643.011279191,,,775977.231,1918.52999361959,3926084.04356667,68.7753613460999,0.859383249641756,3736643.45175,4031969.3295,8543375.0,,4.8251792298508,189440.591816665,,,5708561.85518145
ISR,2017,158180.143332652,,,796322.167,1920.62959959192,3992970.12751667,68.6022660496752,0.876420050369638,3824414.36875,4129006.10700001,8709725.0,,4.22131279182639,168555.758766667,,,5820463.89637529
ISR,2018,164888.55821842,,,825169.528,1910.71556690425,4067669.25385833,68.4692521344886,0.896736143781158,3905403.86591667,4205127.36075,8881292.0,,3.98914901421135,162265.387941668,,,5940869.9920784
ISR,2019,170430.687216243,,,835387.067,1894.95244368014,4122727.45839166,67.9893776188972,0.91698820824147,3965558.46533333,4266621.01625,9051050.0,,3.81225765332657,157168.993058332,,,6063781.72999451
ISR,2020,173235.533472967,,,856059.095,1778.43268348559,4088623.464775,66.1639689748136,0.92627794224041,3912886.673,4164609.36575,9214325.00000001,,4.29818967897233,175736.791775,,,6179531.74231643
ISR,2021,184306.911468381,,,886709.711,1877.382985673,4164404.51411667,66.2593925506611,1.0,3957946.02408333,4221305.42275,9367350.00000001,,4.95769537597683,206458.490033332,,,6285002.55406449
ISR,2022,192015.833600398,,,911757.828518295,1890.85162172875,4350489.19169167,67.9829146201999,0.99929418780886,4186665.9865,4486958.65899999,9550950.0,,3.76562721968206,163823.205191667,,,6399386.10457722
ISR,2023,198770.360591688,,,998279.293762412,1879.98904696949,4477789.32639167,68.5038817296964,0.98927944445763,4323316.27991667,4616845.53375,9756500.00000001,,3.4497613714104,154473.046474998,,,6536548.31424034
ISR,2024,205207.921000654,,,1000250.0,1907.03069454185,4504344.89894507,67.6836921284413,0.988353436378139,4370239.21222317,4646838.6199128,9924954.85138469,,2.97725173650237,134105.686721898,,,6654992.89015928
ITA,2015,36238.1870444542,17907775.0,,3385100.0,1684.6815299151,25138414.25,55.5406730685005,0.999391405910179,22126434.6666666,24303200.0,60229600.0,6395425.00000002,11.9815814688207,3011979.58333338,0.908240346282778,26594.4931740543,45261270.4548896
ITA,2016,36378.2991923692,18294250.0,,3400500.0,1694.39073659434,25411340.3333334,56.3086268891478,0.998641471934132,22441916.75,24650825.0,60115200.0,6356575.00000001,11.6854268384977,2969423.58333333,0.918983500929862,26818.5249463629,45128680.5188119
ITA,2017,36580.3314313854,18682600.0,,3372100.0,1696.76359645828,25613918.9166667,56.912809867207,1.00370602830377,22729544.0,24940900.0,60002300.0,6258300.00000001,11.2609668440461,2884374.91666668,0.928021565055338,26955.3327695289,45005542.6474828
ITA,2018,37130.7708445763,18947075.0,,3386900.0,1688.42376814529,25666499.0833334,57.0922706143356,1.00037978518737,22949567.1666666,25193975.0,59877200.0,6246900.0,10.5855181411592,2716931.9166667,0.948869110078336,27260.2763223347,44956171.4872286
ITA,2019,37608.0919169776,19112900.0,,3404200.0,1678.8327611748,25627029.75,57.0967767628988,0.998407573092518,23097553.5,25349025.0,59729100.0,6236124.99999996,9.87034500164811,2529476.25,0.965451654891237,27555.4520768696,44883496.4124496
ITA,2020,36077.6992170703,18778825.0,,3381200.0,1510.18695513091,24674836.5,55.1983752304728,0.928028450059119,22373403.3333333,24830100.0,59438900.0,6051275.00000004,9.32704525384251,2301433.16666665,0.999445828545576,26346.1638308041,44702106.53298
ITA,2021,38515.0871439073,19147925.0,,3455300.0,1646.5005988408,24921479.6666667,55.9216230656726,1.0,22555118.6666667,25069425.0,59133200.0,5921500.00000002,9.49526686075993,2366361.00000003,1.0,28182.6986475036,44565014.9270519
ITA,2022,39997.2542720185,19594075.0,,3475900.0,1692.04340307554,25145303.1666667,56.5418461619553,1.02820269613521,23112225.5833333,25554250.0,59013700.0,5960174.99999998,8.08531744420746,2033077.58333335,1.01392268029697,29326.0896469979,44472023.5958371
ITA,2023,41263.4770383786,19987700.0,,3528100.0,1705.75695931907,25522042.5,57.4039766961863,1.01743074463245,23567213.4166667,26029950.0,58993500.0,6042249.99999996,7.65937555089233,1954829.08333335,1.05862518711396,30262.9717276125,44460408.4401275
ITA,2024,42875.2588816735,20297678.789,,3565448.88724094,1703.696932935,25630213.7756667,57.7081149275252,1.00836463468478,23956076.7964936,26390140.1263923,58937545.0362093,6092461.33739231,6.53188847282461,1674136.97917308,1.11169486411962,31465.6330684878,44413534.9211377
JPN,2015,4598855.07864805,56634166.6666667,,4985833.33333333,1719.0,66251666.6666666,70.0586672127986,1.03736015024836,64021666.6666666,,127110000.0,7387499.99999998,3.36595305778471,2230000.0,0.911323088814328,3905728.87391298,94565982.0581964
JPN,2016,4642832.50803579,57555000.0,,4970833.33333334,1714.0,66785833.3333334,71.0699666932587,1.03414235399317,64705000.0,,126933000.0,7150000.0,3.11568072071175,2080833.33333335,0.928001289016498,3940740.16158457,93971949.6726151
JPN,2017,4663688.82917905,58306666.6666667,,4989166.6665,1709.0,67322500.0,72.128480859038,1.03989610984517,65425000.0,,126706000.0,7118333.33333335,2.81852278213079,1897500.0,0.928784087619385,3952765.83581066,93336916.5663833
JPN,2018,4721614.78599222,59538333.3333334,,5020000.00025,1680.0,68490000.0,73.8426414917438,1.02473731993636,66820000.0,,126443000.0,7281666.66666665,2.43831216235947,1670000.0,0.954045027778691,4008301.65439633,92751286.5417439
JPN,2019,4755642.79789881,60283333.3333333,,5026666.667,1644.0,69119166.6666667,75.01800280739,1.01043399326025,67493333.3333333,,126166900.0,7210000.0,2.35221778811954,1625833.33333333,0.976873505084462,4033993.91761128,92136772.61461
JPN,2020,4719800.03052969,60050833.3333334,,5026666.667,1597.0,69021666.6666667,75.2629467567423,0.973956751960381,67102500.0,,125708400.0,7051666.66666665,2.78052785357253,1919166.66666665,1.00777814372368,3992672.31928505,91707366.8265367
JPN,2021,4801228.33991274,60162500.0,,5026666.667,1607.0,69073333.3333333,75.465689107344,1.0,67124166.6666667,,125502000.0,6961666.66666667,2.82188012740084,1949166.66666667,1.0,4061161.02223146,91529454.1802725
JPN,2022,4887082.59766056,60413333.3333333,,4212250.0,1607.0,69020000.0,76.2465499406693,1.01003920599163,67226666.6666667,,124947000.0,6813333.33333334,2.59828069158697,1793333.33333333,1.01042327053999,4135769.14588391,90522128.6126486
JPN,2023,4943579.24621462,60760000.0,,4245465.79123453,1611.0,69252500.0,77.3521363590135,1.02311273874591,67470000.0,,124352000.0,6710000.0,2.57391429912274,1782499.99999997,1.01117362874282,4147455.17257061,89528878.2698635
JPN,2024,5087223.4094602,61163276.0405688,,4281812.14452994,1603.7828089066,69521337.3333333,78.5518960459408,1.01605156055696,67752354.2731076,,123754446.189225,6589078.23253887,2.54451816964337,1768983.06022572,1.05034526763485,4256574.53064311,88503703.707768
KOR,2015,40632994.5100491,19402116.6666667,,,2083.0,27154841.6666667,65.9019082967839,0.890111165070003,26178625.0,26179350.0,51015000.0,6777233.33333332,3.59500040048119,976216.666666701,0.888199750993924,34923643.2107493,41204939.8393398
KOR,2016,42035916.4229491,19669275.0,,,2068.0,27420300.0,66.1315532531242,0.910336572768987,26410016.6666667,26409550.0,51218000.0,6740275.00000007,3.68443574043072,1010283.33333333,0.902883453369814,36329102.1148467,41463263.2248126
KOR,2017,43482528.4628911,19933850.0,,,2018.0,27748216.6666666,66.6932909787864,0.930445598267928,26725450.0,26725875.0,51362000.0,6792024.99999997,3.68588251617374,1022766.66666667,0.915100665519897,37692939.3970558,41605709.1492047
KOR,2018,45512530.1864714,20083500.0,,,1993.0,27901908.3333333,66.8635000359719,0.956518792439216,26823516.6666667,26823075.0,51585000.0,6739574.99999997,3.86493874821588,1078391.66666667,0.935306868525511,39356631.0653023,41729655.6691205
KOR,2019,47084868.6522597,20440016.6666667,,,1967.0,28182666.6666667,67.2844975735302,0.967796799557835,27123700.0,27123900.0,51765000.0,6683883.33333329,3.75751052656482,1058966.66666667,0.962525195364205,40537158.7270395,41885824.6446263
KOR,2020,48475658.6252166,20331808.3333334,,,1908.0,28021716.6666667,66.7631789945482,0.968656100110338,26908883.3333333,26910075.0,51836000.0,6578266.66666665,3.9713246214395,1112833.33333335,0.992661123032196,41550081.8299077,41971813.0392725
KOR,2021,50050152.0269457,20752900.0,,,1910.0,28294058.3333333,67.454498850721,1.0,27271600.0,27269050.0,51745000.0,6516150.00000001,3.61368567664527,1022458.33333333,1.0,42776445.7015646,41945398.4766072
KOR,2022,51338278.6902401,21501650.0,,,1901.0,28916766.6666667,69.0042422432742,0.997246626140045,28088583.3333333,28090175.0,51628000.0,6588525.00000003,2.86402467772452,828183.333333352,1.03452713107075,43820269.6072162,41905781.0456359
KOR,2023,52700107.276066,21828416.6666666,,,1872.0,29200158.3333333,69.4858288351823,0.999610850913788,28416133.3333334,28417225.0,51689000.0,6588808.33333336,2.68500256419834,784024.999999974,1.06318029925415,44774488.9116252,42023184.9037809
KOR,2024,54010348.9990071,22065499.0126361,,,1867.60265793671,29364957.575,69.820466044406,1.01607406183103,28585788.55,28595323.1665142,51667844.0560768,6529824.15387814,2.6533974142818,779169.025,1.07685239177371,46107875.1811132,42057808.030562
LTU,2015,13283.8169115592,1178714.5,,313488.0,1894.55114513907,1468875.0,66.3831145589333,0.82161648074504,1334925.0,1343897.5,2904910.0,165183.000000003,9.11922389583865,133950.0,0.728832328630799,12629.0729326678,2212723.83761983
LTU,2016,14127.2845323809,1204139.75,,311433.0,1918.1399215901,1477550.0,67.8797454023965,0.825576452506249,1361400.0,1373187.0,2868231.0,169047.250000002,7.86098609184124,116150.0,0.771223072994816,13413.7164890179,2176717.06227088
LTU,2017,15464.1002695142,1200215.25,,308438.0,1875.90573743044,1457925.0,68.26670716383,0.869443800322359,1354800.0,1364042.75,2828403.0,163827.500000002,7.07340912598385,103125.0,0.804351192926822,14655.8059512694,2135631.05731934
LTU,2018,16687.0200308078,1221443.5,,308177.0,1884.33499452429,1464750.0,69.6145500205673,0.899618093159216,1374700.0,1383129.5,2801543.0,161685.999999998,6.14780679296827,90050.0000000026,0.841903962554691,15766.937337835,2104085.99864144
LTU,2019,18447.2305488704,1227534.75,,310479.0,1886.00969347721,1470375.0,70.2057796777143,0.936709040976834,1378400.0,1390493.75,2794137.0,162958.999999998,6.25520700501573,91974.9999999999,0.893557752160586,17831.3431705294,2094378.84850774
LTU,2020,19688.3237546583,1210144.75,,310083.0,1805.93290102039,1484125.0,70.7958588099666,0.952971258700874,1358150.0,1367350.5,2794885.0,157205.749999997,8.48816642802998,125975.0,0.939761861795805,19009.1160416967,2096344.36949731
LTU,2021,21994.6596475776,1226227.5,,313295.0,1833.37090348435,1473425.0,69.8342147757207,1.0,1368650.0,1386180.25,2808380.0,159952.749999997,7.11098291395898,104775.0,1.0,21236.6638303251,2109889.836568
LTU,2022,24543.4379416152,1279819.0,,314048.0,1839.09786601647,1510150.0,70.7956079731222,0.976839315376357,1420825.0,1455055.0,2831638.0,175236.000000001,5.91497533357615,89325.0,1.13582865031086,23682.0936226138,2133112.55208562
LTU,2023,27455.0607369969,1303085.5,,314330.375,1856.61984001651,1546549.99992224,71.0849863027244,0.966351578675668,1441074.99999588,1475880.75,2871897.0,172795.25,6.82001874699548,105474.999926355,1.28925938525512,26495.5469245878,2175635.22251528
LTU,2024,29704.523257673,1331881.04970172,,314330.375,1864.03873018411,1575770.5717371,72.0558562380701,0.972689264198929,1459944.16993625,1501986.44569872,2877115.09402514,170105.395997,7.3504610301973,115826.401800853,1.39180790737877,28662.5024334386,2186873.70327098
LUX,2015,65827.2173242477,380599.5,,38275.0,,261658.931262979,59.9605150254481,1.01664313545541,243896.364946043,405259.5,569400.0,24659.9999999999,6.7884425848566,17762.5663169368,0.846228080047849,56653.2168329176,436385.396542921
LUX,2016,66230.6174325189,392221.0,,38895.0,,266483.259671965,59.368164595714,1.03597685565025,249552.757127914,417541.0,584125.0,25319.9999999994,6.35330810831874,16930.502544051,0.835710627763661,57075.2789881215,448865.585599058
LUX,2017,68283.7041220484,406363.5,,40007.0,,273320.305921299,59.3596676313693,1.01411532320362,257143.431969526,432202.75,596976.0,25839.2500000001,5.91865060930782,16176.873951773,0.880992785934196,58873.9023066786,460447.837441833
LUX,2018,70399.0467973602,421316.5,,41419.0,,279678.239661076,59.4827495989033,0.991189077682076,264423.081149151,447726.5,608805.0,26409.9999999998,5.45453894818972,15255.1585119248,0.930082338542735,60896.7391497841,470183.778569363
LUX,2019,71757.3613076584,436352.5,,42909.0,,286814.524815933,59.689005822145,0.985823452393981,271418.742472634,463328.25,621527.0,26975.7500000002,5.36785309362546,15395.7823432992,0.953962847500888,62333.400175317,480514.8299346
LUX,2020,72596.2496845824,443856.0,,45182.0,,294041.866695955,60.1854636181958,0.960027710449891,275333.762780454,471601.75,631145.0,27745.7500000002,6.36239462281917,18708.1039155005,0.990404403839383,63102.4093399661,488559.610608461
LUX,2021,76299.5720820906,456921.75,,47258.0,,297968.364565576,60.0052065932449,1.0,280847.516078297,485153.75,641137.0,28232.0000000002,5.74586114611183,17120.8484872782,1.0,66538.3427249852,496570.850235385
LUX,2022,80826.5169186222,472438.0,,48969.1666666667,,302325.961824924,59.5559854416766,0.981053760914304,287765.20698498,501459.0,655277.0,29020.9999999996,4.81624361733655,14560.7548399443,1.08015457127984,70581.8329600921,507633.211981679
LUX,2023,86712.1977905842,482571.0,,50498.5,,309362.206541876,59.7983360716845,0.949097856443701,293199.009528725,512586.5,667742.0,30015.5000000001,5.22468377563877,16163.1970131515,1.1969574599778,75644.6471089229,517342.4995823
LUX,2024,88320.168870033,487282.522290625,,51015.5903156198,,313806.777954022,59.7374130764336,0.950761622145334,295727.209748585,517665.1717147,678977.451199927,30382.6494240751,5.76136956738574,18079.5682054368,1.21684593149632,77334.4982678247,525310.290140131
LVA,2015,13934.1536063389,781799.333333333,,,,994550.0,66.39639772138,0.884860404121139,896283.333333333,888999.25,1977313.0,,9.88051547601094,98266.6666666668,0.789161279420596,11597.4811098159,1497897.52777469
LVA,2016,14891.0629037202,776179.583333334,,,,988791.666666667,67.0862419361458,0.910205208683145,893458.333333334,886297.750000001,1959338.0,,9.64139732838902,95333.3333333332,0.816460135595936,12336.2327554137,1473911.24935545
LVA,2017,15962.3227517834,781108.0,,,,980250.0,67.6704005309963,0.941473762741918,894850.0,885986.0,1941163.0,,8.71206324917113,85400.0,0.851800964916658,13219.9529386461,1448565.38798082
LVA,2018,17254.331780902,804115.0,,,,982058.333333334,68.6657754181163,0.96796157119629,909325.0,898880.000000001,1926250.0,,7.40621314076729,72733.3333333336,0.908704146733374,14191.5658829894,1430200.60190602
LVA,2019,18554.6617117507,804857.25,,,,971300.0,68.5342753734015,0.94986595912594,910075.0,922190.750000001,1913188.0,,6.30340780397402,61224.9999999997,0.971526945764326,15167.5778530913,1417247.05588259
LVA,2020,19333.2572963576,776668.916666667,,,,971808.333333334,69.1242013200205,0.923181420531267,893091.666666667,915929.000000001,1900863.0,,8.10001972268195,78716.6666666668,1.01194783330521,15837.470427929,1405887.25044968
LVA,2021,21292.9138691861,745276.25,,,,934591.666666667,67.0618548077566,0.999999999999998,864050.0,904312.249999999,1883013.0,,7.54785958217048,70541.6666666668,1.0,17375.3249214637,1393626.3310131
LVA,2022,23442.578317994,762383.333333334,,,,951175.0,67.9876450943139,1.0161536383864,886183.333333334,906068.249999999,1886225.0,,6.83277700388114,64991.6666666665,1.10617672227231,19133.0572983844,1399040.95616271
LVA,2023,27209.2155653885,760047.416666667,,,,945850.0,67.6524596638229,1.03196000754241,884241.666666667,907418.000000001,1881538.0,,6.51354161160155,61608.3333333332,1.2584978751075,22332.346150772,1398101.42114581
LVA,2024,29841.5496960231,749531.508413704,,,,946232.734145699,67.7657876621287,1.0366931500552,880776.021393387,900598.213470964,1875157.24586131,,6.91761237909496,65456.7127523116,1.36519909512351,24440.5995174442,1396328.09827798
MEX,2015,134765.437698335,36772420.8345833,,,2234.0,52967948.1666666,64.2058910593011,1.0812737291267,50662341.3333333,49541845.75,119050487.0,12769424.9154167,4.35283395550569,2305606.83333332,,,82497022.1466828
MEX,2016,139597.263050755,37333159.8564735,,,2238.0,53717772.0833333,64.0549407826248,1.07764886887014,51631001.1666667,50589568.0,120419474.0,13256408.1435265,3.88469371631689,2086770.91666668,,,83862027.5454296
MEX,2017,146692.38840925,37830702.7186562,,,2238.0,54219918.7500001,63.5932285253027,1.08101778167715,52366211.75,51375857.75,121808909.0,13545155.0313438,3.41886716678274,1853707.00000003,,,85260522.2400791
MEX,2018,155969.444450536,38305991.0615682,,,2238.0,55535357.4166667,63.9901985102333,1.07159315316237,53709756.1666667,52849791.75,123336376.0,14543800.6884318,3.28727739393664,1825601.25,,,86787287.2871076
MEX,2019,163653.683175147,38847077.6804703,,,2228.0,56971168.1666667,64.4712488781457,1.03879610361508,54996064.1666667,54304286.0,124960089.0,15457208.3195297,3.46684834374809,1975104.00000003,,,88366782.3378844
MEX,2020,166532.869581813,39429859.8618343,,,2207.0,53034955.25,59.0662521604879,1.02057801321831,50697933.5,50656078.0750001,126383323.0,11226218.2131657,4.40656872242765,2337021.75,,,89788929.0586775
MEX,2021,180857.845748973,40060737.6196237,,,2216.0,57370318.3333333,63.0019704475912,1.0,54998526.4166666,54825453.5000001,127615215.0,14764715.8803764,4.13417945998849,2371791.91666668,,,91061149.2398597
MEX,2022,200076.150774415,40701709.4215377,,,2226.0,59292109.5833334,64.3429204443549,0.997920096210595,57352245.5833334,56966510.25,128582096.0,16264800.8284623,3.27170683187377,1939864.0,,,92150168.462761
MEX,2023,219485.452894935,41352936.7722823,,,2207.0,60527243.75,65.0327247906853,1.00251258041936,58834535.0,58520114.9996242,129318000.0,17167178.2273419,2.79660636289918,1692708.75,,,93071978.6766021
MEX,2024,229379.114923465,42014583.7606389,,,2205.74953815344,61397762.0279562,65.1120837608547,1.00288242090212,59737444.0763016,59303251.0096663,130456672.484321,17288667.2490274,2.70419946397827,1660317.95165465,,,94295495.5234723
NLD,2015,45363.4432184223,7295500.0,,1120000.0,1449.04542872013,9182750.0,71.552744390692,0.98140841233221,8457750.0,8778750.0,16940000.0,1483250.0,7.89523835452343,725000.0,0.878390073229007,35672.8120074018,12833539.898708
NLD,2016,46249.8650107992,7408000.0,,1115000.0,1459.85419149415,9215250.0,71.3401460635901,0.990601154646163,8569416.66666667,8907750.00000001,17030000.0,1499750.00000001,7.00831049980557,645833.333333333,0.887878208645761,36312.9049676026,12917341.0884046
NLD,2017,46666.7983149026,7596000.0,,1119000.0,1463.29259638937,9290666.66666667,71.4052844899723,0.994847285384568,8745000.0,9116499.99999999,17131000.0,1520499.99999999,5.87327784156143,545666.666666668,0.893752378009182,36592.2854133755,13011175.199465
NLD,2018,47718.8829532005,7815250.0,,1123000.0,1462.60890045422,9397500.0,71.7362403744353,0.990173937176904,8939333.33333334,9366000.00000002,17232000.0,1550750.00000002,4.87541012680676,458166.666666665,0.919552021032439,37167.9728735485,13100073.2000293
NLD,2019,49174.0272738647,7993000.0,,1145000.0,1466.45951519519,9540250.0,72.3042515494544,0.991819563184324,9117083.33333333,9565250.0,17345000.0,1572249.99999999,4.43559305748453,423166.666666668,0.947382588532457,38102.7148755161,13194590.6299503
NLD,2020,51190.9291338583,7937500.0,,1166000.0,1415.37563300418,9582000.0,72.2348614350868,0.957390388303678,9115833.33333333,9530249.99999999,17442000.0,1592749.99999999,4.86502469908858,466166.666666668,1.01833858093632,39560.9448818898,13265063.1698253
NLD,2021,52603.8977159881,8056000.0,,1195000.0,1445.35164143153,9662000.0,72.4247087638791,1.0,9254000.0,9690500.00000002,17533000.0,1634500.00000002,4.22272821362037,408000.0,1.0,40718.9672293942,13340750.9189996
NLD,2022,54525.3064037637,8342750.0,,1231000.0,1449.97475468477,9895750.0,73.7748322787908,1.01082714942525,9546666.66666667,10066750.0,17701000.0,1723999.99999999,3.52760865354655,349083.333333333,1.02223316459052,41834.0475262953,13413449.6742799
NLD,2023,57919.7302652983,8452750.0,,1263000.0,1449.13324808191,10094750.0,74.6565334749334,0.99525689802904,9736583.33333333,10233000.0,17879000.0,1780250.00000001,3.54804890330783,358166.666666668,1.09924674504478,44670.0777853361,13521589.5115053
NLD,2024,61343.6778037356,8503593.46630307,,1283104.37142098,1445.70120566961,10170955.7500001,74.7093809644415,0.995762226463883,9797978.99547212,10320049.3860273,18025046.4946383,1816455.91972418,3.66707675950667,372976.75452796,1.16076333136259,47277.7257685307,13614027.6076455
NOR,2015,582379.225869672,2551250.0,83000.0,818450.0,1426.46244694593,2792000.0,71.7402527285696,0.96124569967682,2661250.0,2709500.00000001,5190000.0,158250.000000005,4.6830229226361,130750.0,0.873657885091364,465887.702106811,3891817.90390895
NOR,2016,590236.248168051,2558750.0,75325.0,827350.0,1430.01748412625,2797500.0,71.1525847534697,0.969846391498294,2660250.0,2716750.0,5236000.0,157999.999999998,4.90616621983914,137250.0,0.877823446626999,473230.679042501,3931691.32181608
NOR,2017,601760.200636636,2591750.0,72350.0,838825.0,1419.47224749773,2789750.0,70.3518936126508,0.98261907625084,2667750.0,2747500.0,5277000.0,155750.0,4.37315171610359,122000.0,0.884707582627516,483029.999035401,3965422.758
NOR,2018,620818.336806213,2639500.0,72775.0,848875.0,1419.28552242815,2829750.0,70.9059458356626,0.974885756539998,2716250.0,2792250.00000001,5312000.0,152750.000000003,4.0109550313632,113500.0,0.921900925897287,497402.159499905,3990850.08548995
NOR,2019,645560.148975791,2685000.0,76700.0,856675.0,1418.54724964739,2857750.0,71.1210216344551,0.970632755082593,2747000.0,2835999.99999999,5348000.0,150999.999999992,3.87542647187473,110750.0,0.96433050986907,515184.357541899,4018150.94092454
NOR,2020,657005.293005671,2645000.0,77275.0,857350.0,1409.4897045658,2868500.0,71.0197956713155,0.973153120338426,2732500.0,2792500.0,5379000.0,147500.000000006,4.74115391319505,136000.0,0.979323682817268,526091.115311909,4039014.7182
NOR,2021,689281.121495327,2675000.0,76600.0,873525.0,1425.7636122178,2901750.0,71.5309365627339,1.0,2773000.0,2823750.0,5408000.0,148749.999999996,4.43697768587921,128750.0,1.0,550424.299065421,4056636.38620908
NOR,2022,718606.660666067,2777500.0,79300.0,881550.0,1425.57723438698,2944000.0,72.0776164345025,0.993581319037484,2848750.0,2934249.99999999,5457000.0,156749.999999989,3.23539402173913,95250.0,1.04845754384508,573251.125112511,4084485.78855994
NOR,2023,765619.470598686,2814500.0,81350.0,889150.0,1418.19404741887,2982000.0,71.9311697859354,0.9805494012789,2875250.0,2973500.0,5542000.0,159000.000000003,3.57981220657277,106750.0,1.13183436127668,602808.669390656,4145629.78591106
NOR,2024,803612.415365355,2828143.90969414,80400.0,897976.443938577,1416.21576367746,3008452.1,71.6449757212268,0.985905517728223,2888697.0,2994016.08477658,5603295.42018428,165872.175082441,3.9806217955074,119755.1,1.17913841855346,634252.500321436,4199111.06077556
NZL,2015,,2015400.0,,,1746.65330420198,2504250.0,73.0902086937686,0.95210726184668,2368500.0,2355250.0,4638200.0,339850.000000002,5.42078466606769,135750.0,,,3426245.51872911
NZL,2016,,2032400.0,,,1760.66572756228,2617500.0,74.5040546652109,0.954037210519345,2482750.0,2444750.0,4742200.0,412350.0,5.14804202483286,134750.0,,,3513231.61103367
NZL,2017,,2101900.0,,,1750.00073338087,2715250.0,75.6459303977258,0.94670468236945,2586500.0,2563750.0,4837700.0,461850.0,4.74173648835282,128750.0,,,3589419.79525396
NZL,2018,,2142700.0,,,1767.1234583118,2781250.0,76.0487930461423,0.96299915435437,2661000.0,2623250.0,4922200.0,480550.000000003,4.32359550561798,120250.0,,,3657191.50639575
NZL,2019,,2171600.0,,,1776.87314531744,2810500.0,75.3914357699643,0.98437505254879,2695250.0,2650250.0,5012600.0,478650.000000002,4.10069382672122,115250.0,,,3727877.0079077
NZL,2020,,2152000.0,,,1732.78788978706,2861750.0,75.4311880370001,0.956017066148654,2730000.0,2698250.0,5097100.0,546249.999999997,4.60382633004281,131750.0,,,3793855.13402794
NZL,2021,,2205100.0,,,1722.92371691868,2899000.0,76.2212723563648,1.0,2789750.0,2732500.0,5113700.0,527400.000000005,3.7685408761642,109250.0,,,3803400.16687995
NZL,2022,,2279800.0,,,1754.06348094691,2932750.0,76.8032819256442,0.995379704926672,2836250.0,2806000.0,5142000.0,526200.0,3.29042707356577,96500.0,,,3818521.71739131
NZL,2023,,2308585.1154371,,,1745.60103571661,3044750.0,78.0312930256524,0.970067726127137,2931000.0,2905249.99992514,5253000.0,596664.884488038,3.73593891124066,113750.0,,,3901960.20332388
NZL,2024,,2314555.74042657,,,1736.06309379804,3078556.25,78.1666501484751,0.972496678490674,2932750.0,2914897.65500536,5301383.19172152,600341.914578792,4.73618924455254,145806.25,,,3938452.32481164
POL,2015,53943.6346430645,12575100.0,,2476611.0,2050.76639678469,17388250.0,57.9882608644812,0.859963166075408,16084000.0,15970000.0,38455000.0,3394900.0,7.50075482006526,1304250.0,0.829588636808639,45087.38697903,29985810.4740138
POL,2016,56500.5793198472,12773600.0,,2491551.0,2053.01512820546,17260500.0,57.6666485700709,0.8801886370664,16197000.0,16099700.0,38427000.0,3326100.00000003,6.16146693317096,1063499.99999998,0.855398688675703,47197.0940063882,29931512.2830951
POL,2017,59647.4941343898,12999500.0,,2501215.0,2029.70667303669,17266750.0,57.7473111983413,0.913927847827244,16422750.0,16315000.0,38422000.0,3315500.0,4.88800729726208,844000.0,0.873405195278011,50041.1169660372,29900526.3477895
POL,2018,64168.3576798484,13088800.0,,2523142.0,2002.1422950701,17143000.0,57.3916966996603,0.964891694688677,16483750.0,16403700.0,38413000.0,3314900.0,3.84559295339205,659250.0,0.891243299348793,54068.2339099077,29870174.5824175
POL,2019,67684.6968139014,13518100.0,,2540525.0,2011.61561189702,17018750.0,57.0692358581506,0.984759705697204,16460750.0,16798900.0,38386000.0,3280800.00000003,3.27873668747704,557999.999999999,0.928946999316512,57046.5228101582,29821233.3564467
POL,2020,71093.8785206301,13470600.0,,2532511.0,1994.23525102448,16978750.0,57.0571289686885,0.962953811080352,16441750.0,16831900.0,38354000.0,3361299.99999998,3.16277700066245,536999.999999975,0.992376468612967,59926.9594524372,29757455.9163632
POL,2021,74369.4335049985,13864200.0,,2546741.0,2049.76165317528,17760000.0,60.0239003280753,1.0,17161000.0,17317500.0,38162000.0,3453300.00000001,3.37274774774775,599000.000000001,1.0,63052.0477200272,29588213.8663572
POL,2022,83602.6058864221,14022100.0,,2558463.82650886,2037.32569685676,17761250.0,60.5785870649094,1.04352136802913,17250750.0,17512000.0,37827000.0,3489900.0,2.87423464001689,510500.0,1.07743650955232,70873.8134801492,29319353.356606
POL,2023,95027.7261008211,13948950.0000626,,2562300.88167436,2019.58820456846,17808750.0002174,60.9977625400238,1.04508479861175,17306500.0006449,17492950.0001134,37698000.0,3544000.00005079,2.82024285571119,502249.999572598,1.2177921704428,80606.590459852,29195743.0217743
POL,2024,106411.2508126,14052727.303277,,2562300.88167436,2004.08349889736,17720341.5031642,60.941888535373,1.07932672489628,17201379.189675,17417721.4522003,37598504.1494358,3364994.14892329,2.92862478635941,518962.313489202,1.33597952894816,90162.8244087799,29077440.7046455
PRT,2015,20222.3761579895,3889068.0,,679034.0,1872.43017399751,4998400.0,63.738796145241,0.998862607748456,4353350.0,4590785.0,10381838.0,701717.0,12.9051296414853,645050.0,0.818715346401991,15735.7040298601,7842005.65792017
PRT,2016,20571.9247048487,3951702.0,,684980.0,1865.04616383323,5013025.0,64.0107228706438,1.00128967373956,4439050.0,4671440.0,10356516.0,719737.999999996,11.4496736002713,573974.999999998,0.829653060986202,16050.2044435537,7831539.42837138
PRT,2017,21018.4327884545,4086902.0,,688619.0,1846.32877237795,5065750.0,64.7726155927161,1.00131025425964,4601225.0,4826186.0,10340124.0,739283.999999999,9.16991560973202,464525.0,0.8485349878738,16405.8401693997,7820820.50206671
PRT,2018,21895.5715712602,4179925.0,,691799.0,1851.38934041772,5097175.0,65.1831780193282,1.00658919106127,4731500.0,4942323.00000001,10334633.0,762398.000000006,7.17407191238284,365675.0,0.878191659419385,16997.164542426,7819770.61395898
PRT,2019,22976.0300079883,4219943.0,,702627.0,1855.44404826183,5128500.0,65.4684837934239,1.02572841202149,4789900.0,4983272.00000002,10354446.0,763329.000000016,6.60232036657892,338600.0,0.905487618011188,17837.2186543752,7833540.20566938
PRT,2020,23402.3771179154,4140392.0,,722242.0,1728.98892469593,5034375.0,64.1084091791832,0.960636734756426,4680150.0,4884370.00000001,10384846.0,743978.000000006,7.03612662942267,354224.999999998,0.985783645029551,18207.8689650642,7852908.94667017
PRT,2021,24841.0826089549,4176799.0,,746875.0,1782.17230393779,5127025.0,65.1725682635035,1.0,4782875.0,4952928.0,10407707.0,776128.999999999,6.71246970709135,344150.0,1.0,19263.2848743739,7866845.11076897
PRT,2022,26225.767623772,4331777.0,,754997.0,1824.59083831491,5262975.0,66.5112249096148,1.03134113125565,4939925.0,5137904.00000001,10468869.0,806127.000000008,6.13816330117467,323049.999999998,1.02341998993599,20506.8515761546,7912912.45523159
PRT,2023,28335.341982985,4454900.0,,768407.376291365,1841.8818723944,5402250.00005379,67.6730181695389,1.0464229285814,5051174.99999612,5191779.99999999,10578174.0,736879.999999991,6.49868110609796,351075.000057673,1.10915134359943,22198.91939213,7982871.38090948
PRT,2024,30478.3878738463,4497530.71068294,,776691.474527974,1832.14405250008,5456017.84666655,67.6975345037061,1.05043585032567,5105631.04922384,5258944.14456698,10710587.9870557,761413.433884046,6.42202440112586,350386.797442707,1.18452970202888,23827.1632819464,8059404.06347865
SVK,2015,15669.4957129372,1942822.0,,439900.0,1753.29662861274,2738250.0,63.8450979408924,0.91511950593583,2424000.0,2267097.0,5422343.0,324275.0,11.47630786086,314250.0,0.805354331644978,11916.7818770839,4288896.23215093
SVK,2016,16019.7607491746,1997798.75,,441001.0,1738.48253815904,2758125.0,64.3197980216529,0.911258395392684,2492100.0,2321049.0,5430804.0,323250.25,9.64513936097893,266025.0,0.830479262529623,12256.0398038091,4288143.1298517
SVK,2017,16857.6602358598,2049755.75,,444226.0,1720.14664191986,2754650.0,64.3627385032649,0.917219242452935,2530675.0,2372255.25,5438389.0,322499.500000001,8.13079701595492,223975.000000002,0.871588953130326,12823.6195946761,4279883.14987602
SVK,2018,17854.6321619259,2097441.25,,451021.0,1702.83278236626,2746200.0,64.2960538201785,0.935684851362569,2566725.0,2419901.25,5446010.75,322460.0,6.53539436311985,179474.999999997,0.907737654610232,13581.3358300262,4271179.70207082
SVK,2019,19052.4891485137,2114975.25,,456561.0,1691.23608421377,2741375.0,64.304908200795,0.947082676632662,2583650.0,2445190.25,5453244.0,330215.000000001,5.75349961242068,157724.999999997,0.954999942106533,14417.255237384,4263088.27226676
SVK,2020,19779.8805335158,2075477.5,,460033.0,1567.87062442388,2712700.0,63.7617153799735,0.940331822046578,2531275.0,2399070.25,5460509.5,323592.75,6.68798613927092,181425.000000002,0.998767670873989,14965.6177915685,4254433.84613209
SVK,2021,21154.041267271,2054327.75,,460264.0,1577.6564535933,2748150.0,64.9178853889096,1.0,2560550.0,2385118.5,5440661.25,330790.750000001,6.82641049433255,187600.0,0.999999999999998,15955.216980348,4233270.97538129
SVK,2022,22425.2445127296,2085372.0,,465403.0,1609.65171734523,2774325.0,65.0624310476801,0.987041871795857,2603925.0,2427297.0,5488885.25,341924.999999999,6.14203454894426,170399.999999998,1.07129508041898,16980.6432617298,4264096.73804976
SVK,2023,24632.6570470836,2087737.75,,468709.0,1627.05245089902,2771824.99997444,64.7242778601792,0.997867477125038,2609949.99994575,2434057.25,5529703.75,346319.500000001,5.84001515356091,161875.000028697,1.16206502036535,18617.3871694373,4282512.05206536
SVK,2024,26475.8024337161,2081086.01314449,,471124.797334429,1621.68882525545,2769375.13908486,64.6454897871972,1.0230460908442,2619650.32926915,2429210.10106001,5547736.21759704,348124.087915513,5.40644738600453,149724.809815713,1.21681838967896,19874.2020583589,4283941.76948958
SVN,2015,24721.1527679433,757326.75,,,1673.10503762468,1008250.0,63.4969976704566,0.915472844049309,917500.0,944086.75,2063298.0,186760.0,9.00074386312893,90749.9999999972,0.831595720110856,21129.3080826737,1587870.35133963
SVN,2016,25481.6885060147,774202.75,,,1655.95493186169,994750.0,62.8407750904021,0.926058805969611,915000.0,961614.75,2064633.0,187412.0,8.01708972103546,79750.0000000003,0.850473583860359,21873.8867112006,1582969.01743965
SVN,2017,26267.5247083147,799513.25,,,1631.10887366662,1026750.0,65.052070929665,0.94644294588337,959000.0,989590.000000001,2065819.0,190076.750000001,6.59849038227394,67749.9999999975,0.860820650824882,22549.8370214627,1578350.98149317
SVN,2018,27343.660948024,826492.75,,,1616.58972625232,1033500.0,65.5352042021309,0.957564403630511,980500.0,1020928.25,2071956.0,194435.499999999,5.12820512820513,53000.0,0.887462667305856,23443.6590399613,1577014.99916345
SVN,2019,28718.2774217662,848131.0,,,1606.40903751476,1028500.0,64.8394604488844,0.967652280654621,982750.0,1045698.0,2089014.0,197567.000000002,4.4482255712202,45749.9999999997,0.924087978897175,24681.2035098351,1586225.41409148
SVN,2020,29852.4639361679,841268.75,,,1519.43970604523,1029750.0,64.5142901152793,0.934553277443506,978250.0,1038503.75,2102800.0,197235.000000001,5.00121388686552,51499.9999999975,0.993391418335024,25558.3571302274,1596157.9956316
SVN,2021,32204.0950409617,850885.75,,,1578.40596933905,1020000.0,63.5864172091413,1.0,971500.0,1051961.75,2107730.0,201076.0,4.75490196078431,48500.0,1.0,27589.7989242387,1604116.16940947
SVN,2022,33857.4269434342,872633.75,,,1607.53702533006,1027250.0,64.0994949022129,0.998092900540449,986000.0,1082421.0,2108589.0,209787.249999997,4.01557556583131,41250.0000000022,1.04987206139644,29052.8976641117,1602586.73109223
SVN,2023,37093.65365336,882718.25,,,1600.34082135226,1026499.99995936,63.787133681762,1.00278354256003,989000.000005786,1100118.0,2120438.0,217399.750000002,3.65319044861799,37499.9999535792,1.13944363970084,31870.9491176828,1609258.70267292
SVN,2024,39729.8840674357,882074.603561869,,,1604.61841786037,1038055.47529425,64.3934687092123,1.01286361235352,1000022.1841424,1100873.44287922,2125588.99579871,218798.839317354,3.66389774506689,38033.2911518494,1.20656813189161,34186.346900101,1612050.87426163
SWE,2015,439823.062141759,4566575.0,,1396575.0,1619.39386134707,5193925.0,71.4526555387375,0.947849129656298,4803825.0,4878850.0,9799190.0,312275.000000005,7.51069759382355,390100.0,0.870812064892984,368780.760197742,7269044.04159501
SWE,2016,450257.183170857,4677600.0,,1436600.0,1621.45387623675,5244383.33333333,71.4505999704664,0.949387109546836,4873975.0,4974150.0,9923080.0,296549.999999996,7.06295306407175,370408.333333335,0.894198730391609,377740.080383103,7339873.05285199
SWE,2017,459579.715196953,4805075.0,,1462125.0,1617.44861469762,5346375.0,72.0874657109809,0.945282896100146,4983233.33333333,5099475.0,10057700.0,294399.999999996,6.79229696133675,363141.666666668,0.91851506116098,386312.804690874,7416511.24404225
SWE,2018,477635.056046534,4891025.0,,1475975.0,1620.73035837473,5406700.0,72.3154156754766,0.948361480913835,5057775.0,5185050.0,10175210.0,294025.000000002,6.45356687073446,348925.0,0.952536768273326,398100.193722175,7476552.47432051
SWE,2019,491784.20034623,4924475.0,,1486175.0,1607.30498828452,5467691.66666667,72.677505685085,0.966524370140854,5089825.0,5218000.0,10278890.0,293524.999999995,6.91089932832709,377866.666666663,0.962786853993753,410529.244234157,7523224.16011142
SWE,2020,503921.122409576,4855625.0,,1482925.0,1565.21750855221,5477850.0,72.5878880092997,0.957633537387651,5011325.0,5150875.0,10353440.0,295250.000000002,8.51657128252873,466525.0,0.994580339645657,419488.943235938,7546506.93142939
SWE,2021,528469.711128266,4922600.0,,1500300.0,1581.94917996858,5536641.66666667,73.1667098466822,1.0,5044841.66666667,5215875.00000001,10415810.0,293275.000000007,8.88264095111808,491800.0,1.0,439342.014382643,7567159.54327928
SWE,2022,539767.060447765,5106475.0,,1520800.0,1576.71632242845,5620833.33333333,73.824336197688,0.981556791699435,5200266.66666667,5397574.99999999,10512120.0,291099.999999991,7.48228317272051,420566.666666665,1.04310012253012,451871.006907896,7613794.61412531
SWE,2023,568646.522805458,5174450.0,,1537625.00001678,1579.40293374978,5708050.0,74.4819000898205,0.96954652902026,5270766.66666667,5461375.0,10592700.0,286924.999999995,7.66081820119537,437283.333333333,1.11416228980921,469920.667876944,7663673.98403699
SWE,2024,591536.02767131,5171942.28235,,1550580.47191819,1580.9635111271,5725831.26666667,74.3795783298805,0.977629910070014,5245188.875,5446448.72536445,10651894.1635419,274506.443014447,8.39428144634236,480642.39166667,1.15201861602806,488623.344291634,7698122.78482148
TUR,2015,,17853583.3333334,,,,29580666.6666667,51.8100427874049,0.828313466483718,26533583.3333334,,78218000.0,8680000.0,10.3009285344031,3047083.33333333,,,57094464.8473786
TUR,2016,,18383416.6666667,,,,30448583.3333333,52.3400377231823,0.837058014093695,27128916.6666667,,79278000.0,8745500.0,10.9025324111959,3319666.66666665,,,58174553.6645785
TUR,2017,,18975166.6666667,,,,31498083.3333333,53.2929302151865,0.87001846931622,28059250.0,,80313000.0,9084083.33333333,10.9175955150709,3438833.3333333,,,59103680.7436749
TUR,2018,,19515833.3321197,,,,32199583.3333334,53.5893878616336,0.877018987861384,28674000.0,,81407000.0,9158166.66788027,10.9491582448014,3525583.33333338,,,60085745.7384508
TUR,2019,,19223833.3333334,,,,32503416.6666667,53.2389201483021,0.904058060783417,28044083.3333333,,82579000.0,8820249.99999997,13.7195833258555,4459333.33333335,,,61051983.353767
TUR,2020,,18776173.3341622,,,,30749833.3333333,49.8608728744099,0.966897292454292,26709166.6666667,,83385000.0,7932993.33250448,13.1404506257486,4040666.66666665,,,61671269.5960746
TUR,2021,,19691165.9457887,,,,32705583.3333334,52.4757782334307,1.0,28779250.0,,84147000.0,9088084.05421127,12.0050857779126,3926333.33333335,,,62325103.9514792
TUR,2022,,20050490.0002464,,,,34311250.0,54.3739159494856,0.988773027850895,30716583.3333333,,84980000.0,10666093.333087,10.4766415291388,3594666.66666665,,,63102407.4702947
TUR,2023,,20362738.131544,,,,34914583.3333333,54.9132257340856,1.00905285450338,31637666.6666667,,85326000.0,11274928.5351226,9.38552419595436,3276916.66666665,,,63581373.8249604
TUR,2024,,20561712.9684722,,,,35776590.0,55.8915095190595,1.01264304983694,32641783.5000001,,85617337.0825336,12080070.5315278,8.76217241497848,3134806.49999995,,,64010777.8584865
USA,2015,67732.8314167024,143350500.0,,22027000.0,1830.0,157138083.333333,65.2179719310982,0.902664712880753,148844666.666667,152957500.0,322113000.0,9606999.99999985,5.27778912071485,8293416.66666649,0.883302308066403,54827.0305998235,240942916.009942
USA,2016,68375.845951938,145915500.0,,22230416.6666667,1822.0,159187500.0,65.4729057331576,0.903439075759341,151436416.666667,155607000.0,324609000.0,9691500.00000033,4.86915325219207,7751083.33333325,0.891423961801912,55451.5353063931,243134924.618723
USA,2017,70387.5154932111,148250416.666667,,22346166.6666667,1820.0,160319333.333333,65.438955987358,0.912474182793488,153334583.333334,157852583.333334,326860000.0,9602166.66666672,4.35677335650914,6984749.99999974,0.90997077340561,57162.8056132501,244990664.8332
USA,2018,72861.08799814,150528750.0,,22453000.0,1826.0,162078250.0,65.7606228835365,0.925009532289979,155763000.0,160332666.666666,328794000.0,9803916.66666651,3.89642040187379,6315250.0,0.928870237730313,59123.7471247187,246467023.718805
USA,2019,75103.864934838,152568333.333333,,22611833.3333334,1817.0,163536500.0,65.9899070066551,0.938060559690371,157537083.333334,162187083.333334,330513000.0,9618750.00000036,3.66854901912814,5999416.66666649,0.945992542825652,61121.0943730132,247820473.490753
USA,2020,80724.2295458116,143749083.333334,,21983833.3333334,1789.0,160766583.333334,64.5785929504971,0.972328447810601,147814750.0,153086583.333333,331800000.0,9337499.99999967,8.05629693981813,12951833.3333335,0.979190146311942,65848.4859903455,248947175.818107
USA,2021,85033.6975201169,147802666.666667,,21971833.3333333,1813.0,161213250.0,64.5260370512982,1.0,152586500.0,157863416.666667,332367000.0,10060749.9999999,5.35114204322519,8626749.99999974,1.0,69793.0371125465,249842168.165133
USA,2022,87337.493853347,154047250.0,,22192166.6666667,1804.0,164292416.666667,65.5063396937468,0.986702827180472,158298250.0,164010416.666667,333568000.0,9963166.66666666,3.64847434122802,5994166.66666675,1.04425132621179,72205.8929971161,250803841.940737
USA,2023,90163.1393293397,157598416.666667,,22779500.0,1799.0,167123000.0,66.3471312775776,0.994557145728591,161044833.333334,167413666.666666,335208000.0,9815249.99999979,3.63694205265986,6078166.66666675,1.07193484531176,74399.5022158112,251891825.286018
USA,2024,94020.327496483,160162371.577235,,23326694.0874037,1801.078575009,168252000.0,66.054587673868,1.00656067324907,161486416.666667,169999437.63016,339017009.205441,9837066.05292502,4.02110128458117,6765583.33333351,1.10535803357927,77549.8285581503,254716600.201507
