Country;Year;ab_us;on_us;health_us;nhealth_us;acc_us;of_us;be_us;gu_us;qf_us;ab_per;on_per;ab_ppp;on_ppp;health_per;health_ppp;nhealth_per;nhealth_ppp;acc_per;acc_ppp;of_per;of_ppp;be_per;be_ppp;gu_per;gu_ppp;qf_per;qf_ppp;;real_gdp_per;total_netspend_usd;total_moving_usd;share_onw0_mo;share_on_mo;share_onw0_t;share_on_t;share_nhealth_mo;share_nhealth_t;share_health_mo;share_health_t;share_acc_mo;share_acc_t;share_nhealth_on;share_health_on;share_of_mo;share_of_t;share_be_mo;share_be_t;share_gu_mo;share_gu_t;share_be_of;share_gu_of;total_intensity_per;total_mo_per
AUS;2020;218.44778;218.44778;11.46091;206.98687;0.00000;24.16458;10.35625;13.80833;0.00000;16.17785;16.17785;17.81043;17.81043;0.84877;0.93443;15.32908;16.87601;0.00000;0.00000;1.78959;1.97018;0.76697;0.84436;1.02262;1.12582;0.00000;0.00000;;1226.51571721458;242.61235636411800000000000000;242.61235636411800000000000000;90.039841%;90.039841%;90.039841%;90.039841%;85.315879%;85.315879%;4.723961%;4.723961%;0.000000%;0.000000%;94.753477%;5.246523%;9.960159%;9.960159%;4.268640%;4.268640%;5.691520%;5.691520%;42.857143%;57.142857%;19.780615%;19.780615%
CAN;2020;303.34856;240.10444;39.21135;200.89308;63.24412;65.92269;3.86905;62.05364;0.00000;18.50397;14.64614;17.78914;13.93131;2.39186;2.27512;12.25429;11.65619;3.85783;3.66954;4.02122;3.82496;0.23601;0.22449;3.78521;3.60047;0.00000;0.00000;;1723.48815255626;306.02713176974400000000000000;306.02713176974400000000000000;78.458546%;78.458546%;78.458546%;78.458546%;65.645514%;65.645514%;12.813032%;12.813032%;20.666180%;20.666180%;83.669042%;16.330958%;21.541454%;21.541454%;1.264284%;1.264284%;20.277170%;20.277170%;5.869074%;94.130926%;17.756265%;17.756265%
FRA;2020;260.66232;198.05783;20.26109;177.79675;62.60449;404.65264;23.90353;380.74911;0.00000;10.14747;7.71030;9.25009;6.81292;0.78875;0.69695;6.92155;6.11597;2.43716;2.15351;15.75294;13.91951;0.93055;0.82225;14.82239;13.09726;0.00000;0.00000;;2907.09024981028;602.71047750105500000000000000;602.71047750105500000000000000;32.861190%;32.861190%;32.861190%;32.861190%;29.499528%;29.499528%;3.361662%;3.361662%;10.387158%;10.387158%;89.770115%;10.229885%;67.138810%;67.138810%;3.966006%;3.966006%;63.172805%;63.172805%;5.907173%;94.092827%;20.732431%;20.732431%
DEU;2020;417.74267;417.74267;45.53054;372.21214;0.00000;1054.37340;113.82634;940.54706;0.00000;11.03371;11.03371;10.03758;10.03758;1.20258;1.09401;9.83112;8.94357;0.00000;0.00000;27.84883;25.33465;3.00646;2.73504;24.84237;22.59961;0.00000;0.00000;;4161.78471555813;1472.11607280853000000000000000;1472.11607280853000000000000000;28.377020%;28.377020%;28.377020%;28.377020%;25.284157%;25.284157%;3.092863%;3.092863%;0.000000%;0.000000%;89.100817%;10.899183%;71.622980%;71.622980%;7.732158%;7.732158%;63.890822%;63.890822%;10.795639%;89.204361%;35.372230%;35.372230%
ITA;2020;135.45335;127.48550;10.81350;116.67200;7.96784;662.75387;3.69936;659.05452;0.00000;7.25141;6.82486;5.88011;5.45355;0.57889;0.46258;6.24596;4.99097;0.42655;0.34085;35.48011;28.35117;0.19804;0.15825;35.28207;28.19292;0.00000;0.00000;;2337.65981585712;790.23937489161000000000000000;790.23937489161000000000000000;16.132517%;16.132517%;16.132517%;16.132517%;14.764134%;14.764134%;1.368383%;1.368383%;1.008282%;1.008282%;91.517857%;8.482143%;83.867483%;83.867483%;0.468131%;0.468131%;83.399352%;83.399352%;0.558179%;99.441821%;33.804721%;33.804721%
JPN;2020;1025.64224;782.33295;89.83728;692.49567;243.30929;1428.03837;0.00000;146.92138;1281.11699;20.42597;15.58039;19.53768;14.69211;1.78914;1.68713;13.79126;13.00497;4.84558;4.56932;2.92598;2.75916;0.00000;0.00000;2.92598;2.75916;25.51383;24.05920;;5324.85222823165;2210.37132066688000000000000000;2210.37132066688000000000000000;35.393734%;35.393734%;35.393734%;35.393734%;31.329382%;31.329382%;4.064352%;4.064352%;11.007621%;11.007621%;88.516746%;11.483254%;64.606266%;64.606266%;0.000000%;0.000000%;6.646909%;6.646909%;0.000000%;10.288336%;41.510473%;41.510473%
KOR;2020;83.99356;56.08029;4.31387;51.76642;27.91327;165.70331;0.00000;59.97123;105.73207;5.15552;3.44221;4.31379;2.60048;0.26479;0.20004;3.17742;2.40044;1.71332;1.29435;3.68103;2.78090;0.00000;0.00000;3.68103;2.78090;6.48983;4.90286;;2156.53957143070;221.78359836001700000000000000;221.78359836001700000000000000;25.286041%;25.286041%;25.286041%;25.286041%;23.340961%;23.340961%;1.945080%;1.945080%;12.585812%;12.585812%;92.307692%;7.692308%;74.713959%;74.713959%;0.000000%;0.000000%;27.040427%;27.040427%;0.000000%;36.191935%;10.284235%;10.284235%
ESP;2020;53.08861;52.47394;5.00836;47.46558;0.61466;183.53245;0.72735;171.42247;11.38263;4.17822;4.12985;2.96923;2.92085;0.39417;0.27878;3.73568;2.64207;0.04838;0.03421;13.54868;9.58236;0.05724;0.04049;13.49144;9.54188;0.89585;0.63359;;1796.52769554142;236.00639791235400000000000000;236.00639791235400000000000000;22.234119%;22.234119%;22.234119%;22.234119%;20.111991%;20.111991%;2.122128%;2.122128%;0.260443%;0.260443%;90.455531%;9.544469%;77.765881%;77.765881%;0.308191%;0.308191%;72.634671%;72.634671%;0.396306%;93.401720%;13.136808%;13.136808%
GBR;2020;449.51076;440.54616;144.71429;295.83187;8.96460;436.70419;1.28066;435.42353;0.00000;16.58884;16.25800;15.30527;14.97444;5.34057;4.91893;10.91744;10.05551;0.33083;0.30471;16.11622;14.84384;0.04726;0.04353;16.06896;14.80031;0.00000;0.00000;;2941.98833677897;877.25034253987000000000000000;877.25034253987000000000000000;50.218978%;50.218978%;50.218978%;50.218978%;33.722628%;33.722628%;16.496350%;16.496350%;1.021898%;1.021898%;67.151163%;32.848837%;49.781022%;49.781022%;0.145985%;0.145985%;49.635036%;49.635036%;0.293255%;99.706745%;29.818281%;29.818281%
USA;2020;3521.30000;3503.30000;483.80000;3019.50000;18.00000;510.00000;56.00000;454.00000;0.00000;16.80521;16.71931;17.62502;17.53911;2.30891;2.42212;14.41040;15.11699;0.08590;0.09012;2.43395;2.55329;0.26726;0.28036;2.16669;2.27293;0.00000;0.00000;;19974.21388716760;4013.30000000000000000000000000;4013.30000000000000000000000000;87.292253%;87.292253%;87.292253%;87.292253%;75.237336%;75.237336%;12.054917%;12.054917%;0.448509%;0.448509%;86.190164%;13.809836%;12.707747%;12.707747%;1.395360%;1.395360%;11.312386%;11.312386%;10.980392%;89.019608%;20.092405%;20.092405%
MEX;2020;11.54601;7.22799;2.34675;4.88124;4.31802;13.58824;1.84455;1.15047;10.59323;1.08826;0.68127;0.71047;0.30348;0.22119;0.09853;0.46008;0.20495;0.40699;0.18130;0.28229;0.12575;0.17386;0.07745;0.10844;0.04831;0.99845;0.44478;;2381.66755915225;20.81623085749520000000000000;20.81623085749520000000000000;34.722849%;34.722849%;34.722849%;34.722849%;23.449196%;23.449196%;11.273652%;11.273652%;20.743520%;20.743520%;67.532468%;32.467532%;65.277151%;65.277151%;8.861091%;8.861091%;5.526795%;5.526795%;13.574567%;8.466661%;0.874019%;0.874019%
TUR;2020;17.47792;7.61021;2.01614;5.59407;9.86771;63.97686;2.98161;43.44634;17.54891;2.45930;1.07082;1.71456;0.32609;0.28369;0.08639;0.78714;0.23970;1.38848;0.42282;6.53283;1.98939;0.41954;0.12776;6.11329;1.86163;2.46929;0.75195;;2333.78340649119;71.58707282360740000000000000;71.58707282360740000000000000;10.630702%;10.630702%;10.630702%;10.630702%;7.814359%;7.814359%;2.816343%;2.816343%;13.784213%;13.784213%;73.507463%;26.492537%;89.369298%;89.369298%;4.165014%;4.165014%;60.690202%;60.690202%;4.660453%;67.909454%;3.067426%;3.067426%
AUT;2020;36.42443;36.42443;2.04887;34.37556;0.00000;10.24437;0.00000;10.24437;0.00000;8.55459;8.55459;7.77305;7.77305;0.48120;0.43723;8.07339;7.33581;0.00000;0.00000;2.40598;2.18617;0.00000;0.00000;2.40598;2.18617;0.00000;0.00000;;468.59916169989;46.66879995758880000000000000;46.66879995758880000000000000;78.048780%;78.048780%;78.048780%;78.048780%;73.658537%;73.658537%;4.390244%;4.390244%;0.000000%;0.000000%;94.375000%;5.625000%;21.951220%;21.951220%;0.000000%;0.000000%;21.951220%;21.951220%;0.000000%;100.000000%;9.959215%;9.959215%
BEL;2020;52.24629;36.53826;9.21993;27.31832;15.70804;60.32796;1.13826;59.18970;0.00000;10.32462;7.22048;9.68379;6.57965;1.82199;1.66029;5.39849;4.91937;3.10413;2.82864;11.92167;10.86360;0.22494;0.20497;11.69674;10.65863;0.00000;0.00000;;555.32196820368;96.86621649733670000000000000;96.86621649733670000000000000;37.720329%;37.720329%;37.720329%;37.720329%;28.202115%;28.202115%;9.518214%;9.518214%;16.216216%;16.216216%;74.766355%;25.233645%;62.279671%;62.279671%;1.175088%;1.175088%;61.104583%;61.104583%;1.886792%;98.113208%;17.443253%;17.443253%
CZE;2020;14.62459;13.06640;2.85881;10.20759;1.55818;37.13022;0.04293;37.08730;0.00000;6.09346;5.44423;3.85653;3.20730;1.19115;0.70173;4.25308;2.50557;0.64923;0.38247;15.47064;9.11404;0.01789;0.01054;15.45275;9.10350;0.00000;0.00000;;407.39587848230;50.19662407548590000000000000;50.19662407548590000000000000;26.030443%;26.030443%;26.030443%;26.030443%;20.335215%;20.335215%;5.695228%;5.695228%;3.104156%;3.104156%;78.120894%;21.879106%;73.969557%;73.969557%;0.085514%;0.085514%;73.884043%;73.884043%;0.115607%;99.884393%;12.321338%;12.321338%
DNK;2020;32.87883;6.14287;0.12194;6.02093;26.73596;14.78496;8.70108;6.08388;0.00000;9.48897;1.77286;9.69090;1.97480;0.03519;0.03920;1.73766;1.93559;7.71611;8.59502;4.26700;4.75303;2.51117;2.79720;1.75583;1.95583;0.00000;0.00000;;311.06354290108;20.92782754949750000000000000;20.92782754949750000000000000;29.352640%;29.352640%;29.352640%;29.352640%;28.769957%;28.769957%;0.582683%;0.582683%;127.753176%;127.753176%;98.014888%;1.985112%;70.647360%;70.647360%;41.576594%;41.576594%;29.070767%;29.070767%;58.850880%;41.149120%;6.727830%;6.727830%
EST;2020;1.06769;1.06769;0.26180;0.80589;0.00000;1.32039;0.97891;0.34148;0.00000;3.49002;3.49002;2.32554;2.32554;0.85576;0.57023;2.63425;1.75531;0.00000;0.00000;4.31601;2.87593;3.19980;2.13216;1.11621;0.74378;0.00000;0.00000;;45.91157281875;2.38807664173222000000000000;2.38807664173222000000000000;44.709247%;44.709247%;44.709247%;44.709247%;33.746425%;33.746425%;10.962822%;10.962822%;0.000000%;0.000000%;75.479744%;24.520256%;55.290753%;55.290753%;40.991420%;40.991420%;14.299333%;14.299333%;74.137931%;25.862069%;5.201470%;5.201470%
FIN;2020;12.74855;7.91093;2.10579;5.80514;4.83762;18.57646;2.75460;14.68360;1.13826;4.79264;2.97401;4.93413;3.11549;0.79164;0.82930;2.18237;2.28619;1.81864;1.90516;6.55565;6.86753;1.03555;1.08482;5.52010;5.78271;0.42791;0.44827;;253.92231856471;26.48738963446560000000000000;26.48738963446560000000000000;29.866781%;29.866781%;29.866781%;29.866781%;21.916631%;21.916631%;7.950150%;7.950150%;18.263859%;18.263859%;73.381295%;26.618705%;70.133219%;70.133219%;10.399656%;10.399656%;55.436184%;55.436184%;14.828431%;79.044118%;10.431296%;10.431296%
GRC;2020;23.00498;21.21365;0.70762;20.50603;1.79133;9.33277;6.41999;2.91278;0.00000;11.96018;11.02887;7.96630;7.03499;0.36789;0.23466;10.66099;6.80033;0.93131;0.59405;4.85206;3.09499;3.33772;2.12904;1.51434;0.96595;0.00000;0.00000;;301.54474727050;30.54641570772750000000000000;30.54641570772750000000000000;69.447251%;69.447251%;69.447251%;69.447251%;67.130721%;67.130721%;2.316530%;2.316530%;5.864301%;5.864301%;96.664332%;3.335668%;30.552749%;30.552749%;21.017178%;21.017178%;9.535571%;9.535571%;68.789809%;31.210191%;10.129978%;10.129978%
ISL;2020;0.90912;0.90912;0.05027;0.85853;0.00000;0.91645;0.00000;0.91645;0.00000;4.34028;4.34028;4.76584;4.76584;0.24000;0.26362;4.09877;4.50222;0.00000;0.00000;4.37528;4.80595;0.00000;0.00000;4.37528;4.80595;0.00000;0.00000;;19.06914282116;1.82557648536537000000000000;1.82557648536537000000000000;49.799197%;49.799197%;49.799197%;49.799197%;47.028112%;47.028112%;2.753694%;2.753694%;0.000000%;0.000000%;94.435484%;5.529596%;50.200803%;50.200803%;0.000000%;0.000000%;50.200803%;50.200803%;0.000000%;100.000000%;9.573459%;9.573459%
IRL;2020;24.84600;22.38600;3.07500;19.31100;2.46000;6.15000;3.69000;2.46000;0.00000;5.97952;5.38749;5.94893;5.35690;0.74004;0.73584;4.64745;4.62106;0.59203;0.58867;1.48008;1.47168;0.88805;0.88301;0.59203;0.58867;0.00000;0.00000;;417.89075855828;28.53600000000000000000000000;28.53600000000000000000000000;78.448276%;78.448276%;78.448276%;78.448276%;67.672414%;67.672414%;10.775862%;10.775862%;8.620690%;8.620690%;86.263736%;13.736264%;21.551724%;21.551724%;12.931034%;12.931034%;8.620690%;8.620690%;60.000000%;40.000000%;6.828579%;6.828579%
ISR;2020;28.97604;26.89185;4.45785;22.43400;2.08419;11.14463;0.92631;10.21832;0.00000;7.47465;6.93702;8.39164;7.85400;1.14995;1.30196;5.78707;6.55205;0.53764;0.60871;2.87487;3.25489;0.23895;0.27054;2.63592;2.98435;0.00000;0.00000;;342.39670930134;38.03647692178060000000000000;38.03647692178060000000000000;70.700152%;70.700152%;70.700152%;70.700152%;58.980213%;58.980213%;11.719939%;11.719939%;5.479452%;5.479452%;83.423036%;16.576964%;29.299848%;29.299848%;2.435312%;2.435312%;26.864536%;26.864536%;8.311688%;91.688312%;11.108891%;11.108891%
LVA;2020;2.61801;2.61801;0.23904;2.37897;0.00000;0.97891;0.22765;0.75125;0.00000;7.92807;7.92807;4.72372;4.72372;0.72387;0.43130;7.20420;4.29242;0.00000;0.00000;2.97501;1.76626;0.70000;0.41076;2.27501;1.35550;0.00000;0.00000;;55.42258974000;3.59691238697513000000000000;3.59691238697513000000000000;72.784810%;72.784810%;72.784810%;72.784810%;66.139241%;66.139241%;6.645570%;6.645570%;0.000000%;0.000000%;90.869565%;9.130435%;27.215190%;27.215190%;6.329114%;6.329114%;20.886076%;20.886076%;23.255814%;76.744186%;6.489975%;6.489975%
LTU;2020;5.08007;2.58727;0.56913;2.01814;2.49280;1.95781;0.36424;1.59357;0.00000;9.19051;4.68071;7.17335;2.66356;1.02963;0.58591;3.65108;2.07764;4.50980;2.56629;3.54194;2.01554;0.65897;0.37498;2.88297;1.64055;0.00000;0.00000;;97.13607334840;4.54508581050371000000000000;4.54508581050371000000000000;56.924618%;56.924618%;56.924618%;56.924618%;44.402705%;44.402705%;12.521913%;12.521913%;54.845980%;54.845980%;78.002640%;21.997360%;43.075382%;43.075382%;8.014025%;8.014025%;35.061357%;35.061357%;18.604651%;81.395349%;4.679092%;4.679092%
LUX;2020;8.19550;2.95948;0.22765;2.73183;5.23601;4.32540;0.45531;2.84566;1.02444;11.51647;4.15873;11.81860;4.46085;0.31990;0.34314;3.83882;4.11771;7.35775;7.89228;4.63858;4.97557;0.63980;0.68628;3.99878;4.28928;1.43956;1.54414;;66.34348446884;7.28488584703825000000000000;7.28488584703825000000000000;40.625000%;40.625000%;40.625000%;40.625000%;37.500000%;37.500000%;3.125000%;3.125000%;71.875000%;71.875000%;92.307692%;7.692308%;59.375000%;59.375000%;6.250000%;6.250000%;39.062500%;39.062500%;10.526316%;65.789474%;10.980560%;10.980560%
NLD;2020;54.86430;40.52218;6.71575;33.80642;14.34212;73.98712;0.00000;73.98712;0.00000;6.11880;4.51928;5.94534;4.34582;0.74898;0.72023;3.77030;3.62559;1.59952;1.53813;8.25149;7.93478;0.00000;0.00000;8.25149;7.93478;0.00000;0.00000;;932.44043441875;114.50929940813200000000000000;114.50929940813200000000000000;35.387674%;35.387674%;35.387674%;35.387674%;29.522863%;29.522863%;5.864811%;5.864811%;12.524851%;12.524851%;83.426966%;16.573034%;64.612326%;64.612326%;0.000000%;0.000000%;64.612326%;64.612326%;0.000000%;100.000000%;12.280602%;12.280602%
NZL;2020;39.90829;39.90829;2.52666;37.38163;0.00000;5.66879;1.61965;4.04914;0.00000;19.06339;19.06339;20.57406;20.57406;1.20694;1.30258;17.85646;19.27148;0.00000;0.00000;2.70787;2.92245;0.77368;0.83499;1.93419;2.08747;0.00000;0.00000;;193.97380504055;45.57708058551300000000000000;45.57708058551300000000000000;87.562189%;87.562189%;87.562189%;87.562189%;82.018479%;82.018479%;5.543710%;5.543710%;0.000000%;0.000000%;93.668831%;6.331169%;12.437811%;12.437811%;3.553660%;3.553660%;8.884151%;8.884151%;28.571429%;71.428571%;23.496513%;23.496513%
NOR;2020;13.34897;13.34897;1.14148;12.20749;0.00000;13.74003;5.49601;8.24402;0.00000;4.23698;4.23698;4.03958;4.03958;0.31784;0.34543;3.39915;3.69415;0.00000;0.00000;4.36110;4.15792;1.74444;1.66317;2.61666;2.49475;0.00000;0.00000;;330.45426768437;27.08899357793210000000000000;27.08899357793210000000000000;49.278190%;49.278190%;49.278190%;49.278190%;45.064378%;45.064378%;4.213812%;4.213812%;0.000000%;0.000000%;91.448931%;8.551069%;50.721810%;50.721810%;20.288724%;20.288724%;30.433086%;30.433086%;40.000000%;60.000000%;8.197502%;8.197502%
PRT;2020;19.80578;10.81350;2.50418;8.30932;8.99228;14.79742;0.00000;14.79742;0.00000;8.65561;4.72577;7.09896;3.16911;1.09439;0.73390;3.63138;2.43521;3.92985;2.63536;6.46684;4.33667;0.00000;0.00000;6.46684;4.33667;0.00000;0.00000;;341.21592570296;25.61092680599380000000000000;25.61092680599380000000000000;42.222222%;42.222222%;42.222222%;42.222222%;32.444444%;32.444444%;9.777778%;9.777778%;35.111111%;35.111111%;76.842105%;23.157895%;57.777778%;57.777778%;0.000000%;0.000000%;57.777778%;57.777778%;0.000000%;100.000000%;7.505783%;7.505783%
SVK;2020;4.51184;3.96718;0.15367;3.81351;0.54466;4.56444;0.00000;4.56444;0.00000;4.32471;3.79523;2.71271;2.18323;0.14938;0.08457;3.64585;2.09866;0.52948;0.29974;4.43725;2.51191;0.00000;0.00000;4.43725;2.51191;0.00000;0.00000;;181.71174374815;8.53161475024940000000000000;8.53161475024940000000000000;46.499737%;46.499737%;46.499737%;46.499737%;44.698606%;44.698606%;1.801131%;1.801131%;6.384009%;6.384009%;96.126578%;3.873422%;53.500263%;53.500263%;0.000000%;0.000000%;53.500263%;53.500263%;0.000000%;100.000000%;4.695137%;4.695137%
SVN;2020;2.86598;2.76598;0.45531;2.31067;0.10000;3.50000;1.00000;2.50000;0.00000;5.64606;5.34606;3.93766;3.63766;0.88001;0.59879;4.46605;3.03887;0.30000;0.13151;6.60000;4.60300;1.90000;1.31514;4.70000;3.28786;0.00000;0.00000;;76.03736607555;6.26598009504734000000000000;6.26598009504734000000000000;44.142816%;44.142816%;44.142816%;44.142816%;36.876509%;36.876509%;7.266307%;7.266307%;1.595920%;1.595920%;83.539095%;16.460905%;55.857184%;55.857184%;15.959195%;15.959195%;39.897988%;39.897988%;28.571429%;71.428571%;8.240659%;8.240659%
SWE;2020;58.58453;22.32503;4.07622;18.24881;36.25950;28.32571;1.26638;27.05933;0.00000;11.02332;4.20070;11.10762;4.28500;0.76698;0.78238;3.43371;3.50262;6.82262;6.95954;5.32979;5.43675;0.23828;0.24306;5.09151;5.19368;0.00000;0.00000;;521.00449074292;50.65073381212060000000000000;50.65073381212060000000000000;44.076417%;44.076417%;44.076417%;44.076417%;36.028720%;36.028720%;8.047696%;8.047696%;71.587315%;71.587315%;81.741491%;18.258509%;55.923583%;55.923583%;2.500214%;2.500214%;53.423370%;53.423370%;4.470768%;95.529232%;9.721746%;9.721746%
CHE;2020;39.48962;39.48962;3.18945;36.30017;0.00000;44.86490;0.85052;44.01438;0.00000;5.28826;5.28826;6.68393;6.68393;0.42712;0.53984;4.86114;6.14409;0.00000;0.00000;6.00809;7.59374;0.11390;0.14396;5.89419;7.44978;0.00000;0.00000;;590.81421763174;84.35451621970540000000000000;84.35451621970540000000000000;46.813874%;46.813874%;46.813874%;46.813874%;43.032870%;43.032870%;3.781004%;3.781004%;0.000000%;0.000000%;91.923325%;8.076675%;53.186126%;53.186126%;1.008268%;1.008268%;52.177858%;52.177858%;1.895735%;98.104265%;14.277672%;14.277672%
CHL;2020;23.77556;20.73556;2.21545;18.52011;3.04000;4.50032;0.00000;0.00000;4.50032;9.45425;8.24541;5.90771;4.69886;0.88096;0.50204;7.36445;4.19682;1.20884;0.68889;0.00000;0.00000;0.00000;0.00000;0.00000;0.00000;1.78953;1.01981;;441.28867711817;25.23587758876250000000000000;25.23587758876250000000000000;82.166975%;82.166975%;82.166975%;82.166975%;73.388025%;73.388025%;8.778951%;8.778951%;12.046342%;12.046342%;89.315719%;10.684281%;17.833025%;17.833025%;0.000000%;0.000000%;0.000000%;0.000000%;0.000000%;0.000000%;5.718678%;5.718678%
COL;2020;11.16762;11.06005;2.91352;8.14653;0.10756;15.41143;8.53636;6.87507;0.00000;4.14001;4.10013;1.64169;1.60182;1.08009;0.42196;3.02004;1.17985;0.03987;0.01558;5.71325;2.23202;3.16456;1.23631;2.54869;0.99571;0.00000;0.00000;;690.46912883132;26.47148781176720000000000000;26.47148781176720000000000000;41.781006%;41.781006%;41.781006%;41.781006%;30.774740%;30.774740%;11.006267%;11.006267%;0.406330%;0.406330%;73.657249%;26.342751%;58.218994%;58.218994%;32.247382%;32.247382%;25.971612%;25.971612%;55.389796%;44.610204%;3.833841%;3.833841%
CRI;2020;1.25114;0.84666;0.19538;0.65128;0.40448;0.00000;0.00000;0.00000;0.00000;2.11170;1.42901;1.61070;0.92802;0.32977;0.21416;1.09924;0.71386;0.68269;0.44334;0.00000;0.00000;0.00000;0.00000;0.00000;0.00000;0.00000;0.00000;;91.23348790861;0.84666152667042200000000000;0.84666152667042200000000000;100.000000%;100.000000%;100.000000%;100.000000%;76.923077%;76.923077%;23.076923%;23.076923%;47.773279%;47.773279%;76.923077%;23.076923%;0.000000%;0.000000%;0.000000%;0.000000%;0.000000%;0.000000%;#DIV/0!;#DIV/0!;0.928016%;0.928016%
HUN;2020;5.99755;5.99755;1.76942;4.22813;0.00000;6.62702;0.00000;6.62702;0.00000;4.00000;4.00000;1.93539;1.93539;1.18009;0.57099;2.81991;1.36441;0.00000;0.00000;4.41982;2.13852;0.00000;0.00000;4.41982;2.13852;0.00000;0.00000;;309.88816247971;12.62457164141080000000000000;12.62457164141080000000000000;47.506951%;47.506951%;47.506951%;47.506951%;33.491307%;33.491307%;14.015644%;14.015644%;0.000000%;0.000000%;70.497698%;29.502302%;52.493049%;52.493049%;0.000000%;0.000000%;52.493049%;52.493049%;0.000000%;100.000000%;4.073912%;4.073912%
POL;2020;44.70973;44.70973;2.16543;42.54430;0.00000;31.58978;12.73782;18.85197;0.00000;7.67699;7.67699;3.67853;3.67853;0.37182;0.17816;7.30517;3.50037;0.00000;0.00000;5.42420;2.59908;2.18718;1.04802;3.23702;1.55106;0.00000;0.00000;;1215.42286899201;76.29951317207330000000000000;76.29951317207330000000000000;58.597663%;58.597663%;58.597663%;58.597663%;55.759599%;55.759599%;2.838063%;2.838063%;0.000000%;0.000000%;95.156695%;4.843305%;41.402337%;41.402337%;16.694491%;16.694491%;24.707846%;24.707846%;40.322581%;59.677419%;6.277610%;6.277610%
AUS;2021;31.27802;31.2780;2.3475;28.9305;0.0000;0.0002;0.0001;0.0001;0.0000;2.09249;2.0925;2.55015;2.5502;0.1570;0.1914;1.9354;2.3588;0.0000;0.0000;0.0000;0.0000;0.0000;0.0000;0.0000;0.0000;0.0000;0.0000;;1226.51571721458;31.27822617722780000000000000;31.27822617722780000000000000;99.999335%;99.999335%;99.999335%;99.999335%;92.494002%;92.494002%;7.505333%;7.505333%;0.000000%;0.000000%;92.494617%;7.505383%;0.000665%;0.000665%;0.000285%;0.000285%;0.000380%;0.000380%;42.857143%;57.142857%;2.550169%;2.550169%
CAN;2021;26.46848;21.6853;6.4210;15.2643;4.7832;-0.9786;0.0082;-0.9868;0.0000;1.56008;1.2782;1.54015;1.2582;0.3785;0.3726;0.8997;0.8857;0.2819;0.2775;-0.0577;-0.0568;0.0005;0.0005;-0.0582;-0.0573;0.0000;0.0000;;1723.48815255626;20.70673610033990000000000000;22.66385358535400000000000000;95.682293%;95.682293%;104.725799%;104.725799%;67.350682%;73.716398%;28.331611%;31.009401%;21.104904%;23.099655%;70.389912%;29.610088%;-4.317707%;-4.725799%;0.036224%;0.039648%;-4.353931%;-4.765447%;-0.838967%;100.838967%;1.201443%;1.314999%
FRA;2021;71.42683;54.8268;18.3725;36.4543;16.6000;-5.4391;-5.8973;0.4582;0.0000;2.72954;2.0952;2.52033;1.8860;0.7021;0.6320;1.3931;1.2540;0.6344;0.5710;-0.2079;-0.1871;-0.2254;-0.2029;0.0175;0.0158;0.0000;0.0000;;2907.09024981028;49.38771887346180000000000000;60.26588888591770000000000000;90.974853%;90.974853%;111.013031%;111.013031%;60.489148%;73.812525%;30.485706%;37.200506%;27.544652%;33.611654%;66.489965%;33.510035%;-9.025147%;-11.013031%;-9.785511%;-11.940873%;0.760364%;0.927842%;108.424945%;-8.424945%;1.698871%;2.073066%
DEU;2021;171.15877;171.1588;24.0877;147.0711;0.0000;3.5949;0.3018;3.2930;0.0000;4.75796;4.7580;4.11263;4.1126;0.6696;0.5788;4.0884;3.5338;0.0000;0.0000;0.0999;0.0864;0.0084;0.0073;0.0915;0.0791;0.0000;0.0000;;4161.78471555813;174.75365023988700000000000000;174.75365023988700000000000000;97.942885%;97.942885%;97.942885%;97.942885%;84.159106%;84.159106%;13.783779%;13.783779%;0.000000%;0.000000%;85.926717%;14.073283%;2.057115%;2.057115%;0.172726%;0.172726%;1.884389%;1.884389%;8.396505%;91.603495%;4.199007%;4.199007%
ITA;2021;77.96636;77.9452;12.0121;65.9331;0.0211;1.7575;0.0098;1.7477;0.0000;4.06465;4.0635;3.33543;3.3343;0.6262;0.5139;3.4373;2.8205;0.0011;0.0009;0.0916;0.0752;0.0005;0.0004;0.0911;0.0748;0.0000;0.0000;;2337.65981585712;79.70272240129130000000000000;79.70272240129130000000000000;97.794944%;97.794944%;97.794944%;97.794944%;82.723771%;82.723771%;15.071172%;15.071172%;0.026510%;0.026510%;84.589006%;15.410994%;2.205056%;2.205056%;0.012308%;0.012308%;2.192748%;2.192748%;0.558179%;99.441821%;3.409509%;3.409509%
JPN;2021;-154.64843;61.5008;15.0566;46.4442;-216.1493;0.1174;0.0000;0.1174;1.0234;-3.38819;1.3474;-3.58064;1.1550;0.3299;0.2828;1.0175;0.8722;-4.7356;-4.0593;0.0250;0.0214;0.0000;0.0000;0.0026;0.0022;0.0224;0.0192;;5324.85222823165;61.61819819119030000000000000;61.38347706268400000000000000;100.191192%;100.191192%;99.809536%;99.809536%;75.662439%;75.374220%;24.528753%;24.435316%;-352.129398%;-350.788038%;75.518054%;24.481946%;0.191192%;0.190464%;0.000000%;0.000000%;0.191192%;0.190464%;0.000000%;100.000000%;1.157181%;1.152773%
KOR;2021;48.80246;48.7498;7.6352;41.1145;0.0527;0.1132;0.0000;0.1132;0.1997;2.97913;2.9759;2.26377;2.2606;0.4661;0.3541;2.5098;1.9065;0.0032;0.0024;0.0191;0.0145;0.0000;0.0000;0.0069;0.0053;0.0122;0.0093;;2156.53957143070;48.86300180794910000000000000;48.86300180794910000000000000;99.768233%;99.768233%;99.768233%;99.768233%;84.142441%;84.142441%;15.625792%;15.625792%;0.107874%;0.107874%;84.337908%;15.662092%;0.231767%;0.231767%;0.000000%;0.000000%;0.231767%;0.231767%;0.000000%;100.000000%;2.265806%;2.265806%
ESP;2021;54.41444;54.9777;16.9157;38.0621;-0.5633;0.4565;0.0019;0.4546;0.0302;4.11010;4.1527;3.01767;3.0602;1.2777;0.9416;2.8750;2.1186;-0.0425;-0.0314;0.0368;0.0271;0.0001;0.0001;0.0343;0.0253;0.0023;0.0017;;1796.52769554142;55.43425040876370000000000000;55.43425040876370000000000000;99.176490%;99.176490%;99.176490%;99.176490%;68.661663%;68.661663%;30.514827%;30.514827%;-1.016167%;-1.016167%;69.231794%;30.768206%;0.823510%;0.823510%;0.003479%;0.003479%;0.820031%;0.820031%;0.422510%;99.577490%;3.085633%;3.085633%
GBR;2021;88.69431;81.6218;-13.8516;95.4734;7.0725;16.2220;0.0408;16.1812;0.0000;2.80910;2.5851;2.99837;2.7744;-0.4387;-0.4708;3.0238;3.2452;0.2240;0.2404;0.5138;0.5514;0.0013;0.0014;0.5125;0.5500;0.0000;0.0000;;2941.98833677897;97.84381313443770000000000000;97.84381313443770000000000000;83.420514%;83.420514%;83.420514%;83.420514%;97.577317%;97.577317%;-14.156803%;-14.156803%;7.228355%;7.228355%;116.970410%;-16.970410%;16.579486%;16.579486%;0.041699%;0.041699%;16.537788%;16.537788%;0.251508%;99.748492%;3.325772%;3.325772%
USA;2021.000000000;1824.980000000;1825.000000000;203.500000000;1621.500000000;-0.020000000;0.000000000;0.000000000;0.000000000;0.000000000;9.157420198;9.157520555;9.136679746;9.136780102;1.021126265;1.018813562;8.136394290;8.117966540;-0.000100356;-0.000100129;0.000000000;0.000000000;0.000000000;0.000000000;0.000000000;0.000000000;0.000000000;0.000000000;;19974.213887168;1825.000000000;1825.000000000;100.000000%;100.000000%;100.000000%;100.000000%;88.849315%;88.849315%;11.150685%;11.150685%;-0.001096%;-0.001096%;88.849315%;11.150685%;0.000000%;0.000000%;0.000000%;0.000000%;0.000000%;0.000000%;0.000000%;0.000000%;9.136780%;9.136780%
MEX;2021.0000000;-0.0360768;0.0000062;2.6565000;-2.6564938;-0.0360830;-1.8221374;-0.9509236;-0.8712138;1.6475248;-0.0184584;-0.0156376;-0.0112195;-0.0083987;0.1920387;0.1031406;-0.2076763;-0.1115392;-0.0028209;-0.0015150;-0.0136507;-0.0073315;-0.0743402;-0.0399268;-0.0681087;-0.0365800;0.1287983;0.0691753;;2381.6675592;-1.8221312;1.8221312;-0.000338%;0.000338%;-0.000338%;-0.000338%;-145.790478%;145.790478%;145.790816%;-145.790816%;-1.980263%;1.980263%;0.000000%;0.000000%;-100.000338%;100.000338%;-52.187440%;52.187440%;-47.812898%;47.812898%;52.187263%;47.812737%;-0.076507%;0.076507%
TUR;2021;17.76997;17.6239;0.7512;16.8727;0.1461;2.4997;0.0140;2.4858;2.8780;1.78225;1.7676;0.76981;0.7552;0.0753;0.0322;1.6923;0.7230;0.0146;0.0063;0.5394;0.2304;0.0014;0.0006;0.2493;0.1065;0.2887;0.1233;;2333.78340649119;20.12362486297490000000000000;20.12362486297490000000000000;87.578221%;87.578221%;87.578221%;87.578221%;83.845296%;83.845296%;3.732925%;3.732925%;0.725775%;0.725775%;95.737610%;4.262390%;12.421779%;12.421779%;0.069370%;0.069370%;12.352409%;12.352409%;0.558451%;99.441549%;0.862275%;0.862275%
AUT;2021;29.31341;29.3134;5.5977;23.7157;0.0000;1.9673;0.0000;1.9673;0.0000;7.08140;7.0814;6.25554;6.2555;1.3523;1.1946;5.7291;5.0610;0.0000;0.0000;0.4753;0.4198;0.0000;0.0000;0.4753;0.4198;0.0000;0.0000;;468.59916169989;31.28075103631760000000000000;31.28075103631760000000000000;93.710684%;93.710684%;93.710684%;93.710684%;75.815608%;75.815608%;17.895076%;17.895076%;0.000000%;0.000000%;80.903910%;19.096090%;6.289316%;6.289316%;0.000000%;0.000000%;6.289316%;6.289316%;0.000000%;100.000000%;6.675375%;6.675375%
BEL;2021;4.58955;5.5750;1.7364;3.8387;-0.9855;0.8447;0.6878;0.1570;0.0000;0.92689;1.1259;0.80490;1.0039;0.3507;0.3127;0.7752;0.6913;-0.1990;-0.1775;0.1706;0.1521;0.1389;0.1239;0.0317;0.0283;0.0000;0.0000;;555.32196820368;6.41979177423766000000000000;6.41979177423766000000000000;86.841524%;86.841524%;86.841524%;86.841524%;59.794351%;59.794351%;27.047173%;27.047173%;-15.350952%;-15.350952%;68.854562%;31.145438%;13.158476%;13.158476%;10.713549%;10.713549%;2.444926%;2.444926%;81.419380%;18.580620%;1.156049%;1.156049%
CZE;2021;8.54190;9.4840;3.5349;5.9491;-0.9421;0.8401;-0.0041;0.8442;0.0000;3.96118;4.3981;1.89108;2.3280;1.6393;0.8677;2.7588;1.4603;-0.4369;-0.2312;0.3896;0.2062;-0.0019;-0.0010;0.3915;0.2072;0.0000;0.0000;;407.39587848230;10.32405105726800000000000000;10.32405105726800000000000000;91.862954%;91.862954%;91.862954%;91.862954%;57.623346%;57.623346%;34.239607%;34.239607%;-9.125046%;-9.125046%;62.727513%;37.272487%;8.137046%;8.137046%;-0.040189%;-0.040189%;8.177235%;8.177235%;-0.493902%;100.493902%;2.534157%;2.534157%
DNK;2021;28.00327;6.0091;-0.1219;6.1310;21.9942;40.8848;34.4040;6.4808;0.0000;8.41944;1.8067;8.54454;1.9318;-0.0367;-0.0392;1.8434;1.9710;6.6128;7.0706;12.2924;13.1436;10.3439;11.0601;1.9485;2.0834;0.0000;0.0000;;311.06354290108;46.89389015945600000000000000;46.89389015945600000000000000;12.814238%;12.814238%;12.814238%;12.814238%;13.074278%;13.074278%;-0.260040%;-0.260040%;46.902009%;46.902009%;102.029304%;-2.029304%;87.185762%;87.185762%;73.365641%;73.365641%;13.820121%;13.820121%;84.148649%;15.851351%;15.075341%;15.075341%
EST;2021;0.51941;0.5194;0.1732;0.3462;0.0000;0.0566;0.0481;0.0085;0.0000;1.93120;1.9312;1.13132;1.1313;0.6440;0.3772;1.2872;0.7541;0.0000;0.0000;0.2105;0.1233;0.1788;0.1048;0.0317;0.0186;0.0000;0.0000;;45.91157281875;0.57602335826777500000000000;0.57602335826777500000000000;90.171503%;90.171503%;90.171503%;90.171503%;60.103379%;60.103379%;30.068124%;30.068124%;0.000000%;0.000000%;66.654517%;33.345483%;9.828497%;9.828497%;8.349221%;8.349221%;1.479276%;1.479276%;84.949112%;15.050888%;1.254637%;1.254637%
FIN;2021;0.71858;4.9856;2.5735;2.4121;-4.2670;-2.1450;-1.3851;-0.7600;3.4269;0.28208;1.9571;0.28841;1.9634;1.0102;1.0135;0.9469;0.9499;-1.6750;-1.6804;0.5032;0.5048;-0.5437;-0.5455;-0.2983;-0.2993;1.3452;1.3496;;253.92231856471;2.84053570518809000000000000;7.13057286718544000000000000;69.918005%;69.918005%;175.514579%;175.514579%;33.827380%;84.916587%;36.090625%;90.597992%;-59.840614%;-150.217389%;48.381501%;51.618499%;-30.081995%;-75.514579%;-19.424235%;-48.760494%;-10.657760%;-26.754086%;64.570967%;35.429033%;1.118663%;2.808171%
GRC;2021;12.03237;11.8835;0.8424;11.0411;0.1488;-2.3710;-2.6538;0.2828;0.0000;5.90103;5.8280;4.01388;3.9409;0.4131;0.2794;5.4149;3.6615;0.0730;0.0494;-1.1628;-0.7863;-1.3015;-0.8801;0.1387;0.0938;0.0000;0.0000;;301.54474727050;9.51257755561234000000000000;14.25447817300320000000000000;83.366979%;83.366979%;124.924373%;124.924373%;77.457376%;116.068907%;5.909603%;8.855466%;1.044200%;1.564720%;92.911338%;7.088662%;-16.633021%;-24.924373%;-18.617057%;-27.897426%;1.984036%;2.973053%;111.928296%;-11.928296%;3.154616%;4.727152%
ISL;2021;1.37074;1.2954;0.0746;1.2208;0.0753;-0.6816;0.0000;-0.6816;0.0000;6.61235;6.2490;7.15662;6.7933;0.3601;0.3914;5.8889;6.4018;0.3633;0.3950;-3.2881;-3.5745;0.0000;0.0000;-3.2881;-3.5745;0.0000;0.0000;;19.06914282116;0.61378858033745500000000000;1.97705265635212000000000000;65.522818%;65.522818%;211.053229%;211.053229%;61.747365%;198.892249%;3.775454%;12.160980%;3.809725%;12.271371%;94.237956%;5.762044%;-34.477182%;-111.053229%;0.000000%;0.000000%;-34.477182%;-111.053229%;0.000000%;100.000000%;3.218753%;10.367811%
IRL;2021;27.60731;26.7576;2.0608;24.6968;0.8497;5.2628;2.0164;3.2464;0.0000;7.43198;7.2032;6.63176;6.4030;0.5548;0.4931;6.6485;5.9099;0.2287;0.2033;1.4168;1.2594;0.5428;0.4825;0.8739;0.7769;0.0000;0.0000;;417.89075855828;32.02041545734510000000000000;32.02041545734510000000000000;83.564178%;83.564178%;83.564178%;83.564178%;77.128382%;77.128382%;6.435795%;6.435795%;2.653674%;2.653674%;92.298380%;7.701620%;16.435822%;16.435822%;6.297262%;6.297262%;10.138561%;10.138561%;38.314247%;61.685753%;7.662389%;7.662389%
ISR;2021;16.02396;16.0082;4.9421;11.0660;0.0158;4.1554;1.0737;3.0817;0.0000;4.47022;4.4658;4.67973;4.6753;1.3787;1.4434;3.0871;3.2319;0.0044;0.0046;1.1592;1.2136;0.2995;0.3136;0.8597;0.9000;0.0000;0.0000;;342.39670930134;20.16352307821940000000000000;20.16352307821940000000000000;79.391646%;79.391646%;79.391646%;79.391646%;54.881306%;54.881306%;24.510340%;24.510340%;0.078406%;0.078406%;69.127306%;30.872694%;20.608354%;20.608354%;5.324928%;5.324928%;15.283426%;15.283426%;25.838687%;74.161313%;5.888936%;5.888936%
LVA;2021;0.93070;0.9307;0.4401;0.4906;0.0000;-0.3093;0.0402;-0.3495;0.0000;3.08587;3.0859;1.67928;1.6793;1.4591;0.7940;1.6267;0.8852;0.0000;0.0000;-1.0257;-0.5581;0.1332;0.0725;-1.1589;-0.6306;0.0000;0.0000;;55.42258974000;0.62136180808101800000000000;1.24004021437536000000000000;75.054099%;75.054099%;149.784071%;149.784071%;39.565144%;78.959422%;35.488955%;70.824649%;0.000000%;0.000000%;52.715500%;47.284500%;-24.945901%;-49.784071%;3.239754%;6.465517%;-28.185655%;-56.249587%;-12.987119%;112.987119%;1.121135%;2.237427%
LTU;2021;0.91993;1.8127;0.5309;1.2819;-0.8928;-0.3828;0.0694;-0.4523;0.0000;1.90791;3.7595;0.01454;1.8662;1.1010;0.5465;2.6585;1.3197;-1.8516;-0.9191;-0.7940;-0.3941;0.1440;0.0715;-0.9380;-0.4656;0.0000;0.0000;;97.13607334840;1.42988315540538000000000000;2.19557136637026000000000000;82.562894%;82.562894%;126.774503%;126.774503%;58.383844%;89.647812%;24.179050%;37.126690%;-40.663532%;-62.438450%;70.714387%;29.285613%;-17.437106%;-26.774503%;3.162858%;4.856538%;-20.599964%;-31.631040%;-18.138666%;118.138666%;1.472041%;2.260305%
LUX;2021;0.12445;0.1220;0.1147;0.0072;0.0025;0.0088;0.0012;0.0075;-0.0087;0.18698;0.1833;0.18757;0.1839;0.1724;0.1729;0.0109;0.0109;0.0037;0.0037;0.0001;0.0001;0.0018;0.0018;0.0113;0.0114;-0.0131;-0.0131;;66.34348446884;0.13072963758621700000000000;0.13072963758621700000000000;93.304125%;93.304125%;93.304125%;93.304125%;5.541414%;5.541414%;87.762712%;87.762712%;1.890950%;1.890950%;5.939087%;94.060913%;6.695875%;6.695875%;0.923569%;0.923569%;5.772306%;5.772306%;13.793103%;86.206897%;0.197050%;0.197050%
NLD;2021;52.18794;53.4053;12.2295;41.1758;-1.2174;-34.2705;0.0000;-34.2705;0.0000;6.21100;6.3559;5.58260;5.7275;1.4555;1.3116;4.9004;4.4159;-0.1449;-0.1306;-4.0786;-3.6754;0.0000;0.0000;-4.0786;-3.6754;0.0000;0.0000;;932.44043441875;19.13480632226930000000000000;87.67583267916650000000000000;60.912247%;60.912247%;279.100392%;279.100392%;46.963677%;215.187936%;13.948570%;63.912456%;-1.388499%;-6.362111%;77.100549%;22.899451%;-39.087753%;-179.100392%;0.000000%;0.000000%;-39.087753%;-179.100392%;0.000000%;100.000000%;2.052121%;9.402835%
NZL;2021;0.45804;0.4580;0.7884;-0.3304;0.0000;-1.5737;0.5904;-2.1641;0.0000;0.22571;0.2257;0.23614;0.2361;0.3885;0.4065;-0.1628;-0.1703;0.0000;0.0000;-0.7754;-0.8113;0.2909;0.3044;-1.0664;-1.1157;0.0000;0.0000;;193.97380504055;-1.11561163779275000000000000;2.03170000177681000000000000;22.544873%;22.544873%;-41.057673%;-41.057673%;-16.262448%;29.616414%;38.807321%;-70.674087%;0.000000%;0.000000%;-72.133688%;172.133688%;-77.455127%;141.057673%;29.060315%;-52.923293%;-106.515442%;193.980966%;-37.518904%;137.518904%;-0.575135%;1.047409%
NOR;2021;10.56820;10.5682;1.4818;9.0864;0.0000;0.8630;0.8231;0.0399;0.0000;2.57604;2.5760;3.19808;3.1981;0.3612;0.4484;2.2149;2.7497;0.0000;0.0000;0.2104;0.2612;0.2006;0.2491;0.0097;0.0121;0.0000;0.0000;;330.45426768437;11.43122945065440000000000000;11.43122945065440000000000000;92.450206%;92.450206%;92.450206%;92.450206%;79.487806%;79.487806%;12.962401%;12.962401%;0.000000%;0.000000%;85.979046%;14.020954%;7.549794%;7.549794%;7.200731%;7.200731%;0.349063%;0.349063%;95.376527%;4.623473%;3.459247%;3.459247%
PRT;2021;-4.74086;2.9960;0.0066;2.9894;-7.7369;-1.6727;0.0000;-1.6727;0.0000;-2.13204;1.3474;-2.60136;0.8780;0.0030;0.0019;1.3444;0.8761;-3.4794;-2.2674;-0.7522;-0.4902;0.0000;0.0000;-0.7522;-0.4902;0.0000;0.0000;;341.21592570296;1.32332507477030000000000000;4.66869106321169000000000000;64.172335%;64.172335%;226.400008%;226.400008%;64.030099%;225.898197%;0.142236%;0.501810%;-165.718203%;-584.653844%;99.778352%;0.221648%;-35.827665%;-126.400008%;0.000000%;0.000000%;-35.827665%;-126.400008%;0.000000%;100.000000%;0.387826%;1.368251%
SVK;2021;2.38877;2.3328;1.1463;1.1865;0.0560;-2.7644;0.0000;-2.7644;0.0000;2.40104;2.3448;1.34004;1.2838;1.1522;0.6309;1.1926;0.6530;0.0562;0.0308;-2.7786;-1.5213;0.0000;0.0000;-2.7786;-1.5213;0.0000;0.0000;;181.71174374815;-0.43161475024939900000000000;5.09725782682040000000000000;45.766206%;45.766206%;-540.486982%;-540.486982%;23.276969%;-274.894938%;22.489238%;-265.592044%;1.097708%;-12.963648%;50.860603%;49.139397%;-54.233794%;640.486982%;0.000000%;0.000000%;-54.233794%;640.486982%;0.000000%;100.000000%;-0.237527%;2.805134%
SVN;2021;2.80802;2.4340;-0.0553;2.4893;0.3740;0.0000;0.0000;0.0000;0.0000;5.56948;4.8277;3.94288;3.2011;-0.1097;-0.0727;4.9374;3.2738;0.7418;0.4919;0.0000;0.0000;0.0000;0.0000;0.0000;0.0000;0.0000;0.0000;;76.03736607555;2.43401990495266000000000000;2.43401990495266000000000000;100.000000%;100.000000%;100.000000%;100.000000%;102.272182%;102.272182%;-2.272182%;-2.272182%;15.365528%;15.365528%;102.272182%;-2.272182%;0.000000%;0.000000%;0.000000%;0.000000%;0.000000%;0.000000%;0.000000%;0.000000%;3.201084%;3.201084%
SWE;2021;0.26257;0.1498;0.0496;0.1002;0.1128;0.0881;0.0039;0.0842;0.0000;0.04776;0.0272;0.04926;0.0287;0.0090;0.0095;0.0182;0.0192;0.0205;0.0216;0.0160;0.0169;0.0007;0.0008;0.0153;0.0162;0.0000;0.0000;;521.00449074292;0.23789528313582900000000000;0.23789528313582900000000000;62.963578%;62.963578%;62.963578%;62.963578%;42.116445%;42.116445%;20.847133%;20.847133%;47.410017%;47.410017%;66.890172%;33.109828%;37.036422%;37.036422%;1.655813%;1.655813%;35.380610%;35.380610%;4.470768%;95.529232%;0.045661%;0.045661%
CHE;2021;19.99219;19.9922;4.4998;15.4924;0.0000;1.8682;0.3211;1.5471;0.0000;2.67594;2.6759;3.38384;3.3838;0.6023;0.7616;2.0736;2.6222;0.0000;0.0000;0.2501;0.3162;0.0430;0.0544;0.2071;0.2619;0.0000;0.0000;;590.81421763174;21.86041175004480000000000000;21.86041175004480000000000000;91.453865%;91.453865%;91.453865%;91.453865%;70.869557%;70.869557%;20.584309%;20.584309%;0.000000%;0.000000%;77.492139%;22.507861%;8.546135%;8.546135%;1.469035%;1.469035%;7.077099%;7.077099%;17.189469%;82.810531%;3.700048%;3.700048%
CHL;2021;12.33304;11.3284;-0.6989;12.0273;1.0046;3.2859;3.2859;0.0000;-1.4673;4.70800;4.3245;2.95062;2.5671;-0.2668;-0.1584;4.5913;2.7255;0.3835;0.2277;0.6943;0.4121;1.2544;0.7446;0.0000;0.0000;-0.5601;-0.3325;;441.28867711817;14.61436420614790000000000000;14.61436420614790000000000000;77.515764%;77.515764%;77.515764%;77.515764%;82.298126%;82.298126%;-4.782362%;-4.782362%;6.874111%;6.874111%;106.169534%;-6.169534%;22.484236%;22.484236%;22.484236%;22.484236%;0.000000%;0.000000%;100.000000%;0.000000%;3.311747%;3.311747%
COL;2021;1.85172;1.4773;0.9616;0.5157;0.3744;-0.7930;-0.8426;0.0497;0.0000;0.57613;0.4596;0.33045;0.2140;0.2992;0.1393;0.1605;0.0747;0.1165;0.0542;-0.2467;-0.1148;-0.2622;-0.1220;0.0155;0.0072;0.0000;0.0000;;690.46912883132;0.68435012885066800000000000;2.27030050174172000000000000;65.071796%;65.071796%;215.872731%;215.872731%;22.714934%;75.355763%;42.356862%;140.516968%;16.491002%;54.708152%;34.907495%;65.092505%;-34.928204%;-115.872731%;-37.116230%;-123.131408%;2.188026%;7.258676%;106.264353%;-6.264353%;0.099114%;0.328806%
CRI;2021;-0.25114;0.1533;0.0046;0.1487;-0.4045;0.0000;0.0000;0.0000;0.0000;-0.39007;0.2382;-0.46017;0.1681;0.0072;0.0051;0.2310;0.1630;-0.6282;-0.4433;0.0000;0.0000;0.0000;0.0000;0.0000;0.0000;0.0000;0.0000;;91.23348790861;0.15333847332957800000000000;0.15333847332957800000000000;100.000000%;100.000000%;100.000000%;100.000000%;96.989294%;96.989294%;3.010706%;3.010706%;-263.781142%;-263.781142%;96.989294%;3.010706%;0.000000%;0.000000%;0.000000%;0.000000%;0.000000%;0.000000%;0.000000%;0.000000%;0.168073%;0.168073%
HUN;2021;11.80245;11.8025;5.9306;5.8719;0.0000;-0.1270;0.0000;-0.1270;0.0000;8.00796;8.0080;3.80862;3.8086;4.0239;1.9138;3.9841;1.8948;0.0000;0.0000;-0.0862;-0.0410;0.0000;0.0000;-0.0862;-0.0410;0.0000;0.0000;;309.88816247971;11.67542835858920000000000000;11.92947354922090000000000000;98.935220%;98.935220%;101.087948%;101.087948%;49.221501%;50.292510%;49.713719%;50.795438%;0.000000%;0.000000%;49.751242%;50.248758%;-1.064780%;-1.087948%;0.000000%;0.000000%;-1.064780%;-1.087948%;0.000000%;100.000000%;3.767626%;3.849606%
POL;2021;-6.19337;-6.1934;1.6041;-7.7975;0.0000;-2.8692;-2.9933;0.1241;0.0000;-1.08370;-1.0837;-0.50957;-0.5096;0.2807;0.1320;-1.3644;-0.6415;0.0000;0.0000;-0.5020;-0.2361;-0.5238;-0.2463;0.0217;0.0102;0.0000;0.0000;;1215.42286899201;-9.06256618762816000000000000;9.06256618762816000000000000;68.340158%;-68.340158%;68.340158%;68.340158%;-86.040978%;86.040978%;17.700820%;-17.700820%;0.000000%;0.000000%;125.901052%;-25.901052%;-31.659842%;31.659842%;-33.029609%;33.029609%;1.369766%;-1.369766%;104.326510%;-4.326510%;-0.745631%;0.745631%
;;;;;;;;;;;;;;;;;;;;;;;;;;;;;;;;;;;;;;;;;;;;;;;;;;;;;;
;;;;;;;;;;;;;;;;;;;;;;;;;;;;;;;14625.45043070160000000000000000;;;;;;;;;;;;;;;;;;;;;;;
