date,CH,AG,AI,AR,BE,BL,BS,FR,GE,GL,GR,JU,LU,NE,NW,OW,SG,SH,SO,SZ,TG,TI,UR,VD,VS,ZG,ZH,crea_recession
1990-02-28,-0.0992,1.7498,-0.7212,0.5321,0.5753,0.8486,-1.1384,0.1389,-0.1599,0.5760,-2.4641,0.6008,-0.8022,-5.6934,-0.7410,-0.3492,0.4656,0.8753,-0.4976,-0.7477,-0.0227,-1.1388,0.3733,0.0040,-2.0803,0.4349,0.2588,0
1990-03-31,-0.2064,1.4313,-0.8494,0.3058,0.7371,0.8302,-0.8994,-0.6455,-0.9067,1.1564,-1.5485,-0.0053,-0.9158,-6.6662,-0.9779,-0.8008,0.3620,-0.3216,-0.4731,-1.0810,-0.4120,-1.2807,0.2177,-0.0912,-1.9888,-0.0465,0.3392,0
1990-04-30,-0.3520,0.9984,-0.9961,0.0080,0.5324,0.7779,-0.6342,-1.1636,-1.7435,1.5757,-0.6930,-0.6784,-0.6766,-7.1169,-1.2226,-1.2322,0.1653,-1.7525,-0.4536,-1.0591,-0.4535,-1.4618,-0.0107,-0.4365,-1.5869,-0.4835,0.4123,0
1990-05-31,-0.6893,0.4167,-1.1680,-0.5502,-0.2130,0.3105,-0.7561,-1.4336,-2.4694,1.5902,-0.3177,-1.2980,-0.4999,-6.8733,-1.2805,-1.4473,-0.3499,-2.9816,-0.4165,-0.9884,-0.2267,-2.0226,-0.2663,-1.0733,-1.3929,-0.7093,0.2588,0
1990-06-30,-1.0350,0.3393,-1.3704,-1.3071,-0.7726,-0.4459,-1.1692,-1.6689,-2.9354,1.0371,-0.3155,-1.8905,-0.1405,-6.2663,-1.0087,-1.4006,-1.0604,-3.8247,-0.3017,-0.8986,-0.1078,-2.7458,-0.5245,-1.7369,-1.6185,-0.9281,-0.0711,0
1990-07-31,-1.3646,0.5545,-1.6100,-2.1991,-1.0509,-1.3839,-2.0882,-1.9741,-3.4676,0.0522,-0.4565,-2.5379,0.3600,-5.9449,-0.5284,-1.2753,-1.8383,-4.2790,-0.2503,-0.8145,-0.0907,-3.4096,-0.8094,-2.3998,-2.2149,-1.3295,-0.3255,0
1990-08-31,-1.8760,0.2417,-1.8967,-3.1485,-1.2395,-2.1587,-3.4024,-2.4568,-4.7382,-1.1417,-0.5891,-3.5080,0.1908,-6.4573,-0.1272,-1.3704,-2.4817,-4.4572,-0.6597,-0.9858,-0.2780,-4.1321,-1.1878,-3.4553,-3.1184,-1.8774,-0.5204,0
1990-09-30,-2.6140,-0.2571,-2.2436,-4.0487,-1.5986,-2.8679,-4.8603,-3.1945,-6.7171,-2.2251,-0.6549,-4.6605,-1.0603,-8.0071,0.1578,-1.7399,-2.8423,-4.5551,-1.2983,-1.3358,-0.6020,-4.9212,-1.7467,-4.9397,-4.0671,-2.4403,-0.8715,0
1990-10-31,-3.5936,-0.8646,-2.6617,-4.6828,-2.1523,-3.6849,-6.6142,-4.3109,-9.3630,-3.1810,-0.6930,-5.7546,-2.6354,-9.8435,0.0808,-2.2312,-3.2440,-5.2227,-1.8974,-1.7321,-1.1119,-5.7940,-2.3745,-6.7208,-4.9200,-3.0248,-1.6061,0
1990-11-30,-4.6628,-1.5422,-3.1436,-5.1698,-2.7203,-4.5864,-8.6287,-5.7253,-12.1093,-4.0979,-0.8224,-6.9525,-4.1192,-11.3265,-0.5256,-2.7333,-4.0656,-6.4664,-2.4237,-2.0644,-1.8246,-6.7174,-2.9354,-8.3386,-5.5662,-3.6917,-2.5413,0
1990-12-31,-5.6156,-2.2087,-3.6330,-5.7050,-3.3918,-5.5721,-10.3769,-7.1455,-13.6086,-4.8402,-1.0579,-8.4951,-4.8649,-12.1747,-1.6775,-3.0981,-5.1723,-7.7732,-2.7968,-2.3836,-2.6904,-7.7915,-3.4192,-9.3127,-5.9822,-4.4892,-3.6240,0
1991-01-31,-6.3959,-3.0428,-3.9986,-6.4985,-4.1782,-6.4331,-11.5561,-8.1676,-13.7299,-5.3813,-1.4844,-10.1654,-4.8772,-12.1753,-3.0203,-3.3014,-6.3320,-8.5772,-3.3789,-2.6847,-3.5362,-9.0013,-3.8608,-9.5713,-6.2860,-5.3779,-4.8108,0
1991-02-28,-6.9325,-3.8170,-4.0789,-7.3589,-4.7922,-6.8923,-12.3529,-8.1849,-12.9451,-5.8648,-2.3107,-11.4167,-4.8979,-11.1076,-4.3285,-3.4583,-7.4312,-8.4415,-4.1852,-3.0964,-4.2683,-10.0571,-4.3651,-9.1419,-6.6725,-6.3450,-5.9003,0
1991-03-31,-7.1398,-4.3707,-3.9449,-8.1321,-5.0115,-6.8152,-12.4960,-7.5333,-11.8471,-6.5733,-3.2458,-11.9899,-4.6750,-9.8682,-5.4436,-3.6223,-8.2965,-7.6772,-4.8575,-3.6945,-4.9927,-10.5585,-5.0586,-8.1717,-7.3006,-7.0129,-6.6165,0
1991-04-30,-7.0923,-4.7456,-3.8611,-8.7099,-5.0250,-6.0881,-12.3521,-6.4398,-10.7522,-7.5267,-3.9688,-11.7827,-4.4095,-9.3668,-6.2754,-3.9360,-8.8164,-7.1052,-5.1531,-4.5592,-5.9803,-10.4320,-5.8997,-7.1541,-8.0540,-7.4816,-6.7510,0
1991-05-31,-6.9773,-4.8644,-4.1366,-9.0791,-4.9384,-5.0377,-12.2494,-5.1135,-9.5703,-8.6496,-4.4932,-10.8003,-4.4413,-9.8409,-6.9799,-4.3304,-8.9170,-7.0268,-5.3334,-5.5845,-7.2111,-9.9086,-6.8622,-6.7189,-8.6802,-8.2889,-6.6358,0
1991-06-30,-6.9534,-4.8735,-4.8942,-9.3788,-4.9614,-4.2910,-12.2696,-4.0573,-8.1989,-9.9078,-4.9528,-9.6239,-4.7668,-11.2411,-8.0108,-4.7584,-8.8625,-7.4057,-5.7797,-6.8029,-8.2382,-9.5710,-7.9459,-7.1018,-9.0233,-9.6890,-6.3858,0
1991-07-31,-7.3229,-5.1938,-5.6992,-9.5567,-5.5512,-4.1563,-12.3790,-4.3379,-6.4934,-11.2335,-5.5010,-8.9645,-5.9762,-13.0521,-9.5451,-5.1874,-9.0827,-7.7366,-6.7773,-8.0134,-8.9935,-10.0314,-9.1615,-8.1217,-9.2752,-11.5941,-6.5870,1
1991-08-31,-7.9670,-5.6270,-6.3242,-9.8307,-6.6893,-4.7655,-12.6093,-5.6217,-4.8625,-12.3110,-6.1621,-8.8291,-7.5487,-14.5036,-11.5109,-5.6370,-9.7407,-7.8255,-7.9818,-8.9513,-9.5697,-11.0908,-10.5186,-8.9424,-9.6725,-13.4359,-7.1864,1
1991-09-30,-8.9378,-6.8163,-6.8590,-10.6370,-8.3765,-5.7972,-13.1038,-7.2232,-4.1023,-13.0703,-6.8767,-9.3117,-8.8425,-15.0675,-13.8561,-6.1769,-10.8200,-7.9944,-9.4574,-10.2813,-10.2710,-12.4507,-11.9387,-9.5114,-10.3016,-15.2820,-8.2130,1
1991-10-31,-10.3859,-9.1348,-7.4335,-12.3167,-10.7101,-7.1180,-14.2713,-8.6760,-4.3601,-13.3278,-7.5783,-10.4649,-10.0550,-15.1692,-16.2880,-6.9585,-12.4346,-8.0384,-11.5533,-11.9849,-11.6040,-13.8950,-13.2482,-10.3766,-11.0606,-16.8383,-9.8452,1
1991-11-30,-12.0170,-11.5275,-8.1168,-14.6796,-13.6321,-8.6674,-15.4920,-9.7688,-4.6769,-13.8647,-8.1893,-11.2656,-11.7844,-15.0990,-18.3601,-7.9300,-14.2559,-8.1816,-13.8336,-13.6958,-13.1318,-14.9837,-14.1548,-11.5639,-11.8722,-17.9776,-11.7549,1
1991-12-31,-13.4491,-13.1415,-8.7847,-16.6830,-16.0495,-9.7671,-16.4343,-10.5769,-5.3311,-14.8898,-8.7389,-10.5104,-13.7473,-14.9783,-19.7357,-8.9206,-15.6251,-8.2036,-15.7736,-14.7800,-14.0593,-15.4641,-14.4334,-13.2110,-12.8594,-18.5131,-13.6423,1
1992-01-31,-14.3121,-13.8869,-9.1647,-17.7568,-16.9968,-10.0680,-16.9578,-11.0234,-6.5773,-16.2434,-9.1606,-8.1038,-14.6593,-14.5920,-20.3913,-9.8067,-16.0788,-7.8943,-16.4988,-14.5758,-14.1859,-14.9023,-14.0287,-14.9187,-14.1699,-18.5965,-15.2051,1
1992-02-29,-14.1624,-13.4413,-9.2022,-17.8138,-16.1813,-9.6157,-16.8011,-11.5742,-8.4933,-17.5071,-9.2597,-5.4039,-13.4233,-14.0077,-20.1977,-10.4839,-14.8875,-7.4083,-15.6209,-12.9367,-13.1790,-13.4217,-13.0364,-15.6953,-15.5688,-18.2098,-15.4507,1
1992-03-31,-13.5024,-12.4024,-9.3465,-17.5361,-14.5472,-9.2355,-16.3006,-12.7269,-10.7844,-17.9790,-9.2192,-3.3880,-11.2239,-13.5150,-19.5404,-10.9154,-12.5602,-7.3338,-13.9897,-11.0049,-11.6567,-11.9612,-11.9266,-16.3953,-16.9750,-18.5254,-14.4948,1
1992-04-30,-13.1318,-11.3442,-9.8942,-17.7588,-13.2401,-9.8998,-15.6174,-14.8975,-12.9240,-17.5408,-9.2654,-3.0612,-9.9576,-12.7409,-19.3077,-11.3359,-10.7764,-7.9794,-12.6272,-9.9381,-10.4735,-11.3225,-11.1531,-17.0876,-18.2451,-20.2371,-13.6968,1
1992-05-31,-13.2785,-10.6685,-10.8504,-18.6922,-12.9158,-11.3080,-14.5311,-17.5645,-14.5579,-16.6080,-9.3845,-4.7896,-10.1990,-11.6770,-20.1719,-12.2834,-10.3688,-8.9325,-12.4754,-9.9911,-10.0471,-11.6883,-11.2209,-17.2653,-19.3007,-22.7016,-13.4984,1
1992-06-30,-14.1798,-10.3544,-12.0656,-19.9714,-14.4313,-12.8901,-13.3652,-19.9646,-15.1620,-15.5567,-9.7075,-7.8530,-12.2745,-10.6168,-21.5363,-13.9715,-11.4649,-9.6496,-13.1545,-10.9881,-10.3449,-12.5039,-12.1911,-17.6222,-20.3857,-25.3631,-14.6502,1
1992-07-31,-15.6029,-10.8207,-13.4416,-21.1267,-17.1376,-14.3340,-12.8370,-21.3651,-15.4700,-14.7217,-10.5240,-10.7356,-15.4312,-9.3585,-22.6359,-16.3437,-13.4160,-10.8175,-14.0960,-12.7047,-11.4641,-13.2787,-13.7878,-18.5507,-21.7887,-27.6574,-16.5211,1
1992-08-31,-17.1696,-12.5025,-14.7299,-22.3806,-20.0397,-15.9393,-13.6186,-22.0096,-15.8829,-14.4979,-11.6607,-12.3822,-18.2853,-7.5370,-23.3289,-18.9875,-15.0524,-12.6689,-14.7858,-14.8206,-12.8184,-13.4794,-15.5872,-19.4882,-23.3385,-29.7578,-18.6420,1
1992-09-30,-18.6356,-15.1152,-16.1000,-23.3309,-22.3639,-17.2519,-15.0583,-22.4264,-16.4455,-14.9798,-12.7221,-12.1742,-20.1084,-5.0599,-23.6095,-21.3084,-16.3367,-14.2333,-15.1180,-16.3115,-14.4512,-13.6733,-17.2598,-19.8866,-24.8569,-31.7285,-20.9739,1
1992-10-31,-19.4375,-17.4244,-17.3829,-24.0543,-23.8596,-17.8129,-15.8068,-22.7781,-15.9684,-16.2652,-13.5353,-10.4272,-20.7768,-2.4507,-22.7616,-22.8769,-16.2605,-15.2459,-14.9090,-17.9164,-16.1544,-13.9600,-18.5916,-19.5339,-26.1538,-33.3634,-22.4947,1
1992-11-30,-19.6306,-19.5830,-18.1801,-24.6091,-24.6049,-17.6474,-15.7509,-22.9283,-14.5429,-17.4675,-13.9328,-8.9425,-20.5788,-1.1561,-20.7844,-23.6567,-15.2903,-15.5997,-14.7017,-20.0651,-18.1338,-13.6224,-19.2445,-18.8888,-26.9240,-34.4333,-22.9615,1
1992-12-31,-19.0813,-21.7606,-18.0791,-25.0206,-23.6440,-17.3204,-15.3783,-22.3917,-12.7981,-18.3116,-14.0320,-9.0603,-19.0245,-1.2694,-17.3299,-23.8275,-13.3291,-15.5873,-14.1356,-22.2404,-19.9086,-11.7958,-18.8039,-17.8106,-26.9853,-34.6341,-22.4386,1
1993-01-31,-17.8209,-23.0757,-17.4990,-25.1773,-21.4878,-16.8529,-14.4936,-21.2217,-11.8718,-18.5375,-14.1519,-10.5253,-17.4108,-1.9910,-12.6167,-23.6623,-11.3552,-15.6695,-12.9537,-23.5729,-20.2605,-8.7971,-17.5231,-16.3870,-26.4111,-32.4539,-20.4594,1
1993-02-28,-16.2592,-22.3099,-15.8102,-24.7610,-18.8353,-16.1440,-13.2795,-19.7973,-11.3371,-18.0306,-14.1227,-11.8650,-17.1826,-2.5204,-7.8880,-23.1077,-10.8042,-15.8872,-11.8113,-23.1281,-19.1876,-5.1091,-16.0150,-14.4003,-25.0343,-28.6505,-18.2805,1
1993-03-31,-15.0254,-19.9721,-12.3256,-23.7482,-17.0865,-14.7648,-11.8512,-18.3894,-11.0954,-16.9927,-13.7638,-12.7152,-17.2869,-3.9224,-4.0943,-22.1825,-10.6631,-15.4414,-11.4810,-20.7937,-17.3437,-2.2832,-14.5166,-12.6104,-23.2985,-24.0306,-17.3634,1
1993-04-30,-14.0665,-17.6488,-7.9777,-21.9358,-15.8888,-13.6128,-11.0769,-17.0376,-11.3893,-15.5840,-13.0212,-13.4033,-16.4737,-6.7688,-1.2326,-20.7131,-10.2604,-13.7655,-11.0665,-16.7882,-15.0895,-1.3947,-13.1023,-11.5013,-21.2122,-18.9403,-16.8723,1
1993-05-31,-13.1749,-15.6956,-3.6407,-19.6955,-14.9418,-12.9693,-10.7237,-16.0610,-11.7858,-13.9473,-11.9771,-14.1545,-14.5294,-9.4429,1.8370,-18.5930,-8.8024,-11.8652,-9.5588,-11.9659,-12.7959,-1.7827,-11.5929,-10.7570,-18.9642,-14.4004,-16.5863,1
1993-06-30,-12.0394,-15.1474,-0.3754,-17.6054,-13.4191,-11.9139,-10.9419,-15.4822,-12.7732,-12.4741,-10.7415,-14.1192,-12.0176,-10.3017,5.4125,-15.7801,-6.5857,-10.6506,-6.1949,-7.5551,-11.0154,-2.3512,-10.0408,-9.9592,-16.9033,-10.3940,-15.4333,1
1993-07-31,-10.1348,-13.9810,1.8608,-15.7374,-10.7627,-10.3186,-10.8085,-14.9521,-12.8448,-10.5612,-9.1518,-12.3464,-7.9627,-8.4252,9.0925,-12.1838,-3.7821,-10.0682,-2.6040,-4.3993,-9.5335,-2.4875,-8.4296,-8.2252,-15.1522,-6.7040,-13.0960,1
1993-08-31,-7.2835,-10.8726,3.4432,-13.0204,-6.8201,-7.7960,-8.6961,-13.8549,-10.4870,-7.9972,-7.2309,-9.1165,-2.8316,-5.0072,12.6921,-8.2371,-1.3047,-9.1561,0.3681,-2.7697,-7.5629,-2.5341,-6.6607,-5.8845,-13.6710,-2.2032,-9.6225,1
1993-09-30,-3.8063,-6.1350,4.8851,-9.2597,-2.5420,-5.3077,-4.2371,-11.8669,-5.7485,-4.6499,-5.1759,-5.5430,2.1868,-2.7695,15.7846,-4.5264,1.0115,-7.2013,3.2524,-1.9418,-4.6442,-2.3498,-4.8198,-4.3150,-12.0448,3.3385,-5.1140,0
1993-10-31,-0.4740,-1.8517,6.5498,-4.6532,1.1197,-3.8596,1.4933,-9.2252,-1.0832,-1.1342,-2.9725,-3.0519,5.2151,-1.6048,17.3792,-1.3290,3.7505,-4.1796,5.8811,-0.1471,-0.6583,-1.6776,-2.9937,-2.3661,-9.9944,8.5663,-0.9979,0
1993-11-30,2.4571,2.1919,8.3223,0.7349,4.4275,-3.3054,6.4229,-6.2490,1.9917,2.3194,-0.6294,-1.1689,7.4015,-0.3320,17.8557,1.5077,6.1441,0.0948,8.3464,3.6009,4.3414,0.2390,-1.1706,0.0886,-7.5820,13.1707,1.8526,0
1993-12-31,5.3600,6.7360,10.1595,6.3417,8.1978,-2.9001,10.3197,-2.9404,3.7245,5.8348,1.7474,0.9014,9.5465,2.2852,17.3845,4.0838,7.8858,5.2473,10.8732,9.1522,9.0966,4.1160,0.6399,3.1999,-4.6736,17.6270,4.0007,0
1994-01-31,8.1996,11.7713,12.3459,11.6114,11.7236,-1.8709,13.3900,0.4201,6.1154,9.3821,3.9387,3.3689,12.1212,5.4188,16.1664,6.2082,9.7517,10.1751,12.9844,14.8630,12.0053,9.6161,2.3784,6.4986,-1.3871,21.1639,5.4880,0
1994-02-28,10.5681,14.7521,13.4787,15.5988,13.1791,1.1536,16.3465,3.6080,9.0156,12.8136,5.9060,6.3999,15.2423,7.6677,14.8904,7.7124,12.5226,13.3285,14.8443,19.2779,13.2556,15.1213,4.0858,9.6096,1.8176,23.2667,6.6402,0
1994-03-31,12.6038,15.1505,12.6842,18.6203,14.0702,4.6576,19.0150,6.5272,11.4224,15.7016,7.5964,9.4680,16.9708,10.4875,14.0838,8.6470,14.9879,14.8478,17.3799,21.6123,13.4754,19.2149,5.7449,12.5231,4.6213,23.8247,8.6571,0
1994-04-30,14.0779,14.4689,11.0763,20.7699,15.1456,8.0893,21.2071,8.9848,13.0960,17.6059,8.7422,12.5430,16.6770,13.6079,13.3599,9.0663,17.1990,15.6796,18.7597,21.4039,13.3582,21.1459,7.2529,14.5055,6.4964,23.3117,10.5818,0
1994-05-31,15.0185,13.8393,9.6609,22.6047,16.8006,11.4762,22.2933,10.9026,13.0594,18.4077,9.4645,15.7540,15.3174,16.1087,12.4303,9.0696,18.0659,16.9261,18.6325,19.8854,13.4462,21.0166,8.5744,15.3766,7.3839,22.8072,12.4304,0
1994-06-30,15.6224,14.1666,9.4757,24.3536,18.4569,13.0227,23.1663,12.2663,12.6613,18.1829,9.8317,18.4298,14.8958,17.5398,11.1770,8.6448,17.5831,18.5728,16.4015,18.1862,13.7978,18.9228,9.4348,16.2238,7.5751,22.4668,14.0848,0
1994-07-31,15.7409,14.2277,10.3215,26.1246,19.5517,12.9385,23.6232,13.6301,11.7198,16.9001,9.4777,19.6824,14.7957,16.5712,9.9482,7.7353,16.5233,20.0445,14.9385,17.4380,15.1213,15.5400,9.7469,16.2914,7.5899,22.3925,15.1704,0
1994-08-31,15.2440,13.7899,11.2862,27.3445,19.7644,12.3557,23.1285,15.0399,9.3465,15.0341,8.3855,19.5655,14.3451,13.9928,9.4307,6.9347,16.1090,20.5172,14.6073,17.9757,15.8414,11.6699,9.6056,15.2451,7.8478,21.9293,15.3636,0
1994-09-30,14.2516,13.1994,12.1471,27.2101,18.7107,12.4877,21.7716,16.1115,6.1360,12.6033,6.7730,18.1033,12.8671,11.8991,9.7346,6.7504,16.1615,18.8895,14.7937,18.8352,16.2419,7.9964,9.1264,14.3574,7.9211,20.6706,14.6346,0
1994-10-31,12.7078,12.8332,12.6377,25.7354,15.9718,13.6644,19.3270,16.6945,2.6924,10.3518,4.8071,16.3791,11.7386,10.1461,10.7636,6.7516,14.9781,15.7286,14.1169,18.4800,16.3730,5.1229,8.1703,12.5528,7.4360,19.3267,13.3457,0
1994-11-30,10.9951,12.0602,12.7837,23.1936,12.7154,14.9652,16.8093,16.3825,0.0083,8.5039,2.7554,15.2365,10.8136,9.1083,11.5673,6.7975,13.7828,11.7399,12.5280,16.2348,15.5119,2.8158,6.5444,9.5771,6.5500,17.7418,12.2310,0
1994-12-31,9.1698,10.6922,12.1325,19.8864,9.8026,16.4177,14.2475,14.6894,-1.3748,6.8134,0.9577,14.3217,8.6689,8.3718,11.4342,6.6438,12.1008,7.7185,10.4217,12.4962,14.2426,0.3825,4.2444,6.3146,5.5225,15.5032,11.0526,0
1995-01-31,7.5533,8.3453,10.6665,16.3908,8.4245,17.5365,11.8830,12.4105,-1.7193,4.7803,-0.2825,12.8170,6.1958,7.8878,10.4577,6.3104,10.0653,4.7439,8.1566,8.1076,13.1365,-2.3601,1.6695,4.3652,4.7918,12.3351,9.7287,0
1995-02-28,6.3040,5.8626,8.7389,13.1068,8.9647,16.2815,9.0333,10.4362,-0.7747,1.7370,-1.1698,10.1163,4.4858,7.6135,8.5898,6.0161,8.2067,3.4594,5.5047,3.6463,12.1477,-5.0215,-0.6615,3.1794,4.3823,8.6923,8.4504,0
1995-03-31,5.2371,4.0152,6.5965,9.8375,9.4279,13.3321,6.0929,9.2964,2.8652,-2.0730,-2.0390,6.9810,3.7556,7.1805,6.1597,5.8490,6.1197,2.5408,2.8548,-0.5434,10.5705,-7.0471,-2.5398,2.0983,4.1683,5.7953,6.8388,0
1995-04-30,4.3473,2.6448,4.2874,6.7903,8.4455,9.8645,4.4023,8.9306,9.2607,-6.0960,-2.8585,4.3269,4.0052,6.8899,4.3101,5.4605,3.2868,0.7525,1.4020,-4.0232,7.7050,-8.0924,-4.0972,2.1904,4.4487,4.2030,4.7752,0
1995-05-31,3.4390,1.3175,1.6861,3.9155,5.6905,6.1668,4.1284,9.8640,15.9168,-10.1221,-3.9006,2.0805,3.7734,6.3031,2.8941,4.8721,0.2882,-1.4592,1.0643,-7.1170,3.7216,-8.6112,-5.4867,3.4139,5.5614,3.3070,2.6561,0
1995-06-30,2.0756,-0.4033,-1.1300,1.0980,1.9628,3.6546,3.8973,12.0238,17.9438,-13.4312,-5.3564,0.1634,1.3141,4.6662,1.5651,4.1241,-1.9069,-3.7699,0.9522,-9.7488,-0.6467,-8.7440,-6.6935,4.4881,7.4591,2.6205,0.4726,0
1995-07-31,0.1773,-3.1519,-4.2247,-1.9999,-1.9537,1.7835,3.9486,14.0282,14.7883,-16.0866,-6.7410,-1.5218,-2.8587,1.8165,-0.1021,3.1750,-3.5129,-6.1135,-0.3836,-12.4417,-5.0065,-9.0002,-7.9940,5.6520,9.4643,1.3320,-1.7216,0
1995-08-31,-1.5973,-5.8044,-7.1400,-4.9926,-5.4940,-0.2435,4.5478,13.6176,10.5827,-18.7697,-7.8443,-3.4293,-7.3004,-0.6622,-2.3434,1.5685,-5.2556,-8.1293,-2.5412,-15.4504,-7.7799,-9.6926,-9.4810,7.2246,10.4357,-0.8036,-2.8926,0
1995-09-30,-3.1256,-8.5437,-9.7860,-7.5030,-7.2894,-2.7780,4.5649,10.1465,7.3037,-22.0024,-8.7191,-5.8423,-10.1544,-1.9376,-4.8521,-0.8649,-7.2392,-9.2994,-5.6697,-18.8828,-11.8633,-10.7689,-11.0165,7.8292,9.8948,-3.4731,-3.0979,0
1995-10-31,-4.3151,-10.9119,-12.0556,-9.2901,-6.8182,-5.1928,4.1523,5.3808,5.6184,-25.2111,-9.3738,-8.2761,-11.9561,-1.6286,-7.3397,-3.3543,-9.1125,-9.9668,-8.9117,-21.4127,-16.8931,-12.4076,-12.2702,4.9641,7.9443,-6.5344,-2.3610,0
1995-11-30,-5.0172,-12.3934,-13.9825,-10.5276,-4.8569,-6.8909,3.4537,2.0196,4.2478,-27.9242,-9.9026,-10.6819,-13.2188,0.1141,-9.2894,-5.7140,-10.9407,-9.8384,-11.8031,-22.2060,-20.4555,-14.1356,-13.2032,0.5260,5.6355,-9.0329,-0.9670,0
1995-12-31,-5.7273,-13.5064,-15.3133,-11.5563,-4.6359,-8.0773,2.1240,0.8470,2.6393,-29.3509,-10.3772,-12.3817,-13.2254,1.2955,-10.3713,-7.4816,-13.3799,-9.4244,-13.8776,-21.3290,-22.9026,-14.7684,-13.8216,-3.2474,3.8575,-10.9996,0.1481,0
1996-01-31,-6.9168,-14.1317,-16.1534,-12.4903,-6.3649,-9.4659,0.1535,1.4018,0.9263,-29.3902,-10.9616,-12.6006,-13.4678,1.2883,-10.8130,-8.6859,-15.9507,-9.0922,-14.3510,-19.8992,-24.3697,-13.3283,-13.8915,-5.7312,2.9747,-12.7821,-1.2304,0
1996-02-29,-8.0624,-13.8087,-16.4635,-13.2588,-8.5799,-10.8858,-2.0718,2.8092,-0.8176,-27.4435,-11.5835,-11.6121,-13.6457,0.9456,-10.6880,-9.4382,-18.4185,-8.8932,-13.8596,-18.5437,-24.8049,-10.4187,-13.6477,-6.7255,2.8653,-14.2822,-3.7362,0
1996-03-31,-8.8132,-13.0809,-16.1460,-13.5471,-10.2569,-11.9845,-3.7561,3.9911,-3.4054,-23.9980,-12.1010,-10.4887,-13.7702,0.7871,-10.3531,-9.9696,-19.9958,-8.4764,-13.8485,-16.9843,-23.6211,-6.3919,-13.4143,-6.2305,3.1651,-15.6984,-5.9946,0
1996-04-30,-9.1687,-12.7980,-15.4145,-12.9922,-11.3025,-12.1711,-4.9554,4.3897,-7.2242,-20.7603,-12.2938,-9.7398,-14.0330,0.8989,-10.5893,-9.8529,-19.5100,-7.6466,-14.3710,-14.9779,-20.4959,-2.0752,-13.2759,-5.2721,3.2982,-17.1223,-7.3989,0
1996-05-31,-9.4063,-13.4961,-14.4183,-11.7523,-11.9159,-11.6242,-6.1295,3.0764,-11.0167,-18.4699,-12.0169,-9.5543,-13.7270,0.4299,-11.4095,-9.6844,-16.3464,-7.6205,-15.6100,-13.4033,-16.8567,1.7095,-13.3664,-5.7197,2.6597,-17.9846,-8.1919,1
1996-06-30,-9.4690,-14.3744,-13.5157,-10.5177,-11.8101,-11.2596,-7.1059,-0.3971,-12.0204,-17.3161,-11.1735,-9.4320,-12.6710,-0.4519,-12.3981,-10.0223,-12.3032,-8.6742,-17.1399,-12.4513,-13.9253,4.1826,-13.5714,-7.4846,0.5911,-18.0489,-8.5260,1
1996-07-31,-9.6408,-13.9373,-12.6313,-9.4157,-11.6663,-11.1586,-8.6951,-5.2371,-9.5235,-17.0109,-10.1146,-9.1835,-12.1748,-1.2094,-13.1608,-11.0535,-10.8357,-10.2441,-18.5090,-12.0002,-12.8916,5.8174,-13.7014,-10.0481,-2.9660,-17.7062,-8.9343,1
1996-08-31,-10.5470,-13.5833,-12.1215,-8.7857,-11.6986,-10.7520,-11.8784,-9.1324,-6.3148,-16.1809,-9.2935,-8.6080,-12.7599,-2.5609,-13.6386,-12.1724,-12.2057,-11.5823,-19.4192,-12.1017,-13.8764,5.6484,-14.0442,-13.1362,-6.9395,-17.3002,-10.8311,1
1996-09-30,-11.9930,-13.4560,-11.8725,-8.5271,-12.7909,-10.3345,-14.9992,-10.3052,-4.2609,-14.0260,-9.1431,-7.8760,-13.9779,-5.0742,-13.5543,-12.6656,-15.2547,-12.2955,-19.1933,-12.4849,-14.1005,3.2615,-14.2370,-15.2756,-9.8332,-17.0266,-14.0034,1
1996-10-31,-13.4066,-13.9560,-11.5766,-8.6182,-15.2560,-9.6437,-16.5986,-9.5446,-4.8766,-11.2063,-9.7460,-7.0856,-14.2189,-8.2815,-12.1399,-12.0628,-18.3570,-12.6617,-17.4198,-12.5372,-14.0526,0.7593,-13.8773,-14.0240,-10.6886,-16.5011,-17.4815,1
1996-11-30,-14.1716,-15.9873,-10.8748,-8.4491,-17.4547,-7.8783,-16.6862,-8.2941,-6.8663,-7.6623,-10.7334,-6.3132,-12.0372,-11.7937,-9.4576,-10.5978,-19.8937,-12.8806,-14.2182,-10.6910,-14.7641,0.2832,-12.2344,-9.9637,-9.8869,-15.6516,-20.4655,1
1996-12-31,-13.8661,-17.9703,-9.8706,-7.1436,-17.2924,-6.1806,-14.8305,-6.6548,-9.7069,-3.2238,-11.1983,-5.3563,-8.2106,-14.7885,-6.1969,-8.9547,-18.2612,-11.9950,-11.4038,-6.7725,-14.7071,1.4299,-9.1660,-5.5857,-8.0592,-14.3905,-22.2775,1
1997-01-31,-11.7577,-17.9041,-8.3027,-4.4929,-14.4828,-4.7188,-11.5191,-4.3627,-12.3228,2.7282,-10.4916,-4.1465,-3.1811,-16.5030,-3.0954,-7.2449,-13.3234,-9.6869,-10.1684,-1.0961,-11.7745,3.2945,-5.2843,-0.8807,-5.5105,-12.7548,-20.5195,1
1997-02-28,-7.7588,-15.3243,-6.1971,-1.0947,-9.8707,-3.1754,-7.2451,-1.3670,-12.0948,9.6002,-8.7004,-1.8153,1.0934,-16.3844,-0.1273,-5.2556,-5.4864,-6.6823,-9.0308,6.0641,-6.6723,5.4522,-0.8895,4.8594,-2.1599,-9.2025,-15.1938,1
1997-03-31,-3.4294,-12.3718,-3.5879,2.3467,-4.8643,-1.6800,-3.2439,1.4674,-10.1553,16.7430,-6.3004,1.6175,4.2742,-14.3339,2.9825,-2.8760,3.3661,-3.9007,-7.1970,13.2767,-1.2259,6.2458,3.5310,9.7478,1.0733,-3.7377,-9.3008,1
1997-04-30,0.2189,-9.0299,-0.5612,5.0290,0.5663,-0.4122,0.1946,3.8617,-9.0027,24.2910,-4.0637,5.4026,6.3011,-11.4236,7.2363,-0.0046,11.0797,-2.1666,-4.7707,20.1610,3.0819,5.0085,7.6853,12.0464,3.4485,1.8491,-4.5177,0
1997-05-31,3.0979,-5.3133,2.5595,6.7038,5.6221,0.7300,2.4752,5.2304,-7.8817,30.2880,-2.1474,8.7024,8.0982,-8.3231,12.9723,3.7583,16.2796,-1.1528,-1.7997,26.4026,6.0420,2.9765,10.9093,12.7195,5.0081,6.1750,-0.8963,0
1997-06-30,5.4583,-0.9210,5.6853,7.6437,8.8379,1.9834,3.6025,5.8840,-5.7565,32.4316,-0.7996,10.9484,10.4037,-4.8972,19.1823,8.2528,19.3063,0.0701,1.5804,30.2446,8.2485,1.4620,13.1304,12.7826,6.4798,8.5037,2.3407,0
1997-07-31,7.7505,4.7767,8.3733,7.9203,11.6503,4.2741,4.8048,6.2662,-3.1962,31.2495,-0.0586,11.9439,13.7882,-1.4963,24.0367,12.7604,20.2715,2.2287,5.1373,30.6641,9.8169,0.4154,15.3310,12.6570,8.5959,10.1616,5.6509,0
1997-08-31,10.5547,13.9852,10.6248,8.1757,15.5160,7.1493,7.8025,7.3130,-0.4601,27.7992,0.3636,11.9271,17.6338,1.8929,26.0213,15.8320,21.0278,5.5362,8.7251,28.8447,10.9008,0.6250,18.1839,13.5132,11.3234,12.2536,8.7333,0
1997-09-30,13.9140,25.5034,12.5012,8.9228,20.1641,10.5959,11.6380,8.7327,3.2301,23.3847,0.9801,12.1780,20.7592,5.5094,25.7176,17.0179,23.2268,8.7057,12.0018,26.2193,11.9418,3.1109,21.2472,15.2130,14.1534,14.7616,11.7050,0
1997-10-31,16.7900,33.5979,14.0539,10.3927,24.1620,13.5876,15.1622,9.4358,8.7759,19.1705,2.1550,12.8848,21.7687,8.7198,23.8454,16.9766,25.1778,11.6071,15.2105,22.8350,13.4236,6.6512,24.1917,16.8239,16.3287,17.5316,13.7559,0
1997-11-30,18.2283,36.3553,15.1980,12.9894,25.6234,14.9991,17.6118,9.0815,14.0237,16.5858,4.2388,14.0943,20.7888,10.6578,21.4375,16.6357,25.6322,13.9234,18.2312,18.0968,15.7752,9.7180,26.3041,17.3169,17.9012,19.9758,14.2384,0
1997-12-31,19.4411,35.5363,16.0737,16.5736,25.7177,15.6190,18.9010,8.3435,19.9630,16.8153,6.8924,15.9029,19.5191,11.9401,19.0115,16.3262,25.8127,15.1407,21.7203,13.6455,19.6454,12.3185,27.4208,17.8502,19.6731,21.5524,15.6290,0
1998-01-31,20.8922,33.5491,17.2735,21.1579,24.8876,16.0938,19.3485,8.6172,26.4046,19.6257,10.1096,19.4680,19.9740,13.6156,16.8095,15.9364,26.8856,15.9338,26.6049,11.7412,24.0127,14.7891,27.5333,17.8611,22.1218,22.6541,17.8687,0
1998-02-28,21.5731,31.1545,18.8421,25.1265,24.1410,16.9420,19.4029,9.1812,29.1227,22.1097,13.2392,23.9741,22.2842,15.6240,14.7642,14.7099,26.9238,17.3054,32.6944,11.4069,27.3321,17.2437,26.7818,15.2173,24.1005,21.6053,18.7876,0
1998-03-31,21.6762,29.8607,19.8103,26.6735,24.9009,18.9205,19.2846,9.5627,26.6007,21.1019,15.8118,28.2376,26.2915,17.6398,12.8330,12.8517,24.6912,19.1330,39.9687,11.6805,28.5851,20.0940,25.6847,11.7868,25.1954,18.7930,18.5017,0
1998-04-30,21.2526,29.3332,19.1247,26.0245,25.3916,22.8951,18.7446,9.3667,22.2115,16.1175,17.2073,29.8135,28.4971,19.7740,10.4115,10.1166,19.6901,21.5587,44.5772,11.0352,28.0297,22.6095,24.3048,9.5500,25.3923,16.1034,18.0958,0
1998-05-31,20.2712,28.9634,17.1178,23.8504,25.4595,27.6831,18.0967,8.7770,17.8373,9.7998,17.3292,27.9569,25.8754,21.5880,6.7814,6.9762,13.1351,23.6167,42.9530,8.0057,27.1812,23.4944,23.0298,9.0029,24.7006,14.5700,17.7879,0
1998-06-30,18.6475,26.8044,14.3223,21.2554,24.3593,29.8943,17.8824,8.4039,14.0402,6.1905,16.6842,23.6740,19.8745,21.6628,2.2736,4.1534,6.8209,25.2269,36.3125,4.1531,26.3959,23.0923,21.8526,8.8348,22.7008,14.6213,17.5294,0
1998-07-31,16.5449,20.9850,11.7242,18.8174,21.0217,27.4589,17.5633,8.4845,11.7922,5.9439,15.5169,18.5938,13.2071,19.5253,-1.2672,1.9859,4.1353,25.5064,28.4027,1.3955,26.3950,21.6942,20.2697,8.4594,19.1079,14.9785,17.3667,0
1998-08-31,14.2080,11.4769,9.8811,16.5819,15.6218,22.7633,16.0721,8.4158,10.7661,7.8485,13.7591,13.7319,8.5559,15.5769,-2.5767,0.9421,4.1388,22.7398,21.6105,0.2585,26.8141,20.3447,17.6123,7.7937,14.4178,14.5432,17.7148,0
1998-09-30,11.6653,1.4258,8.1758,14.5450,10.3437,17.4463,13.3779,8.1101,9.5984,10.0865,11.3029,9.6925,6.6602,11.1989,-2.9449,0.4214,4.0208,18.2922,15.7252,0.5779,25.6550,18.4798,13.5708,7.2085,9.0439,13.8157,17.4430,0
1998-10-31,9.2630,-3.1415,5.9665,12.8069,7.1768,12.8839,9.8972,8.1259,7.1358,11.5175,7.8864,6.2397,6.5119,7.2300,-3.9005,-0.1224,3.6810,13.8531,9.9840,2.3761,21.1178,14.5894,8.4892,7.2386,3.6244,13.1555,15.7647,0
1998-11-30,7.3219,-3.2402,3.2592,10.3410,5.9215,9.3151,5.6691,7.7472,5.2182,11.4789,3.6003,3.0656,6.3748,3.7785,-6.2805,-0.9994,3.0258,9.4016,4.4271,5.4732,15.7003,8.5539,3.2541,7.9616,-1.4716,11.8013,14.1170,0
1998-12-31,5.3398,-0.7300,0.6131,6.7857,4.5279,6.0780,1.3002,6.3251,2.7261,9.1339,-0.8088,0.4070,4.6926,1.3165,-9.9278,-2.1424,1.5388,5.3249,-0.0579,7.9882,10.4236,2.3874,-2.0513,7.4251,-6.1834,10.0332,12.7151,0
1999-01-31,3.4972,2.1427,-1.6213,2.3247,3.3822,3.5726,-1.8614,3.3881,-1.1134,4.8353,-4.1006,-2.6271,1.7234,0.7724,-11.8170,-3.3129,-1.8155,1.9147,-3.5887,8.3557,5.9221,-2.4234,-6.4164,6.3118,-9.2738,8.6592,11.9908,0
1999-02-28,2.0549,4.4598,-3.2186,-1.5220,2.3941,1.7801,-3.2489,0.5552,-5.1405,0.0717,-5.0378,-5.7500,-1.6924,1.6062,-7.6668,-4.1726,-5.4676,-0.5996,-6.8310,6.3609,2.3506,-4.0476,-8.4691,5.1940,-9.1265,8.2145,11.1571,0
1999-03-31,1.1166,5.4266,-3.9847,-3.3889,0.3585,0.4413,-3.2872,-0.6681,-5.9014,-3.2794,-4.3054,-8.5024,-5.3737,2.3527,0.8420,-4.4791,-7.3031,-2.0716,-11.3925,2.9242,0.4490,-3.1413,-7.8041,4.0947,-6.3440,8.3276,10.2989,0
1999-04-30,0.2285,4.9407,-4.4758,-3.8110,-1.9655,-2.4284,-3.8857,-0.9658,-3.8642,-4.9542,-4.3012,-9.4960,-7.3378,1.0850,4.5775,-4.1564,-6.5980,-4.1042,-15.8744,-0.8776,-0.0797,-3.3267,-8.0386,2.5213,-4.8774,8.1657,9.2551,0
1999-05-31,-0.4200,3.6742,-4.4901,-2.7743,-4.5320,-6.6591,-4.3329,-0.5881,-1.1713,-4.5289,-3.9872,-8.8320,-5.7813,-1.4400,2.2767,-2.9161,-4.7660,-5.6206,-15.9104,-2.4573,0.3836,-3.6718,-8.8562,0.7558,-4.2807,7.2475,8.1193,0
1999-06-30,-0.3139,3.4855,-3.6935,-0.8358,-5.8100,-8.0339,-3.8774,0.4207,1.1828,-2.9020,-2.8080,-7.1049,-2.1477,-2.6635,-3.4157,-1.1538,-2.5980,-6.2678,-12.3502,-1.3461,1.1013,-3.3114,-8.5578,0.3585,-3.0203,6.3614,6.7288,0
1999-07-31,0.7519,4.7527,-1.8478,0.9494,-4.8188,-4.3307,-2.4206,2.0835,2.6712,-1.0540,-1.1931,-4.1982,1.9359,-1.1509,-6.4966,0.5054,-0.1086,-5.5441,-7.5340,1.5421,0.7947,-1.5156,-6.5460,1.7136,-0.4415,6.2740,5.3454,0
1999-08-31,2.4435,6.5814,0.8119,2.0852,-2.5729,0.5065,-0.3046,4.6606,3.5496,0.9636,1.2592,-0.7447,5.4709,2.3676,-4.8782,2.0333,2.1503,-3.0502,-3.2102,5.3517,-0.2598,1.4614,-2.8827,4.1807,3.5038,7.2976,4.5528,0
1999-09-30,4.2524,7.1686,3.8340,2.8805,-0.4835,3.3407,2.0966,7.1306,4.3144,3.4514,4.5146,2.2455,7.3230,5.9473,0.6627,3.7127,4.2234,0.1139,0.3408,9.4808,-0.3230,4.6627,1.9098,6.3636,7.8652,9.5663,4.9820,0
1999-10-31,6.0503,6.7018,5.6201,3.6476,1.2588,4.5022,4.0361,8.0587,5.4458,6.7564,7.8075,4.5223,8.0933,8.3764,5.2477,4.7108,5.7958,3.3059,3.3948,13.1725,2.5766,7.2072,6.4173,7.3599,10.7667,11.9203,7.1762,0
1999-11-30,7.3518,7.4333,5.3767,4.5155,2.7359,4.2363,4.5399,7.2287,5.8551,9.9088,9.9960,5.6473,7.5027,9.8165,6.7524,4.6149,6.7975,6.3422,5.5374,15.0964,5.8680,8.2255,8.3363,6.7274,11.0445,14.1079,10.0096,0
1999-12-31,7.4994,7.6115,3.5043,5.2221,3.9053,4.0719,3.6297,4.9033,5.4873,11.7597,10.0953,5.0225,5.9653,10.0780,5.4516,3.3962,6.9677,7.7157,5.8253,14.3903,7.5362,6.7444,7.4166,5.5125,9.0846,15.7565,11.2872,0
2000-01-31,6.6814,7.0591,1.7036,5.5456,4.1847,4.9253,1.7239,2.9175,5.4758,12.8391,8.2928,3.8687,3.5188,9.3477,2.3658,2.1587,7.4464,7.1738,5.5211,11.8892,7.3697,4.1672,5.5049,4.1496,7.0572,16.3165,10.1745,0
2000-02-29,5.3820,5.7042,0.6470,5.2697,3.9240,5.8710,-0.4567,2.2332,5.4464,13.4366,5.6450,2.9729,0.6538,8.2201,-1.9225,2.3687,8.2026,5.8020,5.2199,7.9094,6.4943,1.5602,4.0956,3.0300,5.2840,16.1056,7.6428,0
2000-03-31,4.0778,4.5877,0.3153,4.6718,3.2598,6.0002,-2.2459,1.9562,4.4502,14.1537,3.2811,2.3148,-1.6044,7.0595,-6.0113,3.4909,8.1441,4.4560,5.0089,3.9429,5.3562,-0.7087,2.9592,2.6086,3.2806,15.1452,5.4207,0
2000-04-30,3.1136,4.0422,0.1942,4.3279,2.0270,5.6581,-3.1716,1.0835,3.0604,14.4844,2.1003,0.8387,-2.3829,5.4165,-7.1572,4.0186,7.0599,3.4471,5.0533,1.3372,3.6744,-1.4109,1.3611,2.8553,0.9510,13.6360,4.3946,0
2000-05-31,2.6485,3.6283,0.6567,4.1948,1.2928,5.2433,-3.3633,0.5415,2.4797,14.9246,1.4997,-0.0921,-2.3077,4.1347,-4.1724,4.0385,6.0690,2.9242,4.6561,0.6116,1.6325,-0.7079,-0.0277,3.1003,-1.1920,12.6624,4.0844,0
2000-06-30,2.3652,2.5149,1.6833,4.0301,1.6923,4.0431,-3.0643,0.4480,2.8380,15.4668,0.7283,-0.2438,-2.2287,2.8425,1.6979,3.5821,5.1779,2.5758,3.8121,1.0665,-0.1986,0.3558,-1.1400,2.5348,-2.7934,12.0152,3.7481,0
2000-07-31,2.2537,2.2224,2.2851,3.7228,3.0644,2.1716,-2.6167,0.7531,3.2330,15.9628,-0.0262,0.1989,-1.6449,1.5636,5.2335,2.7921,4.3138,2.1587,3.6227,2.5755,-1.1316,0.6825,-2.0665,1.6950,-3.4436,11.2487,3.2287,0
2000-08-31,2.0540,2.3094,2.3697,3.4959,4.5039,0.9616,-2.6216,1.0858,2.9159,15.9912,-0.7166,0.4708,-0.6630,0.6095,5.1205,2.5645,3.8737,1.9935,3.6046,4.7176,-1.1630,-0.2468,-1.7429,1.0287,-3.3267,9.7728,2.2413,0
2000-09-30,1.6370,2.2963,2.1548,3.3232,5.1520,1.3709,-3.4675,1.6617,1.9201,15.6371,-1.2534,0.4828,0.2326,0.4156,2.4492,2.9015,3.7041,1.8367,3.7575,6.4090,-0.2647,-1.7734,-0.0011,0.5261,-2.3789,7.2046,0.7583,0
2000-10-31,1.3701,1.8930,2.3763,3.0767,5.2333,2.6241,-4.5350,2.4301,0.8975,14.2835,-1.3342,0.8857,1.2108,0.9021,0.7768,3.4261,3.8885,0.5365,4.1505,6.8131,1.7775,-1.9468,1.2104,0.4341,-0.4006,3.8734,-0.4286,0
2000-11-30,1.3426,1.8358,3.2688,2.8679,5.0011,4.1992,-4.2090,3.3480,0.0683,11.8895,-1.1505,2.2045,2.4154,1.2680,1.0406,4.1198,4.2186,-1.2288,4.1091,5.9176,3.8252,-0.6929,1.5789,0.9323,2.6872,0.0886,-1.4048,0
2000-12-31,1.4818,3.3858,4.6320,2.7839,4.3268,5.1686,-2.8060,4.3032,-0.6665,9.6975,-0.6547,3.7122,3.3124,1.2536,2.5437,4.9237,4.2023,-2.2080,3.8296,4.3635,4.6083,0.9737,1.1116,1.6615,5.7904,-3.6745,-1.8629,0
2001-01-31,1.3430,4.8543,5.4210,2.5853,3.2819,4.8976,-1.1725,4.4272,-1.8775,7.4535,-0.0319,3.8518,3.8539,0.0653,3.9997,5.1817,3.5365,-2.3732,2.6536,2.1803,3.6550,1.2322,0.9113,1.2406,6.7292,-6.9235,-1.3795,0
2001-02-28,0.7840,4.3989,5.3309,1.9613,1.6218,3.4362,0.0009,3.2584,-2.0596,5.2107,0.1359,2.1376,3.6701,-2.0416,5.0700,4.0016,2.2386,-2.0107,0.4268,0.5982,1.4900,0.5128,0.7433,-0.1857,5.7816,-9.4334,-0.3416,0
2001-03-31,-0.0778,2.8401,4.6390,0.7031,-0.1596,1.3494,0.2880,1.7299,-1.1986,2.7411,-0.3886,-0.1439,1.9276,-4.2127,5.7753,1.8573,1.1536,-1.4693,-1.7998,0.0712,-0.9156,0.2027,0.2219,-2.1222,4.4265,-10.8386,0.0182,0
2001-04-30,-1.1301,1.0800,4.1658,-1.2510,-1.4468,-1.1771,-0.3746,0.7791,-0.9169,0.8521,-1.4350,-1.5210,-0.7734,-4.9781,6.2407,-0.4935,-0.1716,-0.6470,-2.9622,-0.5845,-2.6974,-0.1822,-0.1979,-3.6984,3.6440,-11.5707,-0.6928,0
2001-05-31,-2.2471,-0.4380,3.6547,-3.8363,-1.7005,-3.9395,-1.5889,0.1926,-1.7461,-0.4972,-2.7514,-2.8501,-2.9616,-4.7264,5.8908,-2.6832,-1.9657,-0.1393,-3.2329,-2.1499,-3.9622,-0.9956,-1.0975,-4.3025,2.6615,-12.4980,-2.2288,0
2001-06-30,-3.2592,-0.9811,2.5204,-6.1234,-1.6948,-5.6608,-3.4391,-0.6077,-2.9682,-1.8383,-3.9302,-4.1880,-3.6004,-4.3979,4.2689,-4.5587,-3.5517,-0.1903,-3.0038,-3.9145,-5.0174,-2.3181,-3.1857,-3.9135,0.9007,-14.2605,-4.0010,0
2001-07-31,-4.4693,-1.5223,0.6800,-7.3891,-2.2960,-6.2272,-5.1208,-2.1182,-4.4392,-3.1070,-4.9209,-5.1692,-3.7534,-4.7024,1.8132,-5.8483,-4.7794,-0.5325,-3.6930,-5.6858,-5.9979,-3.8775,-6.6420,-3.5339,-1.7562,-16.8471,-6.1106,0
2001-08-31,-6.5190,-3.7055,-2.2226,-8.0861,-4.1455,-6.6556,-6.0147,-4.6661,-6.0468,-4.5786,-6.5453,-6.1809,-5.0731,-6.3688,-1.5583,-7.4770,-6.6804,-1.6437,-5.5467,-8.2464,-8.0139,-6.0387,-12.5813,-4.3158,-5.4850,-19.3925,-9.1824,0
2001-09-30,-9.3022,-6.8533,-5.5733,-9.4775,-6.6588,-7.6946,-6.4447,-7.6930,-7.9788,-7.0855,-9.0571,-7.9058,-7.8827,-9.5959,-5.5782,-9.8966,-9.3755,-3.2311,-7.9630,-11.5408,-11.5281,-8.3517,-20.1604,-5.5716,-9.8288,-22.1817,-13.3181,0
2001-10-31,-12.1834,-9.8936,-7.9933,-11.7485,-9.0177,-9.5591,-6.4956,-9.7553,-9.7724,-11.7148,-11.3907,-9.7867,-11.6329,-13.3754,-8.1535,-12.0746,-12.0016,-4.8263,-10.7571,-14.5538,-15.8980,-9.1406,-25.2330,-6.7997,-13.0195,-25.2614,-18.2656,1
2001-11-30,-13.8201,-11.5905,-8.8978,-14.4259,-10.1193,-10.7213,-6.4507,-10.0176,-9.9444,-16.2996,-12.3111,-11.2444,-14.3539,-15.8814,-8.6412,-13.3092,-13.7082,-6.6250,-12.7344,-16.5166,-19.3418,-8.0242,-25.5902,-7.5617,-14.1647,-27.3352,-21.5818,1
2001-12-31,-13.8142,-12.4754,-8.7691,-17.4282,-10.2669,-10.4819,-5.9811,-8.5462,-8.9936,-19.7445,-11.8354,-11.8218,-14.7745,-16.1810,-7.2870,-13.2658,-13.8552,-7.9175,-12.7847,-17.3670,-19.9047,-5.5378,-21.8871,-7.7967,-13.2527,-27.4320,-22.0249,1
2002-01-31,-13.0569,-14.1250,-8.9509,-20.4237,-9.7529,-9.6214,-5.6546,-6.4363,-7.8661,-21.4145,-11.5745,-11.4279,-13.9269,-14.2538,-6.1352,-12.6131,-13.1593,-8.8093,-11.3264,-17.0029,-18.1071,-4.0038,-19.1973,-7.2732,-11.7865,-25.7575,-20.9905,1
2002-02-28,-12.0039,-15.3469,-9.2897,-22.4182,-8.3641,-8.3048,-5.9964,-4.3081,-7.2588,-20.7595,-11.5289,-9.9748,-12.2142,-11.0845,-6.2805,-11.5709,-12.3352,-9.4077,-8.8777,-15.4652,-15.3177,-4.1115,-17.5211,-6.2446,-9.7338,-23.2755,-19.6782,1
2002-03-31,-10.9890,-15.3319,-9.4068,-22.4534,-6.4539,-7.0101,-6.6427,-2.5900,-7.5237,-19.0545,-11.1160,-7.8432,-9.7568,-7.7925,-7.1782,-10.2164,-11.7946,-9.5498,-6.7472,-13.6904,-13.0074,-5.2376,-15.7222,-5.2350,-7.4860,-21.1791,-18.7076,1
2002-04-30,-10.0242,-14.3879,-9.1410,-21.0475,-5.1143,-5.7823,-6.5525,-1.6031,-7.5348,-17.9277,-10.0503,-5.2955,-7.3786,-5.0695,-7.3569,-8.8161,-10.4741,-8.5925,-5.5695,-12.6679,-11.6784,-5.4885,-13.8265,-4.7547,-6.0693,-19.5762,-17.9078,1
2002-05-31,-9.3434,-12.6372,-9.0550,-18.9315,-5.1807,-4.7695,-6.2781,-1.6086,-7.0320,-18.4895,-8.5268,-3.1929,-6.2748,-3.6806,-6.2956,-7.8680,-8.9095,-7.3893,-5.2287,-12.7188,-11.3423,-5.0881,-11.6390,-4.8898,-5.5431,-19.3083,-17.0025,1
2002-06-30,-9.1964,-11.3395,-9.0864,-16.8657,-6.5028,-4.9727,-5.9507,-2.1059,-6.7256,-19.6577,-7.3478,-2.1624,-7.5113,-3.6100,-4.1396,-7.0533,-7.7549,-6.8837,-4.8546,-13.4386,-11.2846,-4.7003,-9.1965,-5.5979,-5.4541,-20.3612,-16.1769,1
2002-07-31,-9.5601,-11.3981,-8.3507,-15.5334,-8.9802,-6.7478,-5.4923,-2.7639,-6.5788,-20.3230,-6.7879,-2.0753,-9.7958,-4.3846,-2.5315,-6.3931,-7.4776,-7.4856,-4.8776,-14.6874,-10.9332,-3.9235,-7.1387,-6.4827,-5.3267,-22.1868,-15.5632,1
2002-08-31,-10.3491,-12.9128,-7.0570,-14.4846,-11.9052,-9.6129,-5.7387,-3.5332,-6.6519,-19.8700,-6.4017,-2.5919,-12.1836,-5.2035,-2.5298,-5.8700,-8.2165,-8.5761,-6.0292,-15.8615,-10.6002,-3.1365,-5.3721,-7.3464,-4.9807,-23.7861,-15.3589,1
2002-09-30,-10.9543,-15.9715,-5.7603,-12.9372,-14.1795,-12.1799,-6.8749,-4.1946,-6.8550,-18.4514,-5.6296,-3.0953,-13.5177,-5.7625,-3.6492,-5.1911,-8.5635,-9.1844,-6.5748,-16.1804,-9.7689,-2.5733,-3.5758,-7.8456,-4.5172,-23.6421,-14.9450,1
2002-10-31,-10.8379,-18.8105,-5.4319,-11.6752,-15.0349,-13.3850,-8.4213,-5.0589,-6.5924,-16.0327,-4.8007,-3.0586,-13.6304,-6.0475,-4.0677,-4.7036,-8.2395,-8.6767,-5.2460,-16.0574,-8.6217,-2.3045,-3.0536,-8.1395,-4.2763,-21.7691,-13.3297,1
2002-11-30,-10.5080,-19.8124,-6.0954,-11.0450,-14.8273,-13.9827,-9.5938,-6.6136,-6.4774,-13.9046,-4.1494,-3.0612,-12.2292,-6.1669,-3.6361,-4.6843,-7.6343,-7.5136,-3.4916,-16.0920,-8.3479,-2.5615,-3.7775,-8.2065,-4.2164,-19.3734,-12.2001,1
2002-12-31,-10.5880,-18.8319,-7.3578,-10.5027,-13.9316,-14.4538,-10.0731,-8.9038,-6.6816,-12.6010,-4.0759,-3.3720,-11.2668,-6.3520,-3.1212,-4.9843,-7.5561,-6.7018,-2.7819,-16.2987,-9.7544,-3.3733,-5.4814,-8.2699,-4.5604,-17.3653,-12.9888,1
2003-01-31,-11.1733,-16.0103,-8.0530,-9.4712,-13.2775,-14.6525,-10.8138,-10.9305,-7.3829,-11.9549,-4.6420,-3.8485,-11.3079,-6.5563,-3.3040,-5.4733,-7.8050,-6.2260,-3.4387,-16.4472,-12.1947,-3.9491,-7.1213,-8.9853,-5.8522,-16.1697,-15.3025,1
2003-02-28,-11.6684,-12.2890,-8.2921,-7.6566,-12.7958,-15.6920,-11.9826,-12.1373,-8.3514,-12.0244,-5.7749,-4.8100,-12.0827,-7.0781,-4.6386,-5.7700,-7.8858,-5.7760,-4.8067,-15.7307,-13.8781,-4.5698,-8.5586,-10.1177,-8.6103,-15.4347,-16.6177,1
2003-03-31,-11.6879,-9.9874,-8.6187,-6.0418,-12.5346,-16.6469,-12.6330,-12.7199,-8.5676,-12.1109,-7.0388,-6.4384,-12.9906,-7.8306,-7.2318,-5.9602,-7.5044,-5.5722,-5.7386,-14.1569,-13.8349,-4.8574,-9.8592,-10.6236,-11.8651,-13.8746,-16.2546,1
2003-04-30,-10.9542,-9.3407,-8.4539,-5.0648,-11.2908,-16.4208,-11.5792,-12.2555,-7.9597,-10.5523,-7.7547,-7.7581,-12.8703,-8.0834,-8.8493,-5.6924,-7.3518,-6.4387,-5.5620,-11.5506,-12.3695,-4.3063,-10.5103,-10.4663,-13.2603,-10.9424,-14.8312,1
2003-05-31,-9.6577,-10.2040,-7.3699,-5.0379,-9.2862,-14.6893,-9.2026,-10.5811,-6.7858,-7.8306,-6.9072,-7.8777,-11.4981,-7.6373,-9.2423,-4.8003,-6.6835,-7.6315,-4.8014,-8.2417,-10.3892,-3.1266,-9.6741,-9.5487,-11.7559,-6.6088,-13.4176,1
2003-06-30,-7.9265,-11.1664,-5.5556,-5.3074,-6.8524,-12.5408,-6.6666,-8.1634,-5.2997,-5.4747,-4.3622,-6.6620,-9.1498,-6.1990,-8.5940,-3.4812,-5.1458,-8.2753,-4.4729,-5.2300,-8.4505,-1.3862,-7.2011,-7.4841,-7.8543,-1.9064,-12.0935,1
2003-07-31,-5.9544,-11.4663,-4.5734,-5.0604,-4.0998,-9.8888,-4.8740,-5.6167,-3.3882,-5.0645,-1.8308,-4.6662,-6.5291,-4.1966,-6.4257,-2.5881,-3.4272,-7.9827,-4.4099,-2.0376,-7.1694,0.2024,-5.5665,-4.9102,-4.0096,3.0261,-10.3863,1
2003-08-31,-3.6627,-9.5414,-4.0178,-3.8778,-1.4628,-7.0194,-3.6743,-3.1781,-1.3737,-6.3477,0.0518,-2.4958,-3.6380,-2.3158,-2.3722,-1.9207,-1.6030,-6.4917,-3.8804,1.3818,-5.1008,1.5040,-4.4205,-2.5051,-1.3065,7.5198,-7.6487,0
2003-09-30,-0.9770,-4.2967,-3.2034,-2.0693,1.0264,-4.5938,-2.1470,-0.9936,0.6621,-7.2783,1.1305,-0.1608,-0.1762,-0.3189,2.2589,-1.1253,0.5272,-4.6663,-3.0693,4.3263,-2.0602,2.5649,-3.7395,-1.1764,0.2760,10.4113,-3.5042,0
2003-10-31,1.6609,1.5292,-2.4339,0.1797,3.1123,-2.9021,-0.2738,0.7933,2.5827,-6.4149,1.5516,1.8006,4.2280,2.4037,4.3426,-0.4260,2.9395,-3.2334,-2.3602,6.3553,0.9330,3.1778,-3.5976,-0.4693,1.0114,12.2133,1.0092,0
2003-11-30,3.4701,4.4165,-1.7987,1.8958,4.2646,-1.7432,1.1796,2.0993,3.8849,-4.0877,1.7041,3.0499,6.7504,5.0341,3.2448,0.2034,4.6982,-2.0083,-1.3146,8.1625,3.7871,3.1634,-4.6936,-0.0759,0.6297,13.4077,4.6050,0
2003-12-31,4.4301,4.3417,-1.1844,2.6636,4.8616,-0.5063,1.8465,3.1849,4.7699,-1.0662,2.1544,3.5905,7.4370,6.6244,0.3396,0.4837,5.6122,-1.1474,0.1825,9.0835,5.9466,2.5491,-6.7890,0.3304,-0.5446,14.3415,6.8438,0
2004-01-31,5.6359,4.1355,0.1064,2.2441,6.1874,0.9970,3.3905,4.5355,5.9330,1.7729,3.5344,3.9471,8.2509,6.4176,-0.8013,1.3292,6.0175,-0.7022,2.3829,9.4251,7.6184,2.6080,-7.5999,0.9818,-0.3022,15.0786,9.2922,0
2004-02-29,7.3497,5.3324,2.1689,1.6109,8.0796,3.4281,6.6344,6.0236,7.0406,4.1950,5.7187,5.1047,9.5252,5.7221,0.5161,3.3148,6.5293,-0.7205,5.0333,9.1164,8.8607,3.5596,-6.0587,2.1011,1.8718,15.0751,12.1638,0
2004-03-31,8.9493,7.5755,4.3817,1.5403,9.8974,6.0239,9.8259,7.3541,7.0278,5.4585,7.6669,6.9566,10.6886,5.4084,2.9679,5.8151,6.5292,-0.7222,7.3393,8.2259,9.5218,4.5111,-2.9860,3.0339,4.8966,13.8681,14.9543,0
2004-04-30,9.6563,9.9889,5.1051,1.7947,10.7283,7.2442,10.3598,7.5334,5.4534,4.6019,8.2168,7.4948,10.7242,5.0628,4.0391,7.3502,6.6022,-0.2054,7.9123,7.2230,9.3584,4.2894,-0.8977,3.8787,6.5328,11.4751,16.9163,0
2004-05-31,8.9799,10.1163,3.6723,2.0437,10.2327,6.0005,8.0879,5.9805,2.6681,2.9767,7.2606,5.9863,9.0721,4.4947,3.2181,7.7144,6.8066,1.0282,6.6565,5.6468,8.2406,2.5662,-0.6279,4.1669,5.4888,8.7081,17.3045,0
2004-06-30,7.1045,7.9036,0.6015,1.5235,8.6011,4.1866,4.4785,3.1960,-0.4722,2.0517,5.0416,2.9700,6.8910,3.3499,1.3364,7.0388,5.6887,2.3222,4.7731,3.0487,6.2337,-0.4214,-1.8294,3.3622,1.7984,6.5704,16.0509,0
2004-07-31,4.8736,5.6240,-1.7780,0.6432,5.8080,1.8695,1.1302,0.8461,-2.7564,1.6900,2.6032,0.1718,5.3529,2.0191,-0.8946,5.7977,3.5276,2.9694,3.8477,-0.3692,3.9098,-3.0677,-2.1095,1.8059,-1.7241,5.0104,13.8434,0
2004-08-31,3.4236,4.6450,-2.1258,-0.0772,3.3423,0.4637,-0.2849,-0.0740,-3.7052,1.6709,0.9211,-0.4137,5.7416,1.6965,-2.9560,5.1050,2.4140,2.4144,5.1748,-3.5355,2.0721,-4.5393,-1.3351,0.5849,-3.4842,4.3255,11.6272,0
2004-09-30,3.1531,4.9529,-0.9002,-0.9646,2.5132,0.2857,0.6546,0.1923,-3.4238,1.4538,0.3262,0.2722,7.2774,2.5396,-4.3484,5.0338,2.3321,1.6874,7.2351,-4.3155,1.1145,-4.5349,-0.0297,0.6815,-3.2076,4.2231,10.0954,0
2004-10-31,3.2055,5.2848,0.2732,-1.7944,2.8971,0.4154,2.5563,0.6210,-2.5298,0.9404,0.4717,0.4864,6.5337,2.6973,-5.2146,5.0531,1.9567,0.3823,7.6204,-2.9362,1.2108,-3.6166,1.7630,1.3094,-1.6843,3.7266,8.8481,0
2004-11-30,3.3026,5.2341,1.3614,-1.4627,3.5908,0.1757,4.2877,1.2568,-1.3210,-0.1523,1.1489,0.5468,4.1359,2.1749,-5.1051,5.4196,1.6602,-1.1516,6.4246,-1.3263,1.7745,-1.8972,4.9361,1.9436,0.5286,2.4142,7.8941,0
2004-12-31,3.3390,4.1231,2.4221,0.0129,3.9704,-0.0201,5.7266,1.8726,-0.9518,-1.8652,1.3355,0.9330,1.5963,1.7342,-4.0093,6.3425,1.7559,-1.9744,4.8155,-0.0563,1.7571,0.0136,8.5383,2.4300,2.4365,0.1640,7.6492,0
2005-01-31,2.8370,2.8594,1.1748,1.4485,3.6545,-0.1726,6.1214,1.7609,-1.8203,-4.8029,-0.9429,0.9312,-0.2335,1.4108,-2.3175,6.2358,1.5464,-2.0498,3.0807,0.0655,1.0049,1.0423,9.1486,2.5600,1.9461,-3.0124,7.2418,0
2005-02-28,1.3414,1.8239,-2.9969,0.8335,1.5679,-1.1419,4.9964,0.7938,-3.1069,-9.1584,-6.5417,-0.1143,-0.6659,0.9617,0.1279,4.2555,0.9434,-1.4850,0.6451,-1.2761,-0.4475,1.1409,4.8116,2.5654,-1.9052,-6.8206,5.2969,0
2005-03-31,-0.3725,0.8099,-8.3303,-1.7521,-1.0070,-2.6342,3.3102,-0.4631,-3.6689,-12.4139,-13.3095,-1.6159,-0.2564,-0.0070,3.3909,1.5237,1.0584,-1.1552,-1.5469,-3.4132,-1.8346,0.9709,-2.4834,2.8382,-7.4366,-10.2614,2.6653,0
2005-04-30,-1.1554,0.8098,-10.7349,-4.4598,-2.4959,-2.6013,1.6276,-0.7887,-2.6205,-12.3503,-15.6533,-1.7707,0.7109,-0.9201,5.4681,0.2566,1.8537,-1.0040,-2.3286,-5.0326,-2.0912,1.2202,-5.8961,3.3913,-9.3690,-11.3567,0.3537,0
2005-05-31,-0.3983,2.1993,-7.5312,-4.5322,-3.0941,-0.2213,1.2915,0.4214,0.2608,-8.9123,-10.2599,-0.2030,1.6089,-0.6488,5.6138,0.7843,2.2810,-0.4265,-1.5206,-3.7905,-0.4969,2.6182,-3.3666,4.6160,-5.2590,-7.9144,-0.6344,0
2005-06-30,1.4427,3.0442,-0.0607,-1.3063,-3.3355,2.7937,2.4883,2.6618,4.5831,-3.6482,0.0785,2.7015,1.6796,0.6978,4.0988,2.6965,2.9134,0.4302,0.6097,0.5798,2.1891,4.8320,3.3853,6.1033,3.2454,-1.0210,-0.1601,0
2005-07-31,2.9931,2.4676,5.1496,2.5515,-3.0707,5.3370,4.1452,4.3118,8.8272,0.6939,7.2473,5.1793,0.3388,1.8559,3.3491,4.6600,3.5891,0.3743,2.0964,4.6276,4.3141,6.6259,8.8416,7.2408,9.2367,4.4575,0.6601,0
2005-08-31,3.8884,2.0840,6.6745,5.5942,-1.4020,6.8797,5.5511,4.7210,10.5646,2.8695,9.3113,6.0276,-1.2996,2.0088,3.5093,5.8829,3.9044,0.0916,2.1003,7.0733,4.9980,7.2923,11.7740,7.4145,10.9078,7.4708,1.5804,0
2005-09-30,4.2539,3.0840,5.5660,7.8975,0.5386,7.8417,5.5454,3.9680,9.0488,3.5395,7.8693,5.5492,-1.4300,1.3674,3.6925,6.5026,3.8072,-0.0192,1.1636,7.6565,5.2612,6.6541,12.6030,6.9491,9.1325,8.4483,2.9804,0
2005-10-31,4.7341,4.3834,5.2620,9.4238,2.6028,8.8361,4.4349,3.3464,6.4202,4.6704,6.6912,4.4211,0.3603,1.6398,3.7193,7.5797,4.6892,1.2194,1.6242,7.6236,5.7271,5.4666,12.7945,6.5209,6.9037,7.9809,4.7176,0
2005-11-30,5.2465,4.9480,5.4920,9.1326,4.3251,10.6041,2.9688,2.7363,4.3803,6.9423,6.5716,2.8736,2.8349,2.3226,3.7402,9.5058,5.8405,3.5725,3.3126,7.1539,6.2417,3.8854,11.8299,6.5024,5.3323,6.7571,6.2180,0
2005-12-31,5.5080,5.4494,4.8092,6.9057,4.9473,11.6764,1.3422,1.9758,4.0861,8.9023,6.8701,1.4127,5.1223,2.2632,3.7616,11.4429,6.6235,5.4650,4.2785,6.6083,7.2543,2.3501,10.0188,6.3650,4.9221,5.2997,6.9818,0
2006-01-31,5.8340,5.9569,4.4012,5.4639,5.0650,11.5503,0.2339,1.8976,5.2796,9.8898,7.5671,0.9349,6.0799,1.8265,3.0999,13.2780,7.6402,6.1740,4.0956,6.5032,8.4750,1.5860,8.8210,6.3251,5.9438,4.6518,7.6369,0
2006-02-28,6.1666,6.3012,4.0649,5.6243,5.0517,10.6180,0.0301,2.5069,6.7044,9.7289,8.8350,1.0434,5.8907,1.0644,1.2541,13.9798,8.1465,6.0240,3.8561,6.7089,8.9654,1.0930,8.8054,6.2801,7.6305,5.4795,8.3267,0
2006-03-31,6.3649,6.1889,3.7270,6.3045,5.4730,9.7554,0.9373,2.8390,7.3990,8.5697,10.3017,0.9444,5.7971,0.6713,-1.6129,13.3721,7.7269,5.8546,3.3886,6.7534,8.6581,0.7121,9.6886,5.9326,9.4015,6.3027,8.7540,0
2006-04-30,6.4415,5.1864,3.6539,7.1583,5.7649,8.4209,2.4068,2.8174,7.3910,8.0793,10.4463,0.9052,6.2924,1.2150,-3.5669,13.4417,6.9387,5.5044,3.3109,7.1968,8.4505,1.1492,11.0051,5.4734,9.8389,5.8822,9.2606,0
2006-05-31,6.7121,5.0580,4.5681,8.9010,6.6265,7.4902,3.3628,3.0582,6.4363,9.4011,9.5576,1.8176,7.8572,2.3457,-3.4525,15.1160,6.6409,5.4161,4.2618,8.6498,9.4330,1.6231,12.6191,5.1255,8.7950,6.0275,9.7144,0
2006-06-30,7.2077,6.7546,6.8303,11.3327,7.6295,7.8997,3.3389,3.7667,4.2425,11.9375,8.8636,3.3106,9.9658,3.9774,-1.7174,17.8218,6.9842,6.5496,5.3441,10.7218,11.1277,1.9203,13.7701,4.9245,6.9313,7.8460,10.2392,0
2006-07-31,7.7768,9.4421,10.0354,12.9894,8.2602,9.2431,2.6831,4.7555,1.5093,15.3851,9.6725,4.4414,11.5292,5.6322,-0.9098,20.6851,7.8903,8.4417,6.6309,12.2752,13.0075,1.6545,14.0430,4.6466,6.2397,9.8731,10.9259,0
2006-08-31,8.5669,11.4477,13.5320,13.5524,7.7063,10.9965,2.2800,5.7068,1.1860,19.1066,12.2752,5.3425,11.7009,7.1079,-0.7127,22.5537,9.2219,10.7946,8.1700,14.0511,15.6258,1.4574,13.0011,4.9047,7.1793,12.2198,12.0204,0
2006-09-30,9.2323,11.8201,16.8519,13.6207,6.7325,12.2963,2.4190,6.8150,3.5373,21.8870,15.3490,6.1953,10.2296,8.4351,-0.2641,23.0745,10.2924,12.5439,9.2411,15.5736,17.7080,1.7899,11.1145,5.4558,8.9190,14.8292,12.4825,0
2006-10-31,9.1262,11.0994,16.9139,13.4619,5.9386,12.5299,2.3851,7.6446,5.5211,22.1161,15.8894,6.2607,7.8595,8.7699,-0.0549,22.8214,9.9625,12.4690,9.2637,15.8090,18.0155,2.5321,9.2544,6.0000,9.5043,15.9922,11.6996,0
2006-11-30,8.1200,10.2153,13.3197,13.5066,5.5944,10.6414,1.9770,7.3231,5.5849,19.2565,13.0372,5.5565,5.9563,8.1929,-0.5899,21.6754,8.5920,10.7749,7.9801,14.3269,16.2178,2.9481,6.7280,5.9274,8.0317,14.2859,9.9747,0
2006-12-31,6.7806,9.2957,8.5467,13.7319,5.6121,7.6387,1.3081,6.2794,4.5328,15.4757,8.4431,4.3626,4.8933,6.9580,-1.9459,20.3169,6.8753,8.7930,6.2283,11.9005,13.5003,2.5798,4.0461,5.3788,5.3113,10.6174,8.3856,0
2007-01-31,6.3157,8.5643,6.5002,13.9899,5.7839,6.1898,0.7547,5.2292,4.2228,15.0082,6.3890,3.9318,5.4486,5.9010,-3.2464,19.7499,6.1084,7.4580,5.9626,11.6073,12.5076,2.1170,4.4740,5.2280,3.9611,9.3517,8.0760,0
2007-02-28,7.1514,7.4276,9.0754,14.9495,6.3098,7.2221,1.1339,5.2529,5.5508,18.2152,7.9578,5.2206,6.8862,6.2841,-3.1675,20.3348,7.0768,7.4343,6.9710,13.8858,14.5316,2.9484,9.1971,5.9137,5.1558,11.3777,9.0363,0
2007-03-31,8.6107,6.8550,15.2350,17.5605,6.4965,9.0794,1.6744,6.8360,8.3317,23.2158,12.4439,8.1738,7.5019,8.1581,-1.2257,22.0866,8.9829,8.2222,8.6354,17.6488,17.5260,4.6638,16.0247,7.0879,7.9974,16.0808,10.0784,0
2007-04-30,9.2675,6.5008,20.2857,20.8884,6.1809,10.3718,1.6329,8.7243,10.8734,26.8947,15.6295,10.3898,6.3904,10.1679,0.8433,22.7820,9.6712,8.4262,9.2591,19.6772,17.8205,5.6786,19.5698,7.6521,9.9132,19.9476,9.8934,0
2007-05-31,9.0200,6.1420,22.1285,23.1523,5.3811,10.3751,1.6694,9.4060,12.4695,28.1894,15.9719,10.5333,5.1370,11.2996,2.1901,22.0131,9.2806,7.6555,8.2925,18.1854,15.2831,6.0296,18.2880,7.3365,10.0251,20.9038,9.2064,0
2007-06-30,7.9879,6.1183,20.3121,23.0682,4.5480,8.9591,2.2462,8.6658,12.5357,26.9382,13.7846,8.9865,4.4510,10.5803,2.6149,19.6249,8.2044,5.6815,6.8118,14.0718,11.9389,5.4760,13.7991,6.3351,8.7435,18.6737,7.7693,0
2007-07-31,6.6894,5.6289,16.6913,20.8628,4.2812,6.9217,2.8842,7.1825,10.5945,23.1291,11.1183,7.0809,4.3262,8.4538,2.2335,16.6466,7.0530,3.7605,5.7516,10.9810,9.2659,4.2136,10.2130,5.2667,7.6199,16.0274,6.0448,0
2007-08-31,5.1433,4.2973,10.9368,15.7989,4.5915,4.3523,2.5429,5.4567,6.4946,16.0438,7.9757,5.0221,4.3273,5.4738,0.5757,13.5053,5.5839,1.6030,4.8042,8.6849,6.3607,2.6090,8.0813,4.5757,6.1663,13.0636,4.4996,0
2007-09-30,3.4384,1.8305,3.0772,8.1525,5.1431,1.9621,1.2462,3.5762,2.7549,6.9750,4.6748,2.7534,3.4173,2.4756,-1.6110,10.5000,3.9808,-0.9688,3.7256,6.1745,2.7516,0.8546,6.4652,4.0052,4.3196,9.6447,3.0247,0
2007-10-31,2.5002,0.1325,-1.9904,2.2945,5.4403,0.7821,-0.1835,2.3574,2.4362,2.1456,2.8619,1.9081,2.7081,0.8097,-2.0166,9.3058,3.1222,-2.1088,2.6078,4.2079,0.6940,-0.2698,5.0651,3.2770,3.4010,7.2929,2.2055,0
2007-11-30,2.6409,0.5097,-2.8582,-0.5252,5.2247,1.2223,-0.1997,2.6724,4.8691,3.3424,3.1027,2.5140,2.3666,0.2320,0.4365,9.7003,3.4275,-1.3235,2.2176,3.9053,1.0119,0.3600,5.8388,2.4487,3.9349,6.8517,2.0268,0
2007-12-31,3.3187,2.0574,-0.4765,-0.4054,4.7607,2.5846,1.0746,4.1863,7.0352,8.5112,4.8513,4.1063,1.7077,0.5504,5.1668,10.9155,4.3872,0.2024,2.9690,5.2317,2.3664,2.3197,8.7519,1.9533,5.4319,7.7353,1.9776,0
2008-01-31,3.1498,2.2426,1.4368,0.5710,3.5693,3.2142,1.8806,5.6476,6.4946,11.2256,5.7336,4.8154,0.2405,1.2798,7.7991,11.4142,3.8992,1.1075,3.3717,5.3344,2.2506,3.1407,9.5449,1.8161,6.2192,7.3615,1.3713,0
2008-02-29,1.8508,1.3128,1.8770,1.4669,1.8041,2.5794,1.8501,5.7497,3.7508,9.8384,4.4286,4.0921,-1.2355,1.8928,6.5819,10.1863,1.4611,1.0361,2.4039,2.7660,-0.4136,2.2510,7.3787,1.0348,5.5931,5.3996,0.1441,0
2008-03-31,0.0819,0.1422,0.7911,1.7545,0.1624,0.8874,1.0248,4.5457,0.8045,5.6734,1.5632,2.6061,-2.6127,1.7036,2.6669,7.1716,-1.5373,0.4617,0.3353,-1.3032,-4.0490,0.5568,4.1219,-0.2304,3.8927,3.2314,-1.2784,0
2008-04-30,-1.0111,-0.3631,-1.6065,0.2405,-0.4612,-0.7463,-0.7022,3.2048,-1.2878,1.9324,-0.5703,1.3317,-2.7930,0.7570,0.1793,5.7349,-2.9711,0.6190,-0.4960,-4.3090,-5.9229,-0.6293,1.9161,-0.9559,2.7302,2.0383,-2.0606,0
2008-05-31,-1.6629,-0.5280,-5.1283,-3.3466,-0.5502,-2.2322,-3.4449,1.8341,-2.4753,-0.7301,-1.9493,0.5729,-2.5004,-0.6486,-0.0658,5.9752,-2.9931,0.9886,0.3645,-5.1474,-6.4589,-0.8440,1.3413,-1.6739,1.9023,0.8367,-2.6628,0
2008-06-30,-2.2470,-0.9179,-9.0569,-7.7435,-0.7109,-3.7459,-6.5713,0.0687,-2.8777,-2.9054,-3.4668,-0.0346,-1.6776,-2.2324,0.8831,6.9894,-2.9745,0.7097,0.6358,-4.6506,-6.5149,-0.7688,1.3808,-2.7501,0.6223,-0.7511,-2.9733,0
2008-07-31,-3.1712,-1.3567,-11.7793,-10.9231,-1.2761,-5.3863,-9.5543,-2.5361,-2.6777,-5.4765,-6.1778,-1.4842,-1.3583,-3.7787,0.5738,5.5949,-4.2757,-1.4199,-0.6659,-5.4100,-7.3136,-1.6518,-1.5115,-3.8792,-1.9645,-2.9220,-3.1744,0
2008-08-31,-5.1107,-2.4310,-11.9459,-11.3548,-2.1352,-7.7556,-12.1981,-6.6246,-2.7471,-8.9596,-10.1402,-4.6041,-3.5535,-6.2867,-1.9102,0.3672,-7.8692,-5.2784,-3.4902,-8.7533,-10.0042,-4.8254,-9.6023,-5.7232,-6.5730,-6.6095,-4.1358,0
2008-09-30,-8.3796,-4.1431,-10.1933,-9.8160,-4.4748,-10.8365,-14.5432,-12.1342,-4.2983,-13.5949,-15.2100,-9.0993,-7.5183,-10.3784,-6.5522,-7.4177,-13.6981,-9.7776,-7.8002,-13.9613,-14.8972,-9.9003,-21.3489,-8.4612,-12.7333,-11.8420,-6.4709,0
2008-10-31,-12.6420,-7.2596,-11.4842,-10.6710,-9.1071,-14.6376,-16.3259,-18.1170,-8.3762,-19.7409,-21.2023,-14.4911,-12.2975,-15.8641,-12.3924,-15.8277,-20.6387,-14.1074,-12.8828,-19.7950,-21.7753,-14.1369,-31.5933,-11.0135,-18.4065,-17.8282,-9.7795,1
2008-11-30,-17.2390,-11.3519,-16.8930,-15.8843,-14.7628,-18.5204,-17.2167,-23.7178,-13.4210,-27.4925,-28.0570,-19.5087,-17.2930,-21.7263,-19.0814,-24.1792,-27.7649,-18.2601,-18.0941,-25.6949,-29.4889,-16.5617,-38.8085,-13.3315,-22.2759,-24.5070,-13.8056,1
2008-12-31,-21.3625,-15.5118,-25.2634,-24.2759,-19.4428,-22.3753,-17.1772,-28.0028,-17.3181,-36.2521,-34.9955,-23.9036,-20.9719,-26.9060,-25.2928,-32.1146,-33.4834,-22.1187,-22.9473,-31.7958,-35.9385,-17.6643,-42.9225,-15.5214,-23.5752,-32.0487,-18.3090,1
2009-01-31,-24.4864,-18.9902,-32.4964,-31.3260,-22.3018,-26.5549,-17.1053,-30.2053,-19.0390,-43.6030,-39.7524,-27.0428,-22.9284,-30.9239,-27.7865,-39.0303,-36.6313,-26.1595,-26.6601,-36.6156,-40.6003,-18.0200,-45.0506,-17.4046,-23.2234,-38.9907,-22.9219,1
2009-02-28,-25.8687,-21.1358,-36.2955,-35.1833,-23.3689,-29.6000,-17.5837,-29.0130,-18.6745,-47.8014,-40.0854,-28.8900,-22.8100,-33.1558,-25.4385,-42.9014,-36.9850,-29.1770,-28.3437,-38.3334,-42.3772,-17.2891,-43.3356,-18.1101,-21.1812,-43.9998,-26.1269,1
2009-03-31,-25.6664,-22.4121,-36.0940,-35.8040,-23.0184,-30.3542,-17.9306,-25.2542,-17.6854,-48.1994,-36.8382,-29.0533,-21.2689,-33.8560,-19.5554,-42.7741,-35.3130,-29.9396,-27.8948,-36.9366,-41.0912,-15.1384,-38.2906,-18.2139,-17.6646,-47.1477,-27.5056,1
2009-04-30,-24.7402,-23.1868,-33.5689,-34.2639,-21.6809,-29.7548,-17.0840,-22.6576,-16.6345,-46.6305,-32.8528,-28.1864,-19.9469,-34.7391,-15.5386,-41.5778,-33.2509,-29.6155,-27.3419,-33.8973,-38.8473,-12.6591,-33.4973,-18.3181,-14.4425,-47.2540,-27.4692,1
2009-05-31,-23.3564,-24.2974,-28.6281,-30.2225,-19.6176,-27.7554,-14.7936,-20.4069,-15.5076,-43.2326,-28.2959,-26.4584,-19.3371,-34.8499,-14.2376,-38.8997,-31.4971,-27.9440,-27.4028,-29.8344,-35.7105,-10.4691,-28.3971,-17.6064,-11.9078,-42.3313,-27.0264,1
2009-06-30,-21.4590,-25.9384,-21.4801,-24.0059,-17.6011,-24.3368,-11.5592,-17.0975,-14.0112,-37.7227,-22.7387,-23.7297,-19.2511,-31.9022,-13.5779,-33.8211,-28.7606,-24.3834,-25.8173,-24.8391,-32.0545,-7.9137,-21.8777,-15.7304,-9.2035,-33.7176,-26.7964,1
2009-07-31,-18.3190,-24.6796,-14.8619,-17.6147,-15.2865,-19.5650,-8.1722,-12.9939,-11.7109,-31.8570,-16.6225,-19.3654,-17.5450,-26.3480,-11.0359,-26.9911,-24.0436,-18.8765,-21.3011,-18.8911,-27.4894,-4.3013,-14.0685,-13.0215,-4.9164,-26.7589,-24.8832,1
2009-08-31,-14.3240,-20.9527,-9.9925,-11.7519,-12.7996,-13.9410,-5.1523,-8.2552,-8.4555,-25.5896,-10.7921,-13.8168,-13.7676,-19.3419,-6.5492,-18.8846,-17.4379,-12.3477,-15.7519,-11.8064,-21.3945,-0.0657,-5.0032,-10.0105,0.6643,-22.3014,-21.9078,1
2009-09-30,-9.5426,-15.9372,-5.7215,-6.1756,-9.2994,-8.2817,-2.5735,-2.4336,-4.8657,-18.4838,-4.9352,-7.7599,-8.5940,-12.0507,-0.5473,-10.1467,-9.0113,-5.8154,-10.0310,-3.8263,-13.0886,4.4926,4.7535,-6.5666,6.8850,-18.5546,-17.8008,1
2009-10-31,-4.0974,-10.7037,1.6521,-0.3046,-4.3586,-2.8194,0.0155,4.7447,-0.7610,-10.3010,2.7127,-0.5619,-2.2516,-5.2236,7.1085,-1.2143,-0.6061,-0.1506,-3.7365,3.3585,-3.4676,8.4668,13.9793,-3.0346,13.2743,-12.4293,-12.6395,0
2009-11-30,1.3753,-6.2620,12.0395,6.0003,0.1249,2.0986,2.1608,11.7058,2.9846,-0.6679,12.4046,6.1308,4.3325,1.1559,15.6880,7.5650,6.4314,4.1793,3.1913,9.3251,5.7459,10.6973,20.5325,0.2746,17.5439,-3.2611,-5.9768,0
2009-12-31,6.4892,-2.4365,23.2644,12.4405,3.9376,7.1214,3.3491,16.6883,6.3695,9.9680,22.1202,11.5283,9.8160,7.3828,23.1413,15.6233,12.1456,8.0122,9.8291,14.7180,13.1054,11.2872,23.6520,3.7105,18.3982,8.4921,1.4798,0
2010-01-31,11.1438,1.7413,30.3109,17.9955,8.4245,12.5598,5.0554,18.8844,8.8655,18.9993,27.8438,15.4754,14.5424,13.4130,26.8568,22.9667,17.4531,13.0625,15.6283,19.0763,19.7568,11.3074,25.7033,7.1309,17.7092,18.9756,8.3822,0
2010-02-28,13.9954,5.4645,29.9893,21.0912,12.5845,16.8073,7.3349,17.5266,9.7218,24.4230,27.1151,16.9978,17.4035,17.1435,26.1892,27.7953,21.2329,17.2408,19.1218,20.5700,24.5383,10.0107,23.3112,9.6729,14.8133,25.0028,12.5534,0
2010-03-31,14.9248,9.0443,23.5509,21.1148,15.1857,18.5567,8.9581,13.5026,9.2597,24.9694,21.0239,15.8761,18.4428,18.5992,22.0000,28.7740,22.7298,19.2320,20.2372,18.6472,26.6572,7.2154,15.9492,11.4039,9.6960,26.1669,14.6328,0
2010-04-30,15.0316,12.3775,18.6534,19.7025,14.9847,18.9815,9.4095,10.5624,8.2437,24.0325,15.7547,14.4525,18.7555,20.2747,19.0321,27.9716,23.2583,20.5434,20.5045,16.4991,28.0725,4.3855,9.6216,12.8268,5.5383,24.4000,15.9790,0
2010-05-31,14.9009,15.5851,16.0273,16.9327,12.8704,18.5200,9.5349,9.4935,7.2983,22.5932,13.1554,13.4843,19.0626,21.3745,17.4871,25.4080,23.1901,20.7276,20.5782,14.3631,28.3164,1.9423,5.2144,13.4102,3.8984,20.5852,17.5844,0
2010-06-30,14.9798,18.8813,14.8823,13.0725,11.5025,17.0445,9.3871,9.2764,7.1428,20.4079,12.7183,12.6736,19.1044,20.2950,16.2714,21.2599,22.1721,19.4302,20.0145,12.1798,27.8371,-0.0758,2.0660,13.0492,4.0926,16.6549,20.1207,0
2010-07-31,14.1405,19.1529,12.6724,9.4057,10.8941,14.1437,8.2524,9.0313,6.8486,18.1405,12.3699,10.8862,18.3034,17.2501,15.3003,17.9203,19.7015,17.1281,17.8141,10.2452,26.4837,-1.6633,0.2255,11.5348,3.5214,13.5799,20.7011,0
2010-08-31,13.1891,17.5568,9.1451,5.9206,10.7060,10.9835,7.8267,9.4763,6.0770,16.0857,12.6316,9.0582,17.7945,14.5533,14.8235,16.4433,17.3376,15.3342,15.6198,8.5448,24.2452,-1.7278,0.7696,10.2020,2.5350,11.5642,20.4044,0
2010-09-30,12.4300,15.2498,4.6049,2.7154,10.5562,8.5797,9.0339,9.9849,5.2656,14.4768,12.9631,7.9779,17.5281,13.2157,14.3222,15.4495,15.7282,14.3011,14.1732,7.3526,21.8335,-0.1480,3.6723,9.3865,2.0921,10.1750,19.4739,0
2010-10-31,11.2025,12.9649,1.0761,0.8732,10.1523,7.2380,10.3155,8.9136,3.8296,13.4382,10.9866,6.9969,15.8937,12.7180,12.1000,12.5184,14.5325,12.9269,12.1828,7.4243,19.1810,1.2030,6.5751,8.3264,1.5912,8.7226,17.2510,0
2010-11-30,9.7483,11.3374,-0.1965,2.0225,9.7619,6.9656,10.6304,6.8426,2.8437,13.2361,6.3108,6.3464,13.7568,12.8575,8.2415,8.4675,14.4386,10.7991,10.3874,7.6344,16.7457,1.8423,9.3750,7.3234,1.6735,8.0781,13.6671,0
2010-12-31,8.5560,11.2415,0.2468,5.5177,9.6201,7.0967,10.3831,4.5276,2.3148,13.0844,0.5494,6.2671,11.5057,13.0528,3.7980,4.7187,14.9637,8.7611,8.4801,7.9118,14.9720,1.9165,11.9365,6.7914,2.3724,7.6107,10.2872,0
2011-01-31,7.7828,12.2553,0.8444,7.5479,8.8622,6.8371,9.9018,2.9699,2.9216,11.6200,-2.8536,6.0719,8.9874,12.5253,0.5382,2.5603,14.7823,6.5045,6.4916,7.5595,12.8730,1.7415,13.4515,7.5302,2.8606,5.9398,8.4204,0
2011-02-28,7.4648,13.3489,1.7400,7.5043,7.9286,6.1563,9.7310,2.5081,4.1482,9.4774,-2.9932,5.9958,5.0093,11.5603,-1.8642,3.5010,13.3611,5.0202,5.3993,6.8129,10.9425,2.1161,13.5711,8.6277,3.0220,3.8013,8.4032,0
2011-03-31,7.3912,13.5191,2.8749,6.3648,7.3011,5.4472,10.0443,3.2205,5.4146,8.4283,-1.0046,5.6274,1.8271,10.3852,-3.6242,7.0571,11.1064,4.0963,4.8257,6.5277,9.4574,3.0964,12.9648,9.1225,2.7721,2.2838,9.1143,0
2011-04-30,6.8845,11.6025,3.2624,6.1860,7.2148,4.8973,10.2520,3.7312,6.4110,8.6390,0.2084,4.6226,0.2768,8.6784,-4.7929,8.3514,7.6661,1.9555,4.1052,5.6130,7.6290,3.8651,12.0903,7.9495,1.4896,1.0109,9.3358,0
2011-05-31,5.2371,7.8683,3.0507,6.9884,6.3496,4.1498,8.2140,2.7047,6.7000,8.6788,-0.2562,3.1893,-0.9760,6.6480,-4.7561,6.5528,3.9193,-0.7937,2.9018,4.5836,5.4796,3.3267,10.1270,5.2198,-0.6123,-1.1606,7.6591,0
2011-06-30,2.8089,4.1652,1.8562,7.4429,4.5726,3.2618,4.7376,0.4169,5.9122,7.3802,-2.4621,2.0329,-2.6872,5.1681,-4.4811,2.1766,0.2318,-3.4803,1.0417,3.8550,3.7182,2.0157,7.0162,2.0194,-2.7311,-4.4156,4.4801,0
2011-07-31,0.6220,1.3492,0.0150,5.6241,2.7338,2.0567,1.5923,-1.8868,4.9455,3.7656,-5.4532,1.2134,-4.6122,4.8027,-5.3559,-2.4067,-2.4709,-5.1193,-0.9792,1.8860,1.8500,0.2559,4.3977,-0.1045,-4.2144,-5.8414,1.5204,0
2011-08-31,-1.1767,-1.4522,-2.4907,1.5334,0.9633,0.5200,-1.2024,-3.3019,4.2942,-1.7212,-7.9460,1.3495,-6.4134,5.4960,-6.5883,-5.4418,-4.6668,-5.3661,-2.9657,-1.3882,-0.2092,-1.1070,2.3044,-1.3725,-4.6292,-4.0946,-1.1180,0
2011-09-30,-2.6072,-3.3927,-5.0383,-3.3983,-1.0838,-0.9334,-3.9581,-3.9137,3.8055,-7.7273,-9.3107,2.4525,-8.1061,6.6242,-7.3178,-6.1444,-6.9959,-5.1273,-4.0177,-5.2194,-2.4552,-1.9119,0.3718,-2.1796,-4.5934,0.0439,-3.2507,0
2011-10-31,-3.9609,-4.8369,-6.6482,-6.9633,-3.1512,-2.5776,-6.5617,-5.0159,2.8005,-11.4923,-9.8497,2.5412,-9.1023,6.2147,-6.5419,-6.1116,-9.7005,-5.4046,-4.2407,-8.6584,-4.9553,-3.0135,-1.7741,-3.3446,-5.9212,2.6785,-4.4809,0
2011-11-30,-4.8113,-5.2016,-7.0537,-8.1492,-3.4998,-5.0453,-8.8062,-6.1735,2.6495,-12.6287,-9.1816,1.3175,-9.8498,3.7642,-4.3347,-5.4044,-11.8483,-5.4008,-4.5483,-10.0937,-7.0720,-3.8618,-3.7849,-4.7885,-8.6063,1.9878,-4.6495,0
2011-12-31,-5.3861,-5.3270,-6.6205,-7.4364,-3.0642,-7.9378,-11.0536,-6.9871,3.1809,-12.0033,-7.8707,-1.1323,-9.7103,-0.1340,-1.4807,-3.6100,-13.5816,-5.6653,-4.3202,-9.9199,-8.7346,-3.8555,-5.1943,-5.9363,-11.7439,-1.0865,-4.6800,0
2012-01-31,-6.1374,-5.9794,-6.4612,-6.7499,-3.2064,-10.6107,-13.8525,-7.7367,3.8345,-11.1633,-7.6466,-3.4521,-9.0329,-3.4516,-0.1115,-2.4222,-15.0794,-6.4295,-4.3586,-9.3546,-10.1586,-3.6753,-6.6092,-6.7372,-13.7275,-3.3676,-5.5094,0
2012-02-29,-7.0483,-6.6638,-6.7502,-5.8106,-4.5838,-12.1418,-16.1121,-7.7276,3.0726,-11.4198,-8.0964,-4.6435,-7.1370,-5.3180,-0.3013,-3.2647,-15.7893,-7.7883,-5.2194,-8.5162,-11.5354,-4.1697,-7.2131,-7.4187,-14.1609,-3.4513,-6.9839,0
2012-03-31,-7.8499,-7.8580,-7.5615,-4.6355,-6.4720,-12.3862,-17.0905,-7.2394,1.7610,-12.8670,-8.2037,-4.7296,-5.3174,-6.1596,-0.8677,-5.9996,-15.7021,-8.7928,-6.2309,-8.4929,-12.6643,-5.1555,-6.3174,-8.1723,-12.7339,-1.6472,-8.4837,0
2012-04-30,-8.4002,-8.9946,-8.1077,-4.8340,-8.1857,-11.9144,-17.3425,-6.7643,0.1921,-14.3558,-7.3112,-4.6497,-4.4752,-6.8279,-0.9354,-8.4850,-15.0259,-8.3629,-7.1826,-8.7341,-13.0432,-5.3927,-4.1092,-8.4729,-10.0143,-0.3244,-9.7715,0
2012-05-31,-7.3390,-7.3930,-7.5142,-6.8983,-7.9413,-10.1383,-15.0682,-4.8326,-0.8737,-14.6097,-4.3529,-3.8720,-3.4170,-6.5650,0.3564,-9.0141,-12.9224,-6.6928,-6.9107,-7.0783,-11.2201,-3.7503,0.7774,-7.2700,-5.7017,-0.1142,-8.9738,0
2012-06-30,-5.1404,-5.3677,-6.0084,-9.7228,-6.0069,-7.0515,-11.4479,-1.6182,-1.0006,-13.3167,-0.2389,-2.8015,-1.3508,-6.0367,3.4713,-7.2514,-9.8901,-4.1084,-5.3376,-4.0454,-8.1770,-1.1408,6.8990,-5.1692,-0.9905,-0.4839,-6.5575,0
2012-07-31,-3.4148,-3.8308,-4.3985,-10.7708,-3.9380,-3.8186,-8.5252,0.7996,-0.9253,-10.5554,2.1066,-1.8844,0.5752,-6.1196,7.1577,-5.4191,-7.8664,-2.3306,-4.0156,-2.1673,-5.8974,1.0154,9.4141,-3.5635,1.4005,-1.7787,-4.6778,0
2012-08-31,-2.5146,-1.8845,-3.0547,-9.7865,-2.4304,-1.7033,-6.0131,1.7552,-1.0246,-7.1276,1.6183,-1.5893,1.5628,-7.0041,10.2785,-4.1233,-6.6734,-2.4950,-3.2263,-1.6612,-4.3064,1.7779,9.0386,-2.5597,0.8044,-3.6627,-3.8580,0
2012-09-30,-2.3403,-1.2143,-1.9489,-7.8553,-1.7451,-1.2168,-3.5737,1.9398,-1.3105,-4.3473,-0.5013,-2.1618,1.8971,-8.1579,12.1686,-3.3602,-6.2346,-3.2310,-3.4240,-2.3374,-3.4174,1.3622,7.5861,-1.9681,-1.6906,-5.2989,-3.6828,0
2012-10-31,-2.2789,-1.5426,-0.8564,-6.2337,-2.0986,-1.4926,-2.0601,2.1493,-1.7472,-3.5727,-0.8391,-3.0969,1.8855,-8.4540,11.8653,-2.8854,-4.8672,-3.0489,-4.0180,-2.6151,-2.5802,1.4751,6.6884,-1.5638,-2.8171,-6.0124,-3.5097,0
2012-11-30,-2.1156,-2.2772,-0.3470,-5.3357,-3.2897,-0.8968,-1.2450,2.0779,-2.6914,-4.0667,1.4989,-3.6640,1.6558,-7.8597,9.2456,-4.1078,-3.1958,-2.1496,-4.8825,-1.8373,-2.3432,1.8871,8.0434,-1.0584,-1.3744,-5.4824,-2.9533,0
2012-12-31,-1.7121,-2.9040,-0.3969,-5.0121,-4.6755,0.6523,-0.6104,2.5442,-3.5721,-4.0844,5.5880,-3.3507,1.3089,-6.5412,5.3703,-6.9706,-1.5589,-1.1433,-5.2459,-0.3732,-2.9144,2.2216,11.2728,-0.8138,2.3645,-4.3009,-1.8924,0
2013-01-31,-1.0499,-2.3116,-0.3236,-4.3010,-5.3339,1.7316,0.6606,3.8939,-4.6836,-3.0652,8.4611,-2.1373,1.3654,-4.7355,4.7290,-8.7146,0.2350,-0.2525,-4.3302,0.8157,-2.8188,2.9739,13.9072,-1.0317,5.6065,-4.0418,-0.6090,0
2013-02-28,-0.2305,-1.3042,-0.5216,-3.0025,-4.5739,2.1723,2.0961,4.9767,-4.8131,-1.4923,8.4248,-1.0631,1.7494,-3.3177,7.7398,-7.8054,2.7536,0.8192,-2.3192,0.4547,-1.7393,4.3900,15.0405,-1.4459,6.7727,-4.7769,0.3827,0
2013-03-31,0.2865,-0.3697,-0.9455,-1.1826,-3.2449,2.2458,3.2730,5.1989,-5.0555,-0.0468,5.7161,-0.5288,2.2778,-2.7215,12.3380,-4.1971,5.0590,1.8659,-0.3898,-0.5584,-0.0557,5.6261,14.3660,-1.7714,5.8600,-6.4420,0.6484,0
2013-04-30,0.5026,0.3398,-1.1636,0.3149,-1.9695,2.5031,4.4085,5.6036,-5.2088,0.5647,3.0860,0.2925,2.0366,-2.5512,14.6968,-0.6479,6.5935,2.0824,1.0852,-0.9081,1.3764,5.5690,11.6455,-2.1295,4.4902,-6.9684,0.2768,0
2013-05-31,0.3381,0.6376,-1.9688,1.0408,-1.3682,2.8137,5.1495,5.4132,-4.7746,-0.0328,0.8012,1.3169,0.8740,-2.2097,13.1517,0.1114,6.2157,1.0951,1.7699,-1.5713,1.2996,4.4820,6.9844,-1.7301,1.8654,-6.0099,-0.3901,0
2013-06-30,0.0120,0.6004,-2.7487,0.7339,-1.2340,2.5727,5.4296,4.8204,-4.2699,-1.2448,-1.0937,2.5518,-0.6314,-1.0405,8.8966,-1.4346,5.3639,-0.3199,2.1182,-2.4228,-0.1915,2.8286,2.6065,-0.7819,-1.5581,-3.3846,-1.0499,0
2013-07-31,-0.0071,0.1146,-1.3056,0.1183,-1.2835,1.8912,5.2275,4.7918,-3.6255,-2.0349,-1.3242,3.4074,-1.6498,0.6810,6.0290,-2.1365,5.5466,-1.8192,2.5821,-1.8384,-0.9457,2.1308,1.6341,0.1699,-3.5153,-0.7504,-1.2627,0
2013-08-31,0.5312,-0.1628,2.8696,0.2955,-1.3826,1.4002,4.2162,4.9483,-2.4184,-1.9633,0.6285,2.9909,-1.0704,2.2640,4.7810,-1.1941,7.0684,-2.6405,3.1766,0.0121,-0.9967,2.2490,3.6060,0.9938,-3.0885,0.6863,-0.4223,0
2013-09-30,1.2177,-0.4319,7.5492,1.8433,-1.0181,1.4258,2.4883,4.9759,-0.7523,-1.0326,3.9603,1.9414,0.5863,2.7417,4.0756,1.0558,8.4003,-3.2787,3.7966,2.4173,-0.9072,2.7278,6.5453,1.4937,-0.9518,1.1406,0.4356,0
2013-10-31,1.8356,0.5051,9.2725,3.8670,0.1254,1.8318,1.4202,4.3046,1.5181,1.2240,5.0824,2.1428,2.1843,2.5957,2.6476,3.0458,7.9351,-3.6030,4.4521,3.3118,-0.5203,3.1044,7.4265,2.2812,-0.3062,1.3602,0.8095,0
2013-11-30,1.9071,1.2084,7.5070,5.4246,1.7583,2.3174,1.5492,2.7152,2.3116,4.3051,2.8425,3.2372,2.8277,2.1095,-0.1199,5.5994,5.7893,-3.5206,5.5847,2.3296,0.2585,3.2575,4.4293,2.5134,-2.1095,1.9562,0.3758,0
2013-12-31,1.7574,1.3855,4.0226,5.9552,3.2419,2.6301,2.7928,1.0162,1.6248,6.7451,-1.6729,4.5989,2.6976,1.9093,-2.9544,8.5135,3.8793,-3.5121,6.3881,0.7730,1.0677,2.8299,-1.7445,3.0518,-5.3613,3.1512,0.0160,0
2014-01-31,1.6826,1.0965,2.4463,5.7785,3.8477,2.5817,3.7508,0.9872,0.8507,7.2321,-4.3320,5.3245,2.5805,2.1538,-4.3513,9.3056,2.6680,-3.3987,5.7535,-0.5783,1.4585,1.4755,-7.5363,3.9025,-7.2187,4.7341,0.2537,0
2014-02-28,1.5890,1.1146,2.8878,4.4402,3.3314,2.2104,3.8894,1.4351,0.5040,6.0322,-3.5868,5.0299,2.2367,2.4063,-3.3667,6.7421,1.6954,-3.4619,3.5939,-0.9547,1.1245,-0.1396,-11.2418,4.7248,-6.6611,5.6201,0.7021,0
2014-03-31,1.4324,1.8301,4.4600,2.0081,2.5194,1.6431,3.5635,1.4820,0.6610,3.6249,-0.3116,4.4076,0.8914,2.6887,-0.8944,1.6024,0.8886,-4.3983,1.3955,-1.1636,0.1544,-1.2479,-12.4460,5.2830,-4.3424,5.1236,0.7834,0
2014-04-30,1.3913,2.5191,5.2462,-0.5899,2.1404,1.0931,2.8260,0.7067,1.1640,1.0318,1.7480,3.8673,-0.3806,2.7644,0.5026,-2.9530,0.8249,-5.5725,0.2062,-1.0432,0.4004,-1.3838,-11.7669,5.7234,-2.6853,4.0244,0.9021,0
2014-05-31,1.1267,1.3372,5.1793,-2.3804,1.9892,0.6004,1.7296,-0.4539,0.8783,-0.9864,1.9672,3.1360,-0.4383,2.5425,0.3265,-5.6900,1.4378,-6.6055,-0.2205,-1.0025,1.3100,-1.0442,-9.4426,4.7710,-1.6248,2.5961,0.9557,0
2014-06-30,0.6812,-0.3221,4.4394,-2.0661,1.6014,0.1679,0.3503,-1.4946,0.4276,-1.6047,0.9919,2.1262,-0.0415,2.0627,-0.7837,-6.3340,1.8624,-7.1570,-0.2956,-1.0221,2.1295,-0.1565,-6.5130,3.0945,-0.4087,0.2286,0.7732,0
2014-07-31,0.5879,-0.4994,3.7791,0.4960,0.9072,0.2687,-0.5115,-1.6146,0.6283,-0.5894,0.1107,1.1550,0.3748,1.9482,-0.7530,-5.7834,1.5301,-6.4725,0.1517,-0.2245,2.2524,0.4233,-4.4990,1.8754,1.5368,-0.9651,1.0216,0
2014-08-31,0.6966,-0.5792,4.0369,4.7784,0.9474,1.2711,-0.4333,-0.3690,1.3974,2.2582,0.2770,0.5989,0.5358,2.1261,1.6796,-3.5763,0.3087,-4.7634,0.8207,1.3157,2.4345,0.8247,-3.7050,0.8619,4.3656,-0.6083,0.5905,0
2014-09-30,1.0938,-0.7990,5.3201,8.6040,1.5639,2.9678,0.2835,1.1600,2.5951,6.2022,1.4000,0.4010,0.6913,2.6769,6.6214,-0.2172,0.1820,-2.5326,1.6022,2.9582,3.5573,1.0115,-3.4979,0.3569,6.9716,0.2725,-0.0480,0
2014-10-31,1.3476,-0.8936,4.6925,8.1066,1.9529,4.0738,0.2214,2.1216,3.3961,7.1763,1.4885,-0.3569,0.4103,2.6490,12.9996,0.4410,0.9132,-1.2173,2.0156,4.1727,3.7878,0.6256,-4.2219,0.1730,7.9119,0.5129,-0.0726,0
2014-11-30,0.9202,-0.6359,1.5416,2.3104,1.0861,3.2477,-1.2448,2.2207,2.5332,4.0090,-0.5728,-1.5143,0.5366,1.7159,20.6930,-2.9842,1.3321,-1.6621,1.2687,4.0800,2.2115,-0.4514,-6.1017,0.1235,6.0882,-0.3592,0.2815,0
2014-12-31,-0.5068,-0.8020,-3.2453,-6.5750,-0.5427,0.8587,-3.4654,1.1373,0.8289,-1.6619,-4.1361,-3.2736,0.2729,-0.0249,28.2592,-8.7624,0.2375,-2.9291,-0.4963,2.1270,-0.0923,-2.2469,-8.4787,-0.7646,2.0843,-1.7954,-0.5651,0
2015-01-31,-2.2551,-1.2037,-6.7501,-12.6838,-1.8749,-0.7690,-4.7465,-1.1534,-1.3042,-6.0886,-7.0692,-5.4165,-0.7954,-2.4182,32.8977,-12.8286,-2.2433,-4.2367,-2.2387,0.0840,-2.6417,-3.3220,-9.6319,-2.5595,-0.7347,-3.8811,-2.3963,0
2015-02-28,-3.7958,-3.0199,-7.4972,-13.4076,-2.9652,-1.2851,-4.4614,-3.3932,-2.9660,-7.9912,-8.4428,-7.3027,-2.0324,-4.4857,32.8959,-12.8953,-4.7913,-5.3599,-3.6109,-1.4101,-4.6792,-3.3480,-9.1028,-4.6685,-1.5057,-5.8900,-4.4902,0
2015-03-31,-4.5755,-5.3179,-6.3299,-9.9496,-3.7846,-1.2007,-3.5336,-4.2887,-3.3697,-7.2064,-8.6740,-8.7220,-1.8250,-5.9043,29.3017,-9.7108,-6.3252,-5.6556,-4.5752,-1.8025,-5.8521,-2.6632,-8.0910,-6.0722,-0.6811,-6.9265,-5.7607,0
2015-04-30,-4.7535,-6.8011,-5.9367,-6.6771,-4.5142,-1.6972,-2.4740,-4.1972,-2.8986,-6.4327,-8.9311,-9.2020,-1.3025,-5.3836,26.9902,-7.2627,-7.4104,-5.5729,-5.1654,-2.2303,-7.4304,-2.0072,-7.9958,-6.4602,0.1410,-7.7099,-5.7416,0
2015-05-31,-4.4283,-6.8181,-6.2895,-4.6004,-4.9343,-2.3562,-1.3481,-3.3045,-2.1534,-5.5859,-9.7393,-8.6231,-1.5907,-3.9200,26.9044,-5.0842,-7.4490,-4.9335,-5.3031,-2.4533,-8.8614,-1.1644,-8.2122,-5.4052,0.2681,-7.4920,-5.1202,0
2015-06-30,-3.9044,-5.6569,-6.7905,-4.3858,-4.9619,-2.6294,0.0961,-2.2852,-1.9072,-4.8217,-10.8659,-7.6964,-1.9578,-3.1231,27.5787,-3.2035,-6.4415,-3.8401,-5.5225,-2.7203,-8.9431,-0.4070,-8.4859,-3.5118,-0.4688,-6.3906,-4.6967,0
2015-07-31,-3.8724,-4.5848,-8.0557,-6.4864,-4.6610,-3.1849,1.7424,-2.5211,-2.9897,-5.8833,-11.8702,-7.5128,-2.6833,-4.3350,26.2207,-3.3198,-5.6307,-2.1809,-6.0858,-4.2854,-8.5659,-0.6225,-9.3744,-2.2722,-2.1231,-7.1205,-4.7217,0
2015-08-31,-4.4108,-3.5367,-10.8599,-10.9555,-5.1560,-4.1854,2.6209,-3.7794,-4.7517,-8.8117,-12.6732,-7.6942,-3.7590,-6.5471,21.4454,-5.3299,-5.7727,-0.8696,-6.4589,-6.5686,-9.0079,-1.5025,-9.5765,-1.6453,-4.6447,-9.7233,-4.8937,0
2015-09-30,-4.9495,-2.1524,-14.0230,-15.7679,-5.9739,-5.7404,3.5510,-5.1703,-6.4066,-11.8202,-12.9857,-7.6779,-4.8031,-8.6977,13.3086,-8.7386,-6.3747,-0.9611,-6.7671,-8.2632,-10.2430,-2.1782,-8.4300,-0.4764,-6.9911,-13.0102,-4.8791,0
2015-10-31,-4.9988,-2.0563,-13.2640,-16.2697,-6.3026,-6.6806,5.5813,-6.0854,-6.7478,-11.9928,-10.5302,-6.8975,-4.0188,-9.6922,5.0916,-10.2962,-6.6477,-1.3705,-7.1716,-8.1040,-10.4329,-2.1703,-6.6688,0.1499,-7.1331,-13.6372,-5.1835,0
2015-11-30,-4.0074,-2.7883,-7.0844,-11.1326,-5.7245,-5.9264,7.4256,-5.8525,-5.0541,-8.3558,-3.4692,-4.9239,-2.8299,-8.9157,-3.7497,-8.3312,-5.2592,-0.8184,-6.8639,-5.8635,-8.8094,-1.1797,-4.0617,0.4027,-4.0283,-9.9194,-4.9374,0
2015-12-31,-2.0319,-2.7374,1.9350,-2.6268,-4.1798,-3.6710,7.6511,-4.3260,-2.4114,-2.7251,6.3911,-2.0534,-1.4650,-6.8422,-12.8979,-3.9222,-2.6111,0.6523,-5.2730,-2.2144,-5.6119,0.4881,-0.8335,0.6565,0.9712,-3.7131,-3.3399,0
2016-01-31,-0.5269,-2.5078,6.7905,2.6237,-3.0440,-1.9075,5.8354,-2.3931,0.1200,0.3132,11.9533,-0.4974,-0.9110,-5.0480,-19.6014,-0.1851,-0.1343,1.8226,-3.0955,-0.1472,-1.8648,1.2057,1.3096,1.2400,4.0289,-0.1803,-1.7514,0
2016-02-29,-0.0287,-1.5515,6.5491,3.2163,-2.1893,-2.3042,2.6119,-1.4862,1.7034,0.0093,10.0969,-1.0103,-0.6375,-4.6546,-23.4876,1.7052,1.2929,1.5891,-1.6130,-0.6323,0.3730,0.7278,2.1495,2.4827,3.6365,-1.3367,-0.8067,0
2016-03-31,-0.5869,-0.4037,2.5750,0.2821,-1.9289,-4.3588,-0.0221,-2.3804,1.8451,-2.8934,2.6174,-3.1823,-1.6354,-5.8190,-25.2169,1.8451,1.5649,-0.2641,-1.2180,-2.7182,0.8129,-0.5170,2.3058,3.1408,0.2355,-6.1780,-0.4800,0
2016-04-30,-1.1259,0.6800,-1.0683,-2.9855,-1.4077,-5.3416,-0.2785,-3.0108,1.5197,-4.8374,-2.6792,-4.7954,-1.7422,-8.2407,-26.2330,1.2843,1.7087,-1.8427,-0.8462,-3.6834,1.1987,-1.8696,2.5274,3.1268,-2.8085,-10.1674,-0.9876,0
2016-05-31,-1.2508,1.5809,-3.1556,-5.9826,-0.5072,-5.6883,1.3693,-2.9888,1.0663,-5.7154,-3.8847,-5.4083,-0.6223,-10.3429,-26.7479,-0.9967,1.8809,-2.0375,-0.1232,-3.5174,2.5143,-2.9344,2.4587,2.3039,-4.7386,-11.8667,-1.4998,0
2016-06-30,-0.9310,2.6093,-3.7751,-8.2124,0.4758,-5.4360,3.1559,-2.5766,0.6728,-6.0188,-2.4393,-4.9864,1.4367,-10.5662,-26.5052,-4.4158,2.1620,-1.1212,0.9313,-2.6433,3.9594,-3.9262,2.0045,1.1850,-5.9536,-11.4140,-1.3718,0
2016-07-31,-0.7781,2.7527,-2.7907,-8.0954,0.7286,-4.6334,4.3370,-2.3572,0.0455,-5.4165,-1.6160,-4.0341,3.8814,-9.1519,-26.1057,-4.9727,2.1442,-0.9684,0.5647,-1.8974,4.1220,-4.4521,1.6720,-0.1991,-7.1863,-9.4081,-1.2943,0
2016-08-31,-0.5283,1.7546,0.1659,-4.0786,0.8674,-3.4854,4.5658,-1.9488,-0.0741,-3.3898,-1.4878,-3.1065,5.7219,-6.5784,-24.5601,-0.7377,2.1414,-1.5895,-1.2238,-0.9916,3.8814,-4.6428,1.9527,-0.8029,-7.2396,-5.9541,-1.0371,0
2016-09-30,-0.0925,0.9051,3.6797,2.4897,0.7596,-1.4329,3.7258,-1.0689,0.4872,-1.0799,-1.8318,-2.3550,6.2958,-3.6546,-21.3476,6.5031,2.0552,-1.5615,-2.2737,-0.4211,4.1941,-4.8353,2.8524,-1.2269,-5.7430,-1.3244,-0.4477,0
2016-10-31,0.2434,0.6612,3.2648,5.1660,0.1908,0.5453,2.3464,-0.2774,1.2650,-0.2314,-2.7514,-1.6450,4.6588,-1.2563,-17.4242,10.2638,1.8116,-1.0283,-1.3825,-0.4642,5.0068,-4.9763,4.1737,-1.7005,-3.9605,0.8313,0.5989,0
2016-11-30,0.5360,0.9306,-1.8541,2.7839,-0.0869,1.9396,1.7879,0.9978,2.0251,-1.0755,-3.3051,-1.3497,2.5384,-0.2781,-11.8033,8.7519,1.6088,-0.6733,0.4052,-0.1733,6.4458,-5.0887,5.7678,-1.8080,-1.5220,-0.5834,1.4487,0
2016-12-31,0.7884,0.8806,-8.4653,-1.9091,-0.0308,2.9061,3.0366,2.1189,1.9111,-2.2867,-2.7714,-1.2581,1.5486,-0.2371,-4.9304,3.5457,1.4133,-0.2446,1.7123,0.5310,7.6498,-4.8991,7.3581,-1.6869,1.8200,-4.0585,1.9012,0
2017-01-31,1.3816,0.6143,-9.7413,-3.7722,0.5198,3.3966,5.5757,2.4327,1.6817,-2.4484,-1.2327,0.1035,2.9484,0.4900,-0.7938,0.9518,1.7190,0.1171,1.9545,1.8823,7.3412,-5.0024,8.3262,-0.7595,4.0014,-5.2039,2.5798,0
2017-02-28,2.4771,1.2842,-5.0418,-0.9953,1.3071,4.0998,7.3787,2.5958,2.0829,-0.8818,2.0090,2.5768,4.5427,2.6015,0.6558,3.1256,2.2716,0.9859,2.2939,4.1067,6.9071,-5.5037,8.7008,0.5386,4.7931,-2.2139,4.0099,0
2017-03-31,3.5538,2.3151,2.9991,4.5742,2.4970,5.3765,7.2058,2.5299,2.5937,2.5579,6.4097,5.5076,5.4710,5.9659,0.2184,8.1645,2.2501,2.5150,2.7203,6.3428,6.5915,-5.8439,8.8459,1.4875,4.5643,3.9706,5.1028,0
2017-04-30,4.1196,2.8541,7.6206,7.9071,3.2836,6.3673,6.0937,1.9298,2.5116,5.8880,8.7947,7.0568,4.8913,9.5474,-0.4549,11.2259,1.8484,3.7542,2.8879,7.6604,5.3121,-5.6252,9.6130,2.0760,4.3607,8.7377,5.8554,0
2017-05-31,4.2316,3.2145,7.6848,8.1831,3.7998,7.0047,4.2256,0.8221,2.0799,9.0265,9.1642,7.8687,4.0551,12.2445,-1.5709,11.4415,1.4950,4.7616,3.0318,7.8983,3.1925,-4.9714,9.5613,3.0603,4.7326,10.1208,5.9707,0
2017-06-30,3.9908,3.5821,4.9102,6.7396,3.7452,7.1235,2.2350,-0.9232,1.9911,11.7882,8.6815,8.1051,2.8999,13.1061,-3.3509,8.9962,0.7767,5.7552,2.8674,7.2771,1.0399,-3.6603,8.5596,3.7287,5.6930,8.4922,5.7966,0
2017-07-31,4.2772,4.1766,3.4169,6.6381,3.8613,6.8387,0.8814,-1.1534,2.9531,13.4926,9.0718,8.2849,2.0839,12.7775,-4.6749,7.6146,0.6076,6.6883,3.6461,7.3038,0.8878,-1.6807,9.2591,4.2727,7.8075,7.9814,6.2679,0
2017-08-31,5.3096,4.4295,3.9677,7.6712,4.9034,6.4699,0.5910,0.1808,4.2266,13.5637,10.4178,9.1226,2.0100,12.7925,-5.8762,8.3448,1.2037,7.5140,5.8075,7.9323,3.2736,1.0128,11.0099,5.4909,10.1249,10.3712,7.4152,0
2017-09-30,6.3703,4.1905,6.1808,8.5021,6.9939,5.7287,0.9689,1.3403,5.1629,12.9624,12.2921,10.6773,2.6667,13.4618,-6.3627,10.2950,2.1198,8.1043,7.5680,8.5060,5.7601,4.0242,12.4138,6.7629,11.4305,14.3037,7.8196,0
2017-10-31,6.9528,3.3604,8.6742,9.4770,9.7028,4.7349,1.1300,2.2807,5.3522,13.0156,13.7351,11.4857,3.1043,13.5646,-5.8320,11.7200,3.0586,7.8655,7.9073,9.4532,5.7651,5.6127,13.1597,8.4845,12.0911,16.4151,7.2695,0
2017-11-30,7.1395,2.9736,10.6784,10.3212,11.4749,3.6998,1.3414,1.9699,5.1138,14.0367,13.6254,10.9975,2.5767,12.9113,-4.3148,11.1733,3.9937,7.1333,7.4398,10.9808,4.4846,5.4783,12.9777,9.6696,12.1129,15.8255,7.1969,0
2017-12-31,7.2764,4.2777,11.6848,10.2046,11.5579,3.2516,1.3894,1.1010,5.3163,15.0375,11.8234,9.8920,1.9402,12.0399,-2.2796,8.4954,4.9499,6.2069,6.6626,12.7715,3.6204,5.0734,11.7817,9.1215,11.4865,13.0242,8.4892,0
2018-01-31,8.2520,8.3141,10.6424,9.0534,11.3964,4.5307,1.4164,1.3664,6.6178,15.3264,10.1664,9.4159,0.6224,11.2894,-1.3836,5.0929,6.0763,5.4025,6.0425,14.3636,3.9951,6.1245,10.4914,8.8654,11.0155,10.8457,11.6990,0
2018-02-28,9.7767,12.7047,6.6208,6.1704,11.9380,7.6843,1.6254,2.2483,8.5347,14.2845,8.2663,9.9712,-1.1662,10.1496,-1.8263,1.1358,6.7811,4.8108,5.2041,14.6977,4.8451,8.7507,8.9063,10.2831,11.1264,9.0431,15.6958,0
2018-03-31,11.2966,16.3741,1.1950,2.4042,12.5146,11.0521,1.7794,3.2651,10.4468,11.8475,5.8431,10.7412,-1.5164,8.7399,-2.7783,-2.5953,6.8756,4.3168,5.1598,13.8896,5.5938,11.4879,7.0312,12.7949,11.5057,6.7737,19.4348,0
2018-04-30,10.9537,16.1226,-1.0416,-0.0430,11.4783,12.0770,0.8617,3.8168,10.6690,8.4910,4.1349,9.9864,0.0293,7.0309,-3.6122,-4.3425,4.9719,4.0299,6.5266,11.3461,5.9596,11.9056,4.7628,13.2291,11.1627,4.7427,19.2093,0
2018-05-31,8.7317,13.1787,-0.1986,0.2490,8.2224,10.7029,-1.0200,3.3040,8.9105,3.9763,2.8884,7.3711,1.2709,5.0630,-3.2947,-2.5548,1.3933,2.5653,6.7060,7.6998,5.0594,9.8673,2.2157,10.1618,8.8000,3.4637,16.4303,0
2018-06-30,5.8647,8.4186,2.3633,2.3817,4.6370,7.8953,-2.5984,2.4504,6.1426,-0.0678,1.7735,4.2319,2.0811,3.4119,-1.7935,2.5120,-1.8127,-0.3713,5.6931,4.7432,3.0235,6.1436,-0.3712,5.8323,5.1477,3.2094,12.8418,0
2018-07-31,4.0202,4.4512,3.4742,3.3210,3.1927,5.4283,-2.8679,1.7880,4.3011,-1.0996,0.9106,2.2329,2.1718,3.1314,-1.7607,5.8767,-2.4396,-2.8502,4.3676,3.0611,1.1975,2.9326,-3.2194,3.0879,2.8086,2.7299,10.2764,0
2018-08-31,3.1318,3.2276,2.5642,2.5041,2.6399,4.3957,-0.9085,0.7689,3.4236,0.2993,0.5253,1.8275,1.0203,2.8782,-3.3669,5.7542,-1.6845,-3.7761,2.7727,2.2291,-0.3575,0.7280,-5.6773,1.5687,2.2735,1.7003,8.7368,0
2018-09-30,3.0260,4.6747,0.3659,1.2382,1.3586,5.1573,2.0600,0.4153,2.9914,2.0603,0.6096,2.1792,0.0188,2.7995,-5.8928,3.1646,-0.8589,-3.2810,1.8454,2.4089,-1.4158,-0.2649,-7.3586,0.5375,3.1665,0.6947,8.7157,0
2018-10-31,3.0561,6.6859,-1.6097,0.2699,-0.6408,6.5553,3.4086,0.5975,2.5718,2.4512,0.1733,2.2293,0.0390,3.3063,-7.8997,0.7764,-0.2461,-2.1303,1.9743,2.9483,-1.1268,-0.2127,-7.9840,-0.6248,3.5162,0.6816,9.1142,0
2018-11-30,2.6397,6.6496,-2.8463,-0.7570,-2.4729,7.4957,2.0664,0.9272,2.0968,1.1611,-0.6766,2.2720,0.8229,4.2989,-9.0118,-0.1292,-0.1701,-1.3371,2.0295,2.8718,-0.1493,0.4462,-7.6789,-1.7372,2.4551,1.0236,8.6650,0
2018-12-31,1.7331,4.3127,-3.3282,-1.7815,-3.4305,6.4864,-0.5382,1.3292,1.3569,-0.5938,-1.4378,2.2470,1.0309,4.7684,-9.3728,0.4936,-0.2636,-0.9062,1.7077,1.9166,0.6750,0.9867,-6.9179,-1.4630,0.3813,1.5730,6.7192,0
2019-01-31,0.2628,0.8179,-3.9232,-2.5144,-3.4886,3.3465,-1.5309,1.2502,-0.4233,-1.5965,-1.7705,1.4962,0.6174,3.9025,-9.6738,1.2923,-0.8211,0.2748,1.0950,-0.3768,1.5518,0.3370,-6.3281,-1.1326,-1.1400,2.2442,2.8418,0
2019-02-28,-1.4926,-2.6545,-4.1220,-3.3364,-3.4666,-0.9115,-0.1018,0.9602,-2.8525,-1.5577,-1.1617,0.0858,1.2378,3.0920,-9.4419,1.6001,-1.5930,1.9338,0.9758,-2.5505,1.9317,-1.5104,-5.6568,-3.0747,-1.5734,3.1049,-1.9803,0
2019-03-31,-3.3130,-6.4313,-3.5212,-3.7773,-4.2117,-4.6721,2.8174,0.6751,-4.9135,-1.4060,0.0496,-1.3873,1.4405,2.3477,-8.7561,1.1887,-2.1490,3.0220,0.5394,-3.8198,1.4229,-3.8815,-4.7165,-6.2272,-1.2461,4.0096,-6.7084,0
2019-04-30,-3.6855,-7.5280,-2.3833,-2.5270,-4.6220,-6.0195,5.6274,0.4479,-4.6986,-1.2247,0.7277,-2.3050,0.9629,1.1822,-7.7491,0.7319,-1.0113,2.7655,-1.0000,-3.6868,-0.3325,-4.7160,-3.1151,-7.1104,-0.6697,3.9910,-7.8980,0
2019-05-31,-2.4669,-6.1232,-0.7073,-0.5815,-3.5249,-4.5439,7.6698,0.8024,-2.3166,0.0442,1.2836,-2.4644,0.7535,0.2392,-6.4523,-0.0293,1.5649,2.9414,-1.9853,-1.8480,-1.2227,-4.1593,-0.0102,-5.4051,1.0368,3.4150,-6.3620,0
2019-06-30,-0.3292,-2.0139,0.7154,0.9820,-1.0468,-1.5670,8.7058,1.7927,0.4778,1.8398,2.3336,-2.1553,0.9067,-0.0418,-4.9747,-0.6697,4.4476,3.9203,-1.6518,1.0205,-0.4139,-2.6355,4.5552,-3.1924,3.6041,3.4386,-3.5549,0
2019-07-31,1.0895,1.5317,0.5279,1.3200,0.5149,0.7313,8.6522,2.1075,1.8111,1.3748,2.9280,-2.1183,1.3360,-0.9398,-4.7869,-1.1164,5.4188,4.4401,-1.0521,2.8717,0.5252,-1.2132,8.1519,-1.6022,5.0053,3.6664,-1.3774,0
2019-08-31,0.9700,2.6775,-1.9389,0.1044,0.3334,1.3199,6.6726,1.0266,1.8686,-1.8000,1.8747,-3.7379,1.0103,-3.1615,-6.8606,-3.0133,4.3581,3.4790,-1.6490,2.2402,-0.0358,-0.3567,8.5177,-1.5192,4.0250,2.1465,-0.3811,0
2019-09-30,-0.3335,1.3177,-5.0196,-1.6616,-0.4571,-0.2706,3.5400,-1.2727,1.3168,-5.7049,-0.7235,-6.5850,0.0169,-6.2152,-9.8303,-5.7822,1.8798,1.3480,-3.4403,-0.0720,-1.6170,-0.5838,5.6523,-1.7566,0.9498,-0.7666,-0.7886,0
2019-10-31,-1.9819,-0.4146,-4.6757,-2.2202,-1.1602,-3.4260,0.7202,-3.3031,0.8167,-8.2318,-2.9880,-9.1099,-1.3008,-8.7514,-10.6136,-7.7531,-0.9670,-1.1336,-5.1902,-2.8185,-3.5186,-2.3630,1.8065,-1.8493,-3.1783,-2.6780,-2.3877,0
2019-11-30,-3.6814,-1.7025,-1.2266,-1.2281,-1.3177,-6.0798,-0.7947,-4.7750,-0.3074,-8.7689,-5.0524,-10.9365,-2.6065,-10.5675,-8.3324,-10.3126,-3.9682,-2.9106,-6.4807,-4.9354,-6.0729,-5.7503,-3.9319,-2.9364,-7.7040,-2.9402,-4.6580,0
2019-12-31,-6.6243,-3.6986,1.4738,-1.0999,-2.9374,-7.6732,-1.7568,-8.5302,-3.2863,-8.6014,-9.1972,-14.0172,-4.0404,-13.5631,-6.8812,-14.5624,-8.5184,-4.5710,-8.7818,-7.5650,-10.4090,-11.5525,-12.6375,-6.7836,-13.9433,-4.1374,-8.0427,0
2020-01-31,-13.5524,-8.7767,-4.0766,-6.9155,-8.9398,-10.3585,-5.4845,-18.0869,-9.5707,-12.2409,-20.0606,-21.8239,-8.7766,-21.6958,-14.6330,-22.7310,-16.7321,-9.1117,-14.3003,-13.5250,-18.2277,-21.8789,-24.5889,-16.9711,-24.9930,-13.1961,-14.5390,1
2020-02-29,-25.7987,-19.7881,-20.6817,-20.0629,-20.2178,-17.3598,-13.7425,-34.0414,-20.8495,-21.3632,-39.5510,-35.1885,-19.4086,-35.6837,-33.6350,-35.7150,-29.5104,-17.8710,-23.7750,-23.6514,-29.8520,-37.1591,-40.8423,-32.7246,-41.2744,-31.6540,-26.0785,1
2020-03-31,-39.5014,-34.1409,-42.1844,-36.1711,-33.1226,-27.3963,-24.0206,-50.6986,-33.7722,-33.0071,-60.4600,-49.5862,-32.8243,-50.7470,-56.2468,-49.9726,-42.6408,-28.0192,-34.3467,-34.7057,-42.3239,-51.9887,-57.4874,-47.7656,-57.4663,-53.2758,-39.4147,1
2020-04-30,-44.0174,-40.8824,-51.5713,-43.9768,-37.6958,-33.0012,-30.0109,-55.3126,-38.6396,-38.9993,-65.8019,-54.7050,-38.8055,-56.3916,-63.8173,-55.7907,-45.7060,-31.9401,-37.8644,-38.7603,-45.4914,-53.8285,-62.7955,-49.3023,-62.2547,-61.8416,-43.7134,1
2020-05-31,-35.4005,-35.8486,-41.5588,-38.1671,-29.8913,-28.9774,-28.7218,-41.9092,-31.1610,-35.0601,-48.5322,-44.0743,-32.2692,-45.8709,-50.5235,-47.0670,-34.9747,-26.6231,-30.3434,-31.7140,-35.0381,-37.2430,-46.7767,-35.4887,-48.8850,-50.7887,-36.2721,1
2020-06-30,-19.8587,-26.3772,-17.2610,-21.8458,-16.5550,-19.1830,-22.6484,-17.5801,-17.1930,-24.0916,-17.3942,-21.8919,-19.3090,-24.1984,-23.5856,-27.5027,-16.3193,-15.1138,-16.6590,-18.1716,-16.7562,-10.5726,-15.6626,-15.6101,-23.4359,-27.4286,-23.6030,1
2020-07-31,-7.9948,-18.7815,1.0293,-8.3331,-7.1338,-10.6319,-15.7945,0.3329,-6.9461,-14.4891,5.4455,-4.0255,-9.3901,-6.2214,-2.0998,-12.1641,-1.9120,-5.9275,-6.3831,-7.4157,-1.7038,8.2862,6.7509,-2.1483,-4.1205,-9.6999,-13.8159,1
2020-08-31,-2.6978,-14.2593,7.6675,-1.6117,-3.5246,-6.1303,-10.7040,6.1989,-3.2977,-9.2100,13.2947,4.6215,-4.0530,3.6423,8.7375,-5.4256,4.5713,-1.6941,-1.3782,-2.3705,6.5025,14.4575,14.0238,2.9316,3.6930,-1.7112,-9.1404,0
2020-09-30,-2.1881,-11.6243,4.6737,-1.0857,-3.8157,-4.4511,-8.2701,2.9030,-4.2664,-8.1301,9.7167,5.2877,-3.0245,6.5253,10.4301,-5.3658,4.9635,-0.8692,0.0074,-1.4068,8.2923,11.3997,10.2895,2.6763,2.6437,-0.7453,-7.6816,0
2020-10-31,-2.8869,-10.9272,-0.3551,-2.6616,-4.8233,-3.2410,-6.2492,-0.5935,-6.6133,-8.2496,3.9451,5.1356,-3.6378,8.4025,7.4865,-6.5286,3.8984,0.4376,-0.2382,-1.0972,7.2878,7.7376,6.6712,0.5536,0.5925,-1.4228,-7.2936,0
2020-11-30,-2.7654,-11.4642,-3.3931,-4.1002,-5.0661,-1.4537,-2.9800,-0.7515,-7.7595,-7.3418,0.9710,6.3970,-4.2845,11.5057,1.8384,-5.5143,3.7242,3.8502,-0.5311,0.1400,6.2506,7.2972,7.4948,0.2836,1.0210,-0.6686,-7.1386,0
2020-12-31,-0.1684,-12.1471,-2.0399,-3.1613,-3.2194,1.0392,1.6235,4.3995,-5.5694,-3.9671,3.8553,10.7181,-3.8937,17.1474,-1.9518,-0.8584,6.2312,9.6837,0.9258,3.5498,8.2676,11.9425,14.1600,4.2169,6.4080,3.7214,-5.4867,0
2021-01-31,7.3439,-9.0569,6.8546,3.5179,2.6042,5.0037,7.8174,15.8517,0.8348,4.1112,15.4414,20.6430,1.6834,27.5671,5.6647,9.0902,14.1527,18.3616,7.0179,11.8679,15.5490,23.5191,27.4390,14.9145,18.1359,15.3064,1.1044,0
2021-02-28,21.4878,2.7510,25.6091,17.8068,14.4068,13.4627,16.5915,33.9960,13.8872,18.0201,37.8189,36.2570,15.0183,42.7541,26.8561,25.2512,28.5010,30.1726,18.8221,25.1141,28.7968,42.5718,47.9027,32.4702,38.1459,35.2704,14.8149,0
2021-03-31,38.1707,20.6393,48.6660,35.2195,29.4559,24.5442,26.4407,53.3648,29.7133,34.4133,63.2292,52.4719,32.2734,58.3711,53.5507,43.0232,44.9167,41.8006,32.2185,39.1339,44.6087,62.5298,69.5979,49.9150,60.7090,57.1507,32.0592,0
2021-04-30,45.7788,32.2945,59.2013,43.6117,36.9768,31.3842,33.5146,60.7833,36.6902,44.0956,73.3905,59.4807,41.8738,64.3997,65.8823,51.5664,51.6314,47.4561,37.7704,44.9775,52.7487,68.7284,78.1929,52.9953,70.9758,65.9624,40.5443,0
2021-05-31,39.8582,31.8420,50.0410,37.4308,32.9001,29.0451,34.6014,49.7583,30.5212,41.0558,59.5939,49.9824,38.7746,53.5393,57.6536,44.9669,43.9377,42.8336,31.9301,38.1324,46.2899,55.0038,63.2154,40.5966,60.5693,54.9733,37.3077,0
2021-06-30,26.1779,25.3184,26.1374,20.4507,22.3895,21.0690,31.1108,27.1750,17.2215,27.5320,29.5588,27.8314,27.8663,30.8145,35.2669,27.0166,27.4534,30.3068,19.2257,23.6883,29.6154,29.5606,31.2821,22.7354,35.9776,30.6298,28.1567,0
2021-07-31,15.1700,19.5082,7.2843,7.2289,13.8226,13.8386,26.5961,10.2292,7.3443,15.0174,5.7835,10.3180,18.0962,13.1570,18.0941,12.0900,14.7007,20.4101,9.5219,12.4309,15.2293,10.9481,7.5154,10.1736,17.2983,11.5760,19.8112,0
2021-08-31,10.7126,16.6065,-1.0611,1.9299,10.3967,10.3339,23.1204,4.9632,4.6137,7.9345,-3.0608,3.1609,13.1291,5.9434,11.5932,5.5634,9.7432,16.4769,5.5573,8.6628,7.6946,4.6257,-1.0757,5.8505,11.4499,3.6761,15.9580,0
2021-09-30,11.2596,15.8930,-1.1590,3.2149,11.0681,10.3762,21.6907,8.5775,6.9693,5.9321,0.3238,4.5230,12.4271,6.4357,12.9621,5.9479,10.2503,16.9029,5.6118,9.8678,6.8571,6.9862,2.1295,6.4291,15.5403,3.9609,15.6958,0
2021-10-31,13.2257,17.0019,1.1154,5.3581,12.3347,11.9314,21.0918,12.3730,10.9318,6.8449,6.5184,7.1927,13.3462,7.6930,14.7376,8.2551,11.7289,18.3248,6.9279,12.0141,9.0421,10.1793,7.5373,8.4734,20.6644,6.4318,17.3901,0
2021-11-30,15.1625,19.3497,4.8130,7.5704,13.3655,13.4963,19.3341,14.2886,13.7342,10.1056,12.4022,9.8975,15.5859,8.4818,14.5622,11.5074,12.9480,18.6784,8.7543,14.3519,12.6610,10.8490,12.1033,10.2333,23.2742,9.5782,20.3290,0
2021-12-31,16.3065,22.5952,9.4365,10.1755,14.0970,14.8426,15.9697,14.3104,14.7610,14.2541,17.2418,12.4584,17.4066,8.9183,12.7462,14.7918,14.0933,17.0638,10.8910,16.3607,15.7451,9.3327,15.2647,10.5659,22.9044,13.1045,22.5454,0
2022-01-31,15.8898,24.3276,12.8922,11.9690,13.7700,15.5593,12.0545,12.5119,14.7807,16.4474,19.1762,13.1597,16.9938,8.7564,10.5157,16.0171,14.7844,13.5825,11.7133,16.1787,16.5654,6.9713,15.5141,8.7777,21.3170,15.0711,22.2775,0
2022-02-28,13.5087,21.7995,13.6199,12.3492,11.8507,14.5362,8.6217,9.4192,13.3855,15.8197,17.1290,11.7859,14.2826,7.9651,8.2061,14.9213,14.0805,8.2216,10.6746,14.0351,14.2294,3.4769,12.1596,4.8865,18.0236,14.9480,19.3726,0
2022-03-31,9.8292,17.2672,11.3654,11.4832,8.5595,11.9981,5.3051,5.4570,10.9230,13.1199,11.8262,9.4906,10.4132,6.2380,5.4841,12.4684,11.0436,2.8687,8.7589,10.6026,10.2996,-1.0648,6.4468,0.4111,12.4371,13.4405,14.9993,0
2022-04-30,5.9803,12.4605,8.0021,10.0068,5.2261,8.2741,1.0443,1.5363,8.2771,9.3667,6.0704,6.7656,5.8949,4.5496,2.1055,9.4391,6.6750,-0.9510,6.9551,6.3779,5.4750,-5.7030,0.3292,-2.7457,5.6727,11.4153,10.8430,0
2022-05-31,2.6790,8.1819,5.0722,8.2991,2.3311,4.4041,-2.3269,-1.6661,6.1604,6.2690,0.5310,4.4870,0.8763,3.7704,-1.3937,5.6993,2.3138,-2.5477,5.1823,2.3941,0.5790,-9.6615,-6.3728,-4.2134,-0.8939,9.4530,7.4236,0
2022-06-30,0.1044,4.8567,2.7608,6.6148,0.3083,1.5732,-3.7427,-4.3436,4.1299,4.4988,-4.2138,3.4366,-2.5646,3.9756,-4.3615,1.1065,-1.8420,-2.5154,3.1523,-1.1640,-3.2089,-12.1705,-13.5582,-5.1492,-6.2469,8.3095,4.2773,0
2022-07-31,-1.0898,4.0463,0.2296,4.4315,0.3031,0.6382,-3.9761,-6.2712,2.0765,3.3363,-6.6508,3.3059,-3.3933,3.6046,-7.2304,-3.1031,-4.6199,-3.2314,1.8209,-2.8379,-4.6756,-13.1635,-18.7629,-5.3762,-8.9808,7.9413,2.6317,0
2022-08-31,-1.4938,5.3087,-2.5413,2.0936,0.8520,1.1920,-3.3476,-7.2765,0.4147,2.0183,-7.1718,2.7302,-2.9788,1.5654,-9.9360,-6.0425,-6.2549,-4.7349,1.5642,-3.3463,-4.5628,-12.9793,-20.3044,-5.6133,-8.6268,7.6756,1.5329,0
2022-09-30,-1.7039,6.4783,-4.6966,0.1203,0.5166,1.6842,-2.4419,-7.1430,-0.6078,0.5514,-6.6614,1.3834,-2.8683,-1.1172,-11.6102,-7.3755,-7.0179,-6.1064,1.7110,-3.1663,-4.2077,-11.6218,-18.7451,-5.7162,-6.6290,6.9137,0.5547,0
2022-10-31,-1.6894,6.7096,-4.4890,-0.2505,0.4104,1.5965,-1.8593,-5.6797,-1.3699,0.0894,-5.5052,0.2064,-2.6251,-2.0919,-10.7828,-7.3403,-6.1790,-6.3988,1.5518,-2.8917,-3.7816,-9.1111,-16.4260,-5.2460,-5.3081,4.7229,-0.3746,0
2022-11-30,-1.1513,6.1396,-2.4922,0.7585,0.8716,1.4688,-1.3177,-3.2926,-0.7190,-0.0351,-4.0397,-0.5638,-2.0338,-1.3235,-6.9275,-6.6569,-3.3831,-4.8733,1.5225,-2.9653,-3.1006,-5.0359,-13.2178,-3.6852,-3.5251,1.2873,-1.1872,0
2022-12-31,-0.7426,4.8867,-0.7784,1.3316,1.2029,0.5984,-0.9343,-0.9976,0.2774,-1.1064,-3.2619,-1.3468,-1.1844,-0.0310,-1.4106,-6.7675,-1.0450,-2.9991,1.2334,-4.1452,-2.6148,-0.7389,-9.8282,-2.1033,-1.6022,-3.0079,-2.0698,0
2023-01-31,-1.4653,3.2477,-2.9621,-0.5684,0.8590,-1.3979,-1.5280,-0.8850,0.0689,-5.0649,-4.2867,-2.9449,-1.0671,-0.5089,2.2590,-8.4047,-1.6223,-2.4378,0.1284,-7.1598,-3.8439,0.9305,-8.9748,-1.7270,-1.9200,-7.1892,-3.3665,0
2023-02-28,-3.3418,1.6630,-8.2082,-4.8408,-0.6027,-4.3538,-3.7542,-3.0966,-0.9922,-11.1996,-7.7013,-4.9558,-2.4506,-3.2307,3.1387,-12.6054,-4.6714,-3.2197,-2.0959,-11.5234,-6.2501,-0.4848,-12.1157,-2.0036,-5.6339,-10.5479,-4.9396,0
2023-03-31,-5.7659,-0.4090,-14.2303,-10.2724,-2.6226,-6.9924,-6.2377,-6.4139,-2.6983,-17.4058,-12.2091,-6.9561,-4.8774,-6.3334,2.1277,-18.4020,-8.2426,-4.9549,-4.8826,-15.6295,-9.5946,-3.4397,-17.4110,-2.9191,-11.0128,-12.6852,-6.8386,0
2023-04-30,-7.3495,-2.0695,-16.9420,-13.4858,-4.1741,-7.3338,-7.0336,-8.5509,-4.0973,-19.5740,-14.8809,-7.6891,-6.5236,-8.2212,0.2795,-22.0224,-10.2397,-6.2300,-7.0885,-16.3310,-11.6531,-4.9140,-19.7079,-4.4928,-13.8364,-13.3341,-8.4310,0
2023-05-31,-7.6145,-2.3768,-15.6423,-12.9377,-4.8192,-5.8283,-6.2720,-8.5258,-4.8096,-16.8501,-13.9191,-7.0420,-6.8133,-8.7606,-1.9783,-22.1254,-10.3000,-6.1671,-7.8431,-14.0769,-11.2575,-4.3659,-17.3691,-5.7664,-12.2195,-12.4608,-9.6098,0
2023-06-30,-6.7053,-1.4742,-11.5767,-9.4742,-4.4132,-3.9575,-5.5579,-6.6308,-4.4770,-11.0604,-9.2909,-5.9516,-6.2329,-8.2152,-4.1808,-19.8209,-8.5476,-4.7148,-7.0014,-10.3533,-8.7361,-2.8658,-11.4340,-5.8623,-7.5521,-10.8973,-9.8760,0
2023-07-31,-6.1653,-2.1418,-7.7637,-6.6691,-4.5314,-4.2486,-6.3830,-4.6761,-4.2111,-7.0669,-4.7721,-5.7526,-5.2585,-6.9713,-4.3467,-16.8045,-6.7420,-3.0348,-6.2822,-8.7090,-7.2202,-1.8961,-5.9163,-5.4083,-5.1756,-10.2265,-9.8905,0
2023-08-31,-6.1355,-4.8001,-4.3693,-4.9336,-4.8847,-6.9087,-8.7457,-2.9309,-4.5086,-4.5878,-1.9689,-5.2743,-4.8212,-4.9966,-2.0206,-13.2582,-5.4273,-2.1341,-5.7996,-8.3516,-6.7209,-1.8156,-1.3350,-4.6936,-6.5273,-9.3224,-9.4382,0
2023-09-30,-6.3508,-7.8629,-1.4768,-3.8179,-4.9713,-9.4576,-11.9810,-1.8168,-5.4041,-2.6238,-0.9939,-3.9430,-4.8075,-3.0878,1.4932,-9.6634,-4.2222,-2.2318,-5.3247,-8.4655,-6.6544,-2.4015,2.4344,-4.3947,-9.5963,-7.7894,-8.7671,0
2023-10-31,-6.5550,-9.8605,-0.5143,-3.7903,-5.1164,-10.1432,-14.2993,-2.0071,-5.9334,-1.9536,-1.2854,-3.2618,-5.0616,-3.5182,3.1568,-7.3313,-3.9400,-2.7707,-4.7925,-8.5364,-6.8660,-2.8714,4.5653,-4.1630,-11.4345,-6.4333,-8.0593,0
2023-11-30,-7.3218,-10.3905,-1.7702,-5.4957,-6.0986,-10.1253,-14.7538,-3.5175,-6.8907,-2.9351,-3.5531,-4.5016,-5.8925,-6.1879,1.5798,-7.3521,-5.6913,-4.4655,-5.0320,-9.2603,-8.1906,-3.4450,3.9460,-5.0027,-12.2136,-7.3603,-8.0504,0
2023-12-31,-8.0915,-9.8193,-3.9669,-7.9181,-7.1574,-9.4354,-12.7980,-5.2525,-7.9611,-4.4880,-7.0025,-7.1178,-6.0669,-10.0551,-2.3852,-8.9463,-8.0738,-5.9831,-5.5280,-9.8899,-10.3139,-4.2954,1.1089,-6.2469,-12.0827,-10.0884,-8.1970,0
2024-01-31,-7.6932,-9.0270,-4.2746,-8.1913,-7.2682,-7.7776,-7.7643,-5.5744,-7.9067,-4.2926,-8.1474,-8.3805,-5.5676,-12.0571,-5.2248,-10.2350,-8.8656,-5.6198,-5.2185,-8.6660,-10.7434,-4.7029,-0.3035,-6.7382,-10.7836,-10.8020,-7.5532,0
2024-02-29,-6.0872,-7.5848,-3.1212,-5.8378,-6.1253,-5.1877,0.0834,-4.4140,-6.7821,-1.7295,-6.0597,-7.6387,-5.2889,-10.9505,-5.6745,-10.2825,-7.8149,-2.4380,-4.3704,-5.9903,-9.0314,-4.1875,1.5647,-6.7250,-7.7023,-9.4512,-6.5289,0
2024-03-31,-4.0097,-6.3983,-1.0972,-1.7771,-4.7547,-2.6990,7.9451,-2.4271,-5.3644,2.1055,-1.9512,-5.7522,-5.0310,-8.2080,-4.1932,-8.7638,-5.5557,2.4706,-3.7217,-2.9454,-6.3007,-2.6798,5.3304,-6.0531,-3.1704,-6.6087,-5.5335,0
2024-04-30,-2.8110,-6.3424,0.3160,1.0383,-4.0380,-2.5508,11.9344,-1.1010,-4.3402,3.7845,0.3392,-4.6198,-4.7519,-6.4489,-2.6344,-6.2500,-3.7734,5.6701,-3.5312,-1.5381,-5.3259,-1.2156,8.0451,-4.7686,-0.5027,-4.0662,-5.2490,0
2024-05-31,-3.2037,-8.0737,0.2270,1.5312,-5.0779,-4.2490,9.9416,-1.2382,-3.7475,1.9734,-0.2921,-4.8235,-4.9653,-6.4003,-2.3635,-4.2975,-3.8258,5.3254,-4.0367,-1.9329,-6.0640,-0.4677,8.7417,-4.0583,-1.0900,-2.4813,-5.6547,0
2024-06-30,-4.6002,-10.1042,-1.4932,-0.4970,-6.7632,-6.6937,3.8556,-2.5167,-3.2677,-2.5479,-2.8989,-5.8392,-6.1742,-8.0986,-3.5356,-3.5761,-5.2773,1.6422,-4.8832,-3.9264,-8.1466,-0.3154,7.4215,-4.4861,-4.0743,-2.2616,-6.0248,0
2024-07-31,-5.4752,-10.6427,-3.7132,-3.3853,-7.3265,-7.6244,-0.4955,-3.5418,-2.3940,-6.1129,-4.8294,-6.5297,-7.8429,-9.6778,-3.6706,-3.7277,-6.4978,-1.8930,-5.4176,-5.9675,-8.8966,-0.0494,5.4551,-5.1219,-5.7704,-2.8475,-6.1497,0
2024-08-31,-5.6629,-10.3338,-6.1071,-6.4588,-6.7912,-6.2363,-1.1819,-4.5456,-1.6292,-8.0291,-6.2635,-6.8818,-8.4868,-10.2633,-1.8727,-5.1560,-6.6059,-3.5986,-6.0637,-7.3474,-7.2996,0.3516,2.3279,-6.1165,-5.9725,-4.7936,-6.3416,0
2024-09-30,-5.2454,-9.2259,-7.8408,-9.0859,-5.4274,-4.1581,0.8178,-4.9939,-1.0504,-8.4519,-7.2637,-6.9620,-7.7620,-9.6625,0.9265,-7.0509,-5.8242,-3.0060,-6.7293,-7.5407,-4.8454,0.8538,-1.3555,-7.2818,-5.4016,-7.2471,-6.3479,0
2024-10-31,-4.4812,-8.0541,-7.4450,-9.0163,-3.8938,-3.3087,3.6073,-4.2312,-1.3185,-7.6472,-6.9838,-6.7915,-6.2043,-7.5120,2.1357,-7.9032,-4.6189,-0.6382,-6.6055,-6.4417,-2.8611,1.4375,-3.5226,-8.0501,-4.5628,-7.9495,-6.1250,0
2024-11-30,-3.4612,-6.9933,-4.8730,-5.1454,-2.3909,-3.3255,5.4906,-2.9313,-2.0295,-5.4209,-4.9852,-6.2628,-4.0292,-5.1706,0.8684,-7.5599,-3.2819,2.8350,-5.8844,-3.9649,-1.3656,2.4717,-4.0365,-8.0480,-4.2698,-5.8971,-5.4454,0
2024-12-31,-2.4168,-6.2573,-1.5439,1.2993,-1.3213,-3.2990,6.4313,-1.7999,-2.4643,-2.1939,-1.9032,-4.9328,-2.7285,-3.2883,-2.3818,-6.2576,-1.7757,6.1234,-5.4644,-0.8976,0.2161,3.4391,-3.2187,-6.7286,-4.8389,-2.6946,-4.6510,0
2025-01-31,-2.2316,-6.9031,0.0063,5.1468,-1.3668,-3.4436,6.2325,-1.3058,-2.5002,-0.2479,-0.6452,-3.2814,-3.0748,-2.6196,-5.1756,-5.6741,-1.2889,7.4716,-5.9279,0.7607,0.8481,3.5937,-2.2419,-5.1092,-5.7829,-2.1038,-4.7549,0
2025-02-28,-3.0122,-8.4050,-0.3043,5.1541,-2.4576,-4.4355,3.9214,-2.2898,-2.5532,-0.5012,-1.9484,-2.2317,-4.1462,-2.7756,-6.8036,-5.9180,-1.6381,6.0766,-6.4784,0.9059,-0.1791,2.5857,-2.7966,-4.0126,-7.2039,-4.5485,-5.3786,0
2025-03-31,-4.1607,-9.8809,-2.0264,2.3723,-3.2151,-6.4857,-0.0589,-4.0740,-2.6863,-2.7109,-4.7560,-1.7969,-5.0072,-3.1981,-7.8032,-6.8268,-2.3058,2.9205,-6.5304,0.1275,-2.0115,0.6003,-4.6043,-3.6808,-9.2585,-9.5861,-5.5876,0
2025-04-30,-4.8014,-9.6236,-3.6066,-0.2272,-3.2329,-8.3367,-3.6892,-5.2052,-3.0195,-5.3687,-6.6504,-1.4124,-5.9917,-3.3076,-8.4873,-7.3499,-2.7083,0.6688,-6.0421,-0.6905,-2.7521,-0.8605,-6.0952,-3.5312,-10.6783,-13.3936,-5.1391,0
2025-05-31,-5.2666,-8.7541,-4.8224,-2.4540,-2.8769,-9.7416,-6.7158,-6.0139,-3.6908,-7.8573,-7.9865,-1.1977,-7.3209,-3.5287,-9.1532,-7.8951,-2.9741,-1.0496,-5.9828,-1.9040,-3.2761,-1.7815,-7.3362,-3.5648,-11.7484,-16.1442,-4.6591,0