Country,Year,Balance.of.primary.income.as.a.percent.of.GDP,Balance.of.secondary.income.as.a.percent.of.GDP,Competitors.price.of.goods.and.services.exports,Contribution.to.world.trade.growth.goods.and.services.in.USD.OECD.reference.year.prices,Current.account.balance.as.a.percentage.of.GDP,Export.market.for.goods.and.services.volume.in.USD,Goods.and.services.trade.volume.in.USD,Indicator.of.competitiveness.based.on.relative.consumer.prices,Indicator.of.competitiveness.based.on.relative.unit.labour.costs.in.total.economy,Net.exports.of.goods.and.services.as.a.percent.of.GDP,Price.of.commodity.exports,Price.of.commodity.imports,Share.of.country.s.trade.in.world.trade.volume.in.USD.at.OECD.reference.year.prices,Terms.of.trade.goods.and.services,nan
AUS,2015,-2.30901399553928,-0.0901777581041086,0.885623924399935,0.059178207731865,-4.66991526095456,349950422880.868,329195426130.504,99.9562082918167,99.8550719725433,-2.27072350731115,0.578037534088399,0.65978174856851,0.0139571932812934,0.674057897580843,
AUS,2016,-2.38134593721783,-0.0484116223187578,0.856489449606246,0.0548457281319981,-3.28740209587618,360817121838.687,342015599621.686,100.952545983293,99.4596197397232,-0.857644536339583,0.536469575198816,0.597303831299095,0.0141707054103748,0.678068418628273,
AUS,2017,-3.02255913407346,-0.0761267507627922,0.866929784448046,0.0774634348167231,-2.59779071630671,383777332372.726,360545892021.333,104.179199328817,101.870161766961,0.500895168529542,0.621659051567723,0.666313215544653,0.014123749554614,0.752762919507936,
AUS,2018,-3.31911083017278,-0.0382427307206069,0.937930284128274,0.0689647885141094,-2.2459439528024,404802494415.457,377997425618.181,99.8788567397344,97.6866522914101,1.11140960809098,0.719622476972169,0.80430495324992,0.0142296831074673,0.768319209470808,
AUS,2019,-2.9565533444708,-0.0340432178650797,0.979653780378198,0.0172197343242799,0.352797876904718,405252513308.073,382531665749.525,95.3405725179863,94.6290928913611,3.34339443924061,0.736363259822495,0.815833212166509,0.0141929418808326,0.813090547508964,
AUS,2020,-1.24296034754384,-0.10767270327707,0.960296846164105,-0.151820720736652,2.27694167080146,383950164270.289,341960726698.759,94.2560842955853,95.3158888376712,3.62757472162237,0.705462433934557,0.71636271175628,0.0138123090526209,0.820190996824536,
AUS,2021,-2.31926031681283,-0.160899222698121,1.0,0.0101636820631563,2.91871189974393,421159510638.257,344459455957.228,100.0,100.0,5.39887143925489,1.0,1.0,0.012577539201751,0.957036919814871,
AUS,2022,-4.52340274091638,-0.0998331009805569,1.16496450059612,0.0932708046340106,0.820630508302433,424972495433.614,369791686019.838,100.355937436373,101.04850984869,5.44386635019937,1.24834286281845,1.39837573184335,0.0127970989559033,1.02219398228991,
AUS,2023,-3.56850318444595,-0.0726739192998875,1.16675591787601,0.0859743648769705,0.241152217508647,438128904472.08,394418704298.851,100.394786080429,102.504367029932,3.8823293212545,1.16473052912296,1.29051507572264,0.0135101001235262,0.958309907389593,
AUS,2024,-3.33242397961766,-0.0361584359854481,1.16374644721705,0.0452308620742857,-1.69793680968888,455915276352.015,407623704386.039,102.818939427007,106.357265787075,1.66997669543916,1.17932480926742,1.33345065169073,0.0134863035246351,0.910147347094428,
AUT,2015,-1.02026565637689,-0.957084067564568,0.935757026546912,0.0332314197034674,1.57807718353015,222810381582.85,225542702284.02,96.2575239340067,97.6907822509005,3.85431049023323,0.808760523639324,0.742497617853105,0.0095613958469666,0.999999999994122,
AUT,2016,-0.0435904552412066,-1.00736135918727,0.903904249102478,0.031882651147979,2.57493037540993,230416127188.082,232995263002.919,97.2269274584106,98.2057970573152,3.84617576423509,0.783735751591507,0.689104537835759,0.0096563013097868,1.01002356711498,
AUT,2017,-0.946440476916921,-0.765855282470703,0.922310854472815,0.049443406577766,1.26300849850636,242890245959.183,244822788896.759,97.901954107081,97.8232049451378,3.19834757524927,0.800575481925798,0.755467263913717,0.0095899992432615,0.998291606663781,
AUT,2018,-1.03421094297257,-1.01620424222437,0.933393270221244,0.049197900029966,0.846053968487903,253519282091.163,257272313121.599,98.9059344320652,98.362725041683,3.09391109708024,0.797655833494204,0.811261458419089,0.0096845580751081,0.995185045095661,
AUT,2019,-0.227196543254106,-0.885535803740141,0.951212319696823,0.0290216880169901,2.37583393006878,259813804445.725,264914202363.783,98.2856306763611,97.2233701490549,3.4011942812138,0.804264188493933,0.81198044741421,0.0098290974163714,0.989546134041006,
AUT,2020,1.10276629800717,-0.992621420452328,0.922332894847094,-0.0966080516269308,3.37417501696103,238285431486.865,239097704092.982,99.7809526937875,100.285206664653,3.41143644801043,0.786862739351752,0.736384311584858,0.0096348536860799,1.00103484770279,
AUT,2021,1.65014787176927,-0.703652607409672,0.999999999999998,0.11203437878987,1.73585704481028,262994454087.193,266641224098.538,100.0,100.0,0.934187289187939,1.0,1.0,0.0097248802122837,0.99035155444247,
AUT,2022,0.449622569062137,-0.748180880429443,1.18256153959079,0.0848643915487743,-0.861757995889708,281842549640.381,289690283225.59,99.2756191939084,96.8456668709812,-0.281777252170015,1.28695475854213,1.34072423872144,0.0100264498001166,0.942124753674972,
AUT,2023,0.0405134310462227,-0.708141031343711,1.14351805300136,-0.0254391509038941,1.33884232186996,281735356636.853,282403338620.54,101.575191560621,99.5384044588467,2.20586971248812,1.16640349911674,1.18429290842501,0.0096746984087299,0.943153244295107,
AUT,2024,0.0965972058442656,-0.753873324697034,1.14074809814988,-0.0245342039465081,3.77038553855886,284466181585.721,275240659193.369,102.350370306431,103.485358371691,4.48242495493049,1.26518778497047,1.22326705127029,0.0091062274184519,0.974536845647062,
BEL,2015,1.41888347154773,-1.45353734195187,0.936022813787991,0.0705661101407861,1.38687677179948,540383981138.239,423697831171.658,94.4420560123348,98.1432242950692,0.686820459260073,0.714699627059343,0.682725033220334,0.0179636239589076,0.991315727907094,
BEL,2016,0.951998414814113,-1.5977889550913,0.902530504553479,0.126104918763059,0.553601431708485,553850232856.285,453174820386.623,96.8082845372288,98.6737595603673,0.178613480474888,0.665374890263942,0.623229884372505,0.018774570957805,0.999893502024253,
BEL,2017,0.919922121229002,-1.26136906693635,0.920589368186287,0.103048653261032,0.700936002152437,582824700600.576,477825440138.182,97.8862294644406,99.9789950518149,-0.0152681362116076,0.714700230653054,0.694185738369005,0.0187189085082842,0.996024701433656,
BEL,2018,0.886631709205692,-1.46640266485703,0.931668752183674,0.036696381921913,-0.915141467160076,606740193576.153,487111456318.193,99.9384489454497,100.949411540435,-1.31157944494336,0.752177592717319,0.758682383388007,0.0183370622525109,0.988458963092474,
BEL,2019,0.837218033351056,-1.18220025237519,0.950284417544305,0.0407908537400827,0.123684677074544,625448159457.55,497852361057.895,98.6797592257186,98.9175206293928,0.469396906840214,0.756004783234633,0.759210847150867,0.0184716756771622,0.99547103417626,
BEL,2020,0.864472529439289,-1.4205899286471,0.919452523767755,-0.118145570425938,0.886682724134272,570624801644.417,466280407548.445,99.8363283851818,99.3477601865826,1.44359796528739,0.713772779308535,0.688431497941274,0.0188096270892971,0.999999727725347,
BEL,2021,1.25844057316751,-1.29381445234417,1.0,0.260672283027812,1.83351313408407,624907124590.038,530366381157.821,100.0,100.0,1.86892653714808,1.0,1.0,0.0193483999156271,0.986759665898483,
BEL,2022,1.21374814654981,-1.06664329077644,1.18959799563494,0.113483162325275,-1.31365168551328,669751224878.889,561188261461.49,99.6119008771447,99.1658883411654,-1.46070330671881,1.38994336673715,1.39615166911807,0.0194223722235361,0.952113613393731,
BEL,2023,1.28387335328654,-1.37610562088811,1.14330784052826,-0.136631862387011,-0.68771742819094,671341426352.667,522050602494.01,101.084758378639,102.678409629547,-0.599643983394928,1.21566254283699,1.20901705908573,0.0178848877823333,0.963190753697959,
BEL,2024,1.26369943011588,-1.83743033899291,1.13947966673073,-0.058395198940983,-0.86203618756281,678199719159.013,505002317943.506,101.981690627713,101.34400362681,0.075303200765612,1.25873057179543,1.23287389865867,0.016709864888932,0.975628789200264,
CAN,2015,-0.819366160564418,-0.210707074462393,0.910516209093099,0.0541998149471362,-3.49510485364801,530662801953.55,602141864576.554,98.7200423891541,97.6220324612277,-2.46498137849853,0.672253339071661,0.685268482572243,0.025530423653844,0.975836738684786,
CAN,2016,-0.624871947411425,-0.104762445477368,0.905263349770515,0.0206923247315013,-3.08827050631069,539140010376.299,606978689649.881,96.302897385063,92.9866954508381,-2.35853737407649,0.632619153964635,0.65872657461842,0.0251562011673707,0.963937047781141,
CAN,2017,-0.406607179812028,-0.203910884636892,0.918588158280038,0.0784414229179717,-2.80280532793681,565618526598.347,625742929918.253,97.705494581924,94.0560180863946,-2.19224054850859,0.713889310487473,0.719114279465816,0.0245132134325672,0.999999628708966,
CAN,2018,-0.280586400080512,-0.147248593825131,0.962557833914846,0.0874482620597197,-2.37691077638745,589151751730.071,647871704851.116,97.3224132399288,94.0460988518258,-1.94907578248181,0.827229856344178,0.807041392324043,0.0243892119893369,1.00812217491773,
CAN,2019,-0.358192104559072,-0.128675985914367,0.962289600196327,0.0271381873555076,-1.9529617304564,596694846647.997,655017637295.949,96.3008775014744,93.1474625712419,-1.46609363998297,0.799769043359966,0.785292892315273,0.0243028121138355,0.99862860406576,
CAN,2020,0.480426493350452,-0.287949662399962,0.957212281847929,-0.225356321907141,-2.01695363307887,544015104466.577,594795833865.976,95.1318801622553,92.8371420792883,-2.20947549838382,0.710464246520346,0.744819373474046,0.0239547060602315,0.96643082943333,
CAN,2021,0.195977709472282,-0.189740429847886,1.0,0.12976749687151,0.0147787771991951,615919089232.118,626699020055.415,100.0,100.0,0.0085414975747984,1.00000000000001,1.00000000000001,0.022875475713178,1.09386900921976,
CAN,2022,-0.356273386772565,-0.141435878077226,1.09647902275619,0.125048132583857,-0.366510514916941,663826424173.835,660661931343.08,98.6138684342099,99.8367696074259,0.131198749932849,1.30024295104247,1.26814178618348,0.0228632326980069,1.14503235070407,
CAN,2023,-0.0023512001493703,-0.269281570048477,1.12171868489074,0.0714011541550763,-0.725518128444715,660885276696.844,681114510795.525,95.2282508130449,98.3795905855733,-0.453885358246868,1.19220009795685,1.18762071432787,0.023330512287752,1.0766704358026,
CAN,2024,-0.0070454849244337,-0.111863689885113,1.12892744909915,0.0276213647875419,-0.868673022445159,693619396726.169,689178476585.712,94.1710191709681,98.6111844413803,-0.749763847635613,1.2030591037453,1.24896286649439,0.022801047933735,1.06737391279474,
CHE,2015,1.12683649218157,-1.77726929149241,0.923646205132731,0.0881121867741262,8.87620205803806,422363184766.387,469023474858.529,104.008086996616,108.157124929551,10.4552557840908,0.809105630845572,0.730343575240967,0.0198830704407228,0.999999999999998,
CHE,2016,-0.404157271815866,-1.39325005234042,0.908118583241247,0.11762785087974,7.27611545006428,433142917503.325,495543479546.437,102.939483749612,105.688683864671,10.0367668673852,0.786691579798373,0.69522945368453,0.0205277992058729,0.976796587171488,
CHE,2017,-1.08627548221917,-1.9049073909317,0.946800336823642,-0.0049021043131502,5.31362864323757,458528628312.719,494411855287.395,100.824276797385,103.380369988857,9.15129198913179,0.804929888242772,0.757529165091355,0.0193657032247442,0.961020637014748,
CHE,2018,-2.88765068797107,-1.26310274285593,0.994381133718242,0.0418556725542071,5.59796780823213,480190460687.346,504634514969.876,97.6753070734308,98.0075426274968,10.6267374820094,0.829146896798978,0.832886778860126,0.0189976083332876,0.957969040664818,
CHE,2019,-3.23375853233409,-1.67151555516574,0.979226170435867,-0.0039019569713053,4.11440460798226,488357943695.758,503642449969.981,99.0617206113414,100.066950241608,9.89520700309783,0.806447188927504,0.804551128110548,0.018686251584687,0.956603191938576,
CHE,2020,-3.27462741607998,-2.18730697948002,0.90649015124777,-0.0873058512012153,0.491996359945488,443095497309.446,481109668711.566,102.63698637175,101.964684754163,6.30007892561172,0.760073411055414,0.720459240507575,0.0194532283636702,0.927158230887155,
CHE,2021,-3.60872188860216,-1.58875434173007,1.0,0.202117045828947,6.75488175907754,491608942602.65,529105673389.454,100.0,100.0,11.9219085698754,1.0,1.00000000000001,0.0192989502345572,0.9370757944159,
CHE,2022,-2.61866427336816,-1.33576221707403,1.11101399519384,0.122210903918088,9.38502636044573,524501969771.331,561196812958.377,100.674256907829,103.948807341565,13.7697929809954,1.23965874031061,1.28517062793203,0.0194209059839724,0.94497517108861,
CHE,2023,-2.89561578968334,-1.52823242800362,1.02514852841507,0.0357858148698611,6.51100067921813,529836301835.645,571109896880.119,102.210093045348,106.087378423029,11.4261952246831,1.09860456055454,1.09631093165078,0.0195635623741923,0.933554312176235,
CHE,2024,-3.34343261591132,-1.02033026359807,0.999116087648111,0.0183185318952627,7.31015649724172,542778097810.051,576457931478.195,103.060725379607,105.850376852716,13.1881281060706,1.31356780244042,1.14590023349664,0.0190756614278934,0.927839017364579,
CHL,2015,-2.47386283331453,0.60724645261765,0.755507850856009,-0.0080367621223195,-2.81623480566259,76294646084.372,89787461483.113,102.972133126039,92.1041825798373,-0.813802610778573,,,0.0038069579385126,0.918623895815244,
CHL,2016,-2.78677921603445,0.417940017505134,0.749081395938633,0.0037425145375738,-3.0142957077312,78150253254.872,90667733322.9914,104.889812933189,96.1250662916799,-0.346515771059963,,,0.0037575345804222,0.939389641604759,
CHL,2017,-3.88364181434195,0.385525283645822,0.750127404924662,0.0078504076874437,-2.51756547473768,83049541509.9144,92567173384.9322,108.163878858667,101.450555766925,0.645418853341964,,,0.0036255059816433,1.02561273095863,
CHL,2018,-4.08397898336983,0.606727754095685,0.782014644817084,0.0228338271285457,-4.50689537451449,87074339271.5169,98356903921.3977,110.011525858651,106.139729250972,-1.08107904719873,,,0.003702543497004,1.00000000000002,
CHL,2019,-3.72748796814292,0.326588592538327,0.834783618206839,-0.0087532607996415,-5.15298019747018,87498493980.6276,96038250520.4677,104.985764281453,104.625230276884,-1.86894283713868,,,0.0035633083720289,0.980568039602398,
CHL,2020,-6.22902559378299,-0.164943645861916,0.914145404907637,-0.0234095880222795,-2.17273768543731,82226388784.454,89758154974.2057,97.0585123552276,97.3908778660731,4.35200907298291,,,0.0036294203639302,1.07679684515025,
CHL,2021,-5.62020009461423,-0.841807896960255,1.0,0.0468874798877603,-7.16416260185248,90832960923.0731,101333717412.627,100.0,100.0,-0.739028453452622,,,0.0036964999695517,1.20952816222377,
CHL,2022,-4.71019545346182,0.0133813229353092,1.23531162064405,0.0057283487611647,-8.53723516169697,92687923292.1376,102893147215.61,94.6507446335754,100.514886377657,-3.92041830179904,,,0.0035617484183628,1.12529034664513,
CHL,2023,-5.07710020953215,0.096462543050967,1.1472260806327,-0.0208159700535283,-3.38103586485708,95320644665.9146,96921118533.7146,102.962217661961,112.502979815114,1.31205533264339,,,0.0033199914385489,1.15085285373772,
CHL,2024,-6.30710789584104,0.0784463720631742,1.27873925553046,0.0116787009049972,-2.45285014192156,99123409474.4448,100330676507.99,95.0034195513466,108.792178046256,4.02381032900597,,,0.0033189953074627,1.19668665564777,
COL,2015,-1.79479976169716,1.97272555059728,0.644287659316061,0.0003292629564355,-6.32008703696608,47103950460.0445,61042606167.0616,117.097831425363,112.932101560033,-7.06034109945163,0.501424605442859,0.508507888859186,0.0025882540537194,1.0,
COL,2016,-1.86803626708791,2.18487438948716,0.687807450769639,-0.005363581407821,-4.46140529703941,47762479509.9833,59788564819.6246,113.874306979411,106.526581266553,-6.76837442780697,0.48185567855478,0.524312854493124,0.0024776437394313,0.960807210800123,
COL,2017,-2.58179167767082,2.20762942596477,0.692900662040454,0.0043077654608389,-3.17460307581322,50410793990.4304,60819085824.5934,119.144903727473,113.317062706263,-4.99233544565772,0.553501057009108,0.558909776603293,0.0023829770037769,1.0389930205315001,
COL,2018,-3.42936878262123,2.38854717871269,0.729652053366056,0.0082637896935491,-4.22059386154437,52436419421.6983,62910720408.8632,120.139798707747,116.314410344324,-4.73531344181102,0.674193357966632,0.615675734531702,0.0023679682031534,1.11906353357439,
COL,2019,-3.0036480202828,2.80721203949986,0.789620783201902,0.0130052574862466,-4.58038251135194,52849547091.1421,66335830342.3294,112.828872638583,110.858200881607,-5.8224566725908,0.702072918763475,0.649871394115474,0.0024612272010281,1.10639503489813,
COL,2020,-1.82870574497973,3.24641866045687,0.869427172708946,-0.0524320458561729,-3.42206529729587,48430684106.2243,52322885389.4757,103.797229971206,107.349663815721,-7.01101984934962,0.644251201127587,0.705922192925115,0.0021058679122114,1.0263734623144,
COL,2021,-2.75529964003357,3.38748699317338,1.0,0.0458464669805871,-5.6683791971936,54070373896.0583,63596059711.8281,100.0,100.0,-7.66513448383998,1.0,1.0,0.0023176935981485,1.16950096859683,
COL,2022,-4.9585807340399,3.56461605076939,1.21632920272009,0.0445806042770635,-6.09447923456507,57059291385.2921,75706222208.5709,94.7887337168403,92.8746884422626,-7.60917708708237,1.48297489268141,1.36160754274821,0.0026200236985023,1.37817517549133,
COL,2023,-3.88373301245064,3.5489144315369,1.20504006815193,-0.0211273483819838,-2.55725990902749,57812968050.0875,69652505503.7343,101.11904720207,95.6632990570895,-4.81921805941198,1.33024530830421,1.25419348093948,0.0023860362297954,1.22731892415005,
COL,2024,-3.22810006546268,3.56184659109525,1.13057240876261,0.0086974348782585,-2.43423714630223,60084911925.8667,72191692754.6226,112.788695975192,108.388811400184,-4.52042671669988,1.32532132202676,1.1847042069013,0.0023880342966108,1.20983021703515,
CRI,2015,-4.21079133451711,0.807817551203489,,0.0028724557512782,-3.39618037800341,19799501705.923,18243313166.9572,117.923677927679,128.658066434141,-0.7622462098915,,,,0.983815546725877,
CRI,2016,-4.14308530143999,0.865451216326436,,0.0071574894317447,-2.10016176611618,20284099556.9047,19916340086.843,116.811216190073,127.504926233023,0.341714428317463,,,,1.0155020728386,
CRI,2017,-5.18916849149219,0.958540452006846,,0.0049595215077463,-3.5707580817637,21359841970.8201,21102672553.9979,110.743104941597,119.146853618438,0.453412556148768,,,,1.00000000018024,
CRI,2018,-5.3299511933521,0.895021418697393,,0.0032144184458111,-2.95910342125902,22258916605.4253,21916037699.686,108.508176463907,114.366900411735,0.53167953239836,,,,0.982511303402508,
CRI,2019,-5.93638474299727,0.905979242586694,,0.0007928478964321,-1.28445049119267,22753391498.6891,22124779499.1897,108.900753221132,112.050872798339,2.89011310067239,,,,0.989508427794028,
CRI,2020,-5.86116428510229,0.844573101265678,,-0.0097329879054656,-1.18810947550682,20831989396.4388,19524204542.0028,110.327129129555,110.011594174037,3.6731090647391,,,,0.99777251829449,
CRI,2021,-6.59994771071327,0.806556011331364,,0.0139245179810907,-3.1769577904344,23199680820.4097,22946733079.7058,100.0,100.0,1.57107175020175,,,,0.949362193752231,
CRI,2022,-7.43053613874165,0.819723033704468,,0.0113462996960764,-3.24893124041284,24972071369.8711,26027473533.5487,100.137653927009,95.679030793118,2.58285969239346,,,,0.882302228991206,
CRI,2023,-8.11023079458232,0.65086255688542,,0.0070341978121518,-1.39384347607564,24832341664.2007,28041305898.3359,114.402027387656,110.44909390705,5.35926498910832,,,,0.919217089095274,
CRI,2024,-8.74149189331222,0.653824406550141,,0.0051361550343703,-2.02368130846467,25746034528.1231,29540789316.655,118.030252151069,114.169499077252,5.40994172262873,,,,0.933764896055117,
CZE,2015,-5.4738685251844,0.025075275857437,0.995685370017501,0.0444888604183994,0.445786400891013,198353355165.869,169171822189.453,86.0450515419059,79.6976760650496,6.0320514983057,0.833684838056358,0.759783925568173,0.0071720449021769,0.978918532468937,
CZE,2016,-5.23057846891035,-0.55093139369403,0.953722757253129,0.0233332758458339,1.75944763597897,205687243600.644,174625968841.335,88.2268570047542,82.5699179876925,7.64603742686098,0.781397101062593,0.695008987677471,0.007237419733969,0.988876566309724,
CZE,2017,-5.41944828647263,-0.642836840939707,0.94859813320639,0.0504983163787068,1.53962640132599,217200702634.35,186705843305.994,91.2957638792811,86.1345799560668,7.66091737231098,0.795561395939053,0.739384968511172,0.0073135286131482,0.978830152742543,
CZE,2018,-5.2760350911988,-0.400490474943527,0.935405626046413,0.0327183089143913,0.391634773767209,226918275115.899,194985208465.43,94.9318845059687,92.7014806660501,6.12197575532462,0.785979015852985,0.773727779463196,0.0073400284109442,0.978650782464263,
CZE,2019,-5.42166055605792,-0.328849201377989,0.952042322261344,0.0088229786457625,0.332074286530486,234351219156.589,197308444300.561,95.4592063320358,93.2509386837242,6.11441931297359,0.791929872005895,0.775987100997862,0.0073207014899968,0.982775435273307,
CZE,2020,-4.4582700550623,-0.453035751531793,0.953015202287691,-0.0629619945800571,1.75850888132917,214686104510.534,180483156999.672,95.7896280305085,94.054469545054,6.74982774356864,0.78983590634128,0.731549219102054,0.0072604261021138,0.99999994284555,
CZE,2021,-5.34006125140443,-0.399233475911629,1.0,0.0781418923573469,-2.05671710924816,236525409698.664,199694249154.281,100.0,100.0,3.71342744702301,1.0,0.999999999999996,0.0072894080476981,0.999257927087331,
CZE,2022,-5.29071619878362,-0.472438471122107,1.12873776230936,0.0407582831194472,-4.68602521325849,253445407793.514,210764146202.884,109.778267937435,103.420280306876,0.793931503119599,1.24577042997658,1.32916070133918,0.0072939617742394,0.964495359228096,
CZE,2023,-4.23181181930327,-0.4890268259605,1.06962335978787,0.0091375937672063,0.311389328035667,251688332662.368,213381573956.531,118.236538187839,107.360791405,5.0360102761751,1.08995266335889,1.13340229829148,0.0073094842394379,0.992026063600042,
CZE,2024,-5.6350302292301,-0.362359128617724,1.12027556207007,0.0030568516854521,0.827304400593578,253293944507.629,214274011662.154,112.565401337625,102.077474539239,6.95381511345882,1.20326834337073,1.21953700349135,0.0070890329079984,1.0081768095652,
DEU,2015,1.97444157232629,-1.13626890551322,0.93635200350758,0.304725295148563,8.18969949369053,1726618105611.28,1529789403793.02,97.1481533788807,94.1072085324845,7.39317596403644,0.771254018629804,0.711839600683269,0.0648607072208747,0.973547621331673,
DEU,2016,2.83432250478394,-1.11755794472131,0.90056026539835,0.179135061988941,8.92761446193941,1779640369721.89,1570176630527.04,98.4310642443413,95.6973805487139,7.20821740419432,0.738208454196906,0.654826592472166,0.0650709418018341,0.990866736023566,
DEU,2017,2.51343818435198,-1.46764641684396,0.920116923402351,0.316265528236923,8.1414649240002,1881816346808.52,1643184816642.46,98.6095720039672,95.9009468035302,7.10970499557457,0.766528920674459,0.721486914166088,0.0643657039990346,0.981773894760331,
DEU,2018,3.95645512796633,-1.3644153038036,0.931027936607322,0.255262183324336,8.60297610177688,1958492122532.88,1705529016859.34,100.054449481145,98.6295355471734,6.02909743694806,0.775958774385246,0.778324307766135,0.0642034471559891,0.974245273164633,
DEU,2019,3.76786644209708,-1.34566658646324,0.95132756157515,0.178141970651219,8.11664288804615,2003616172689.86,1750821267746.53,98.9206262516422,98.9065809112571,5.68690278102541,0.781158922406685,0.778569080925608,0.0649608095842656,0.98121675022141,
DEU,2020,2.49575616880514,-1.48635757865176,0.915564119712701,-0.647936806811743,6.26901881228498,1846227924002.36,1583595152471.43,99.4475748456644,100.172405718769,5.30595089123361,0.750702332284536,0.702005166656582,0.0637827155990159,0.999998534699332,
DEU,2021,3.37141214831814,-1.56681771305694,1.0,0.623980323965698,7.00350611593362,2037479807413.35,1731769505728.67,100.0,99.9999999999999,5.09592054767179,1.0,1.0,0.0631908818883684,0.973498894404505,
DEU,2022,3.5862842614157,-1.66089853191871,1.19679688942114,0.332639476894605,4.39975973212821,2166049420229.17,1819116702557.47,96.5794262226034,98.4303959863287,2.43771567170252,1.32208593220951,1.38330273227213,0.0629581876772674,0.939642902045266,
DEU,2023,3.37940791817963,-1.48407355502249,1.14298248288529,-0.0011871152051225,5.87993095021794,2175484575316.73,1818787857938.56,98.7201198679837,100.328847033198,4.00819273563437,1.17947774716734,1.20409662309928,0.0623047086337314,0.975556651174962,
DEU,2024,3.2478012114446,-1.5051406596939,1.13700867694436,-0.0288399008165541,6.54607231921513,2211428318885.78,1810368144598.33,98.651706034372,101.147117286233,4.83983765159193,1.24739945806154,1.23094593057836,0.0598983605560495,0.987191012045509,
DNK,2015,3.08440162159327,-1.62582533874966,0.938638624581948,0.0286124310247266,7.95686336781097,183014182132.894,186421534037.776,99.1152865751761,102.598732395733,6.49828107572431,0.76782313831805,0.748459550550064,0.0079040753928017,0.980241210165456,
DNK,2016,2.51097752592009,-1.45838236321727,0.90331635963269,0.0315026814370594,7.08766919239557,188369247020.994,193784991895.066,100.470039516454,103.133755520066,6.03512209013961,0.74863643442802,0.714536942091408,0.0080286430695908,0.981553223612639,
DNK,2017,2.19786435909442,-1.35112104096171,0.921869220979727,0.0371188541011804,7.32296734582269,198215718144.254,202664031975.191,100.329204728696,102.095372857664,6.4762269962834,0.767109275545665,0.744560228640856,0.00793914653416,0.982248298980911,
DNK,2018,2.79870809906166,-1.64431488690389,0.933457226749485,0.0357776248849082,6.30714206396468,206145188363.239,211717126654.471,101.10488778568,102.709659896832,5.15275108042547,0.766468566663769,0.764175008283277,0.007969726747808,0.974755535706633,
DNK,2019,2.90738556945681,-1.47101322444395,0.953479057283483,0.030390846987452,7.44614385296458,211832202631.009,219719325684.086,99.8282404580263,101.529548247716,6.00974081734803,0.775475618245788,0.770334495524362,0.0081521534315251,0.974365281126555,
DNK,2020,3.23513700958293,-1.64915979279605,0.920244908813461,-0.0431102848973834,7.22647489503797,194265875688.247,208199270425.474,101.00041046224,102.245702117799,5.64036555359894,0.779070666421117,0.740700345799923,0.0084093946547536,1.00000000078095,
DNK,2021,3.94799658405926,-1.50635635644711,0.999999999999999,0.0773522163210853,8.67824999086904,212722965897.772,227215507711.881,100.0,100.0,6.23680384159292,1.0,1.0,0.008290667491252,1.01021774327392,
DNK,2022,3.17563507345887,-1.07121512949885,1.18890602722399,0.0490606600335979,11.6582076792545,229152497301.53,240539999144.09,98.505045836929,99.6053817249423,9.55378857910868,1.29453502178511,1.35848840989132,0.0083253782470301,1.01719084995034,
DNK,2023,2.84603689985887,-1.16115124001293,1.14287680495257,0.0615398991404811,9.83560608589015,229009571229.376,258167636210.731,98.9197936415268,98.0732309234614,8.15071935793597,1.15495105948195,1.19708994876371,0.0088417776364577,0.938654803561132,
DNK,2024,3.35591477086694,-0.976713691000506,1.14121936122922,0.0356604062023618,13.0659380461684,233036490397.734,268578573464.987,97.8650446793063,95.7514043534553,10.8822454067482,1.15518017048603,1.22162578394008,0.0088853298419216,0.932296231200588,
ESP,2015,-0.0781888158717799,-0.890708593042827,0.935316601177241,0.0884205846080157,2.04615531794332,437097947647.774,447480075044.974,96.851840289029,92.0612493623949,3.01532868738456,0.747494832549426,0.704120865709799,0.0189715211423123,0.987646037017575,
ESP,2016,0.161269209157529,-0.980260328219798,0.902459508837422,0.078260784096627,3.14657509971352,450432908021.439,465773137132.403,97.5427106273918,91.5950547908738,3.9653881191522,0.725024004273195,0.645303901966472,0.0193001008164304,0.991952181369594,
ESP,2017,-0.0421358878108522,-0.797761413441066,0.9210775628924,0.119115672078644,2.7935324403602,475046065184.172,494265964295.902,98.5477087778936,91.8314541023258,3.63334427327987,0.752932559163188,0.718149686114878,0.0193606088081068,0.986530209412353,
ESP,2018,0.0359654072174943,-0.898970201505243,0.932166284415111,0.0529338560293234,1.87729526939397,493128378887.251,507660161176.905,100.175478817057,93.0848356536066,2.74021757421565,0.767018612327662,0.785396320306592,0.0191108761244063,0.98020023873337,
ESP,2019,0.0959552049517033,-0.952054302829183,0.950925918507954,0.0349748275786326,2.12880171650543,506000090516.075,516868369307.307,98.6741159435064,94.5621332856748,2.98490081438293,0.772981208355451,0.784602109399053,0.019177168122402,0.979109828778985,
ESP,2020,0.182427777197236,-0.909570727957697,0.919147511809778,-0.343405198878035,0.788778743444606,457257228241.013,425113301999.711,99.1300631708069,99.4318672042218,1.51592169420505,0.755593092937572,0.698778071905135,0.0170714839457141,0.999997094687056,
ESP,2021,0.667759904295842,-0.88427599447662,1.0,0.245024126094844,0.77306361768836,502212688060.506,485338156111.295,100.0,100.0,0.989579707869134,1.00000000000001,1.0,0.0177021512739459,0.992721991263573,
ESP,2022,0.436580765257575,-0.968966147336743,1.18884384045063,0.198005778876087,0.350312930201673,544150271829.88,539100565832.341,98.6795028385316,96.1283514143861,0.882698312280824,1.32267779184968,1.3971900309311,0.0186570846497707,0.928864926809366,
ESP,2023,-0.481805000363145,-0.790549928530989,1.14235438923408,0.0298851332780467,2.6545660397782,546155756396.517,547656431082.156,98.8293429475058,98.4670979201716,3.92678753060096,1.17202590312458,1.21050053309863,0.018759551605349,0.988114341072807,
ESP,2024,-0.521069781149561,-0.883998609190803,1.13876824165344,0.0527682282975668,3.02255228179634,553515018840.456,563061940226.016,99.5108981965701,99.0111984075278,4.34705278296544,1.18195961646668,1.2231498249364,0.0186277261971467,0.991314502966465,
EST,2015,-2.16063460304595,0.0161880953070874,0.931660895264823,-0.0016609717592882,1.4026508463141,22165028632.5149,20614730648.106,92.9734116835844,87.3462448924201,3.60726755206851,0.761462918449169,0.773438868638131,0.0008740806488674,0.994285971512223,
EST,2016,-2.11612074170203,-0.178973143258566,0.895129708041496,0.004746581263042,0.523395010889668,22856150815.6204,21724242680.3965,94.1208878288733,90.2968318198353,3.22789920274047,0.708412879132454,0.708488842608314,0.0009003511213293,1.00066119975808,
EST,2017,-2.28892694553046,0.642332440192035,0.917348713708502,0.0038056999261011,1.42795442473466,24274664235.7671,22634617137.4913,94.2823934456122,90.483810690065,4.03477128316459,0.762239328868675,0.76364037304225,0.0008867793874022,1.00033297160577,
EST,2018,-2.06492733088493,0.265929001335759,0.932018821882376,0.0041006810813338,0.244715291827389,25366396064.2382,23672294120.2347,97.9161475033311,95.3556419154762,2.38616729160098,0.806839897691719,0.816976805071099,0.0008911153904913,1.01136505907847,
EST,2019,-1.93519558532619,0.271131345863437,0.946887288459803,0.0039382428806402,1.84763176545579,26023997591.7655,24709298442.1423,97.6970639684517,96.9077671888621,3.72414447000602,0.810275745531892,0.817316696770882,0.0009167779157387,1.01907049054073,
EST,2020,-1.44808550956427,-0.0991249009523158,0.913083396981375,-0.0016590803538042,-2.42281370226213,24148788276.8334,24265943624.7767,98.2527059066241,99.3889024354705,-0.865196613738325,0.747114528709445,0.731599534990273,0.0009760835149457,1.00121026542952,
EST,2021,-2.18418766670375,-0.146185788716392,1.0,0.022312070803113,-4.06804156704672,26774557332.0036,29751339939.4523,100.0,99.9999999999998,-1.40535946848164,1.00000000000001,0.999999999999998,0.0010852390139879,1.00348307664024,
EST,2022,-2.33633408114163,-0.31413126158627,1.19389525252195,0.0055644210033284,-4.28872995367787,28658238771.5647,31262629496.5077,104.198501923971,103.169112328325,-1.18990640795734,1.31800612814133,1.36462421925934,0.001082142241956,1.00765812205107,
EST,2023,-3.10371110802693,0.310502124357275,1.1392700882647,-0.0085031019846554,-2.20155177118123,28454286018.1578,28826949415.543,112.271697780786,114.85733122196,0.900750941133954,1.16601613666403,1.2016883832509,0.0009876077877953,1.05984301829832,
EST,2024,-1.92283606178756,0.461726090624696,1.13624687867561,-0.0005493245265357,-0.528639124009495,28709729600.4265,28666575942.9153,114.472505195363,116.787264454454,1.00093567368313,1.19256979773325,1.25594282106722,0.0009484538411561,1.06873979205222,
FIN,2015,0.738629095668588,-1.35950991995493,0.934565642713633,0.0050372134172061,-0.937487347901275,98529627389.3474,98020794879.5264,98.7320399936435,101.623536005044,-0.398683108776654,0.791358496237887,0.692624959147685,0.004155908060205,1.0,
FIN,2016,0.465936905933227,-1.34008281135925,0.900943222798025,0.0206453318248977,-1.75925639815844,101140070798.602,102846635374.181,100.072564311678,101.124593824656,-1.05554963215695,0.728732696239228,0.630375974878217,0.0042621204058355,0.995676567283929,
FIN,2017,-0.0325863007481909,-1.08863499798642,0.919926981066503,0.0286530628746055,-0.74246762069404,107202096593.15,109700832253.884,98.2525072757713,96.059641289113,0.393847961336012,0.807317447518743,0.715710780940436,0.0042976489748054,0.991527326896227,
FIN,2018,0.370577294325983,-1.16418867044528,0.930880995569191,0.0162318738142869,-1.74736859469129,111711564186.948,113808306478.24,100.356924485579,98.7649836461699,-0.845173670252929,0.866473795355111,0.788604032146603,0.0042843242041889,0.999459311563317,
FIN,2019,0.785433251151915,-1.15083439341752,0.949390919943727,0.0198655571863003,0.0732400587342255,114231170497.195,119039235418.8,99.0928127941687,97.9652405476959,0.672485933975761,0.863695110701701,0.786332748965069,0.0044166970364073,0.994777931514376,
FIN,2020,1.36468497659022,-1.35221838609836,0.917864265960718,-0.0326411334356157,0.175480106634681,105186510688.67,110316569443.176,100.630508752143,97.0660964510553,0.244091257133495,0.758855086146515,0.692574157632841,0.0044532402896607,1.01059007623354,
FIN,2021,1.17036707998342,-1.33203920633611,0.999999999999998,0.0280370478760577,-0.222520255609321,116745678908.075,117209444624.993,99.9999999999998,100.0,0.0542683024874016,1.0,1.0,0.0042750260172468,1.0090865682584,
FIN,2022,0.992841249541459,-1.14284804950029,1.19102356509268,0.0271260802651525,-2.22260205524162,123615467900.351,124576852986.806,95.8378659455334,97.6622597881862,-1.94044881333508,1.27310107036905,1.36447712147247,0.0043115241177688,1.0053836589061,
FIN,2023,0.330541566539931,-0.985426690375675,1.13973904972573,-0.0142967437897289,-0.137231472473445,124513516583.884,120481607024.316,101.798897137854,103.005113501198,0.297087662812821,1.13270247726422,1.18631378986514,0.0041272879476147,0.983802830657659,
FIN,2024,0.650674178181386,-0.763259207106883,1.13538438456301,-0.0012287637427012,0.418909572201031,126321391268.961,120122873527.2,101.498713039278,99.3083373684471,-0.0442863492955264,1.15939325209499,1.211977946312,0.0039734223623935,0.970178462125346,
FRA,2015,2.14133919163276,-2.08722346842744,0.936054735167369,0.185098839318874,-0.324966733811885,806339949849.564,887479167406.164,99.1997113876485,102.620150001271,-0.111050730312523,0.79059701501372,0.714000925806056,0.0376252273285851,0.994702854144603,
FRA,2016,2.08223183687643,-2.11285553077363,0.901666558330738,0.10474921297642,-0.528494114152934,828445554795.482,911978107942.966,99.8429679917076,103.722355738007,-0.368390034843753,0.766892919362695,0.656038378413105,0.0377928919932445,1.00396407014232,
FRA,2017,2.0690391236053,-1.8238974716068,0.920956922391674,0.183382571485708,-0.546023068069124,872488473894.29,955807390439.07,99.8515983478176,103.771270859378,-0.766258328224558,0.776415831570323,0.719216657023761,0.037438748105962,0.991952681564644,
FRA,2018,2.31022203350452,-2.01250797849909,0.931490490082141,0.125415509953391,-0.697551201132096,906678201154.522,987559184547.544,101.237148877262,103.497006605403,-0.976796547552119,0.772421287961785,0.781711273063274,0.0371758857602901,0.980513763266132,
FRA,2019,3.0262049604168,-1.86550537844606,0.951373278591642,0.0796788677746423,0.596838517665686,927987732311.782,1008530615243.33,100.033467415928,98.8704196654485,-0.655286228278558,0.780612532389335,0.781610888730236,0.0374193070072547,0.98877613088758,
FRA,2020,2.02480248174142,-2.30471954584558,0.917659132153253,-0.553403913731939,-2.0541061645238,846515456406.279,860697034501.29,100.762461415578,99.3079632418652,-1.71435607271783,0.778451214746049,0.70489410281066,0.034658929084356,0.999919902388962,
FRA,2021,3.19700357144539,-1.90517530318732,1.0,0.332725560677235,0.277019896502056,933729393035.48,942441608425.182,100.0,100.0,-1.19081039474759,1.0,1.0,0.0343837094697829,0.992598176991915,
FRA,2022,3.27598824766298,-1.89340025801727,1.19266503785467,0.302430564244046,-1.17196317735707,998200410926.092,1024577538013.75,95.7983459800537,98.8637682108783,-2.79546978055797,1.30921833254147,1.40856453954709,0.0354581097621986,0.963307721605132,
FRA,2023,2.29456381088384,-1.85205368374226,1.1428418276387,0.0562192801456326,-0.994559814809517,1001015758370.89,1040644836721.27,97.3225022064849,98.5888669867181,-1.998799876591,1.18646967604198,1.2238443507835,0.0356461649208195,0.963330618299649,
FRA,2024,2.16932876003622,-1.90621440811112,1.13852862341668,0.0032003534331572,-0.225585863856249,1019226825511.71,1041579169285.93,96.9734708338428,96.9050016477514,-0.691622843114351,1.31048184382228,1.253980186776,0.034462800289573,0.968434970442536,
GBR,2015,-2.17949741475258,-1.2566457477911,0.789110086246236,0.164647636913997,-4.94779151671502,914411654692.228,893351413522.664,111.546479103083,106.809020566879,-1.51164835417134,0.605127240180944,0.591517536015425,0.0378762541924485,1.03293205801399,
GBR,2016,-2.34645230450206,-1.20543570766879,0.860175903150931,0.129427069005497,-5.44760737982925,951241570426.533,923614806668.852,100.392438542324,96.6171162193387,-1.8957193676584,0.627456067146935,0.624204476684012,0.0382737489427039,1.03402339210316,
GBR,2017,-1.07597568670461,-1.07655192217748,0.940076768908732,0.189619575831582,-3.4934755738585,1001130788115.8,968989673224.158,95.0629399327815,90.5235680973307,-1.34094796497641,0.73824691179689,0.720839062791563,0.0379594111165254,1.02036635544207,
GBR,2018,-1.35914815007545,-1.18542733740215,0.958568801166192,0.118229607110042,-3.92700101844349,1032488267228.5,998917564310.809,96.5828339554897,92.0082917281251,-1.38242553096589,0.817126239481664,0.78360556548359,0.037602531344352,1.02018781163002,
GBR,2019,-0.100898823190256,-1.19144768324395,0.971503715870335,0.0896827890123605,-2.68791958175782,1109780979757.29,1022540060050.04,96.463752772244,92.1534729212813,-1.39557307532361,0.809423324005805,0.778449836857039,0.0379400498549181,1.02704603287691,
GBR,2020,-2.13754691022426,-1.35498881380717,0.948807002112415,-0.530547245715815,-2.93408180515583,1036755114188.45,880715479545.61,96.7982291545997,100.419560688345,0.558453918875606,0.722324357078069,0.727803931317372,0.0354782025070002,1.0422108252354,
GBR,2021,0.597313380589831,-0.810273912662992,1.0,0.161483761493519,-0.436947580292297,1100724696831.33,920427887688.428,100.0,100.0,-0.223987048219137,1.0,1.0,0.0335757103387358,1.04016608671541,
GBR,2022,0.546621554225966,-0.902064099986224,1.18542772894168,0.432852390480714,-2.1015837379889,1187849068909.14,1038024955590.03,98.0964552800944,96.1861970535953,-1.74614119222865,1.38938473660496,1.39238872528957,0.0359205737754818,1.0,
GBR,2023,-0.672860473178778,-0.734587756233481,1.15333308648769,-0.10053760960489,-1.96097173963947,1201370503166.32,1009217766281.15,101.756350913112,99.5395760644536,-0.553523510227207,1.23910991475314,1.23496097593678,0.0345708393461956,1.02092572817805,
GBR,2024,-0.791678274304576,-0.616464242477545,1.11565281235928,0.0030697352128566,-2.84065947110358,1237078157434.68,1010113965289.85,105.940263189924,102.485880265352,-1.43251695432146,1.28627522694105,1.23374990951653,0.0334190928158442,1.03548725734757,
GRC,2015,0.0120159394929215,-0.332095146102495,0.935478320310551,0.0210036673214844,-1.14270250434775,72470953835.426,75575370164.4893,102.344930881989,100.918435882231,-0.899049913066006,0.696518089690325,0.700660006766651,0.0032044688709598,1.0,
GRC,2016,-0.435272056793317,-0.344594303381373,0.899478814751065,0.0029619499085278,-2.1066231925777,74424430650.2035,76267710960.7386,102.431412833949,103.067508853685,-1.29889560339403,0.630115847505969,0.624468091070034,0.0031602928876052,1.01183776037546,
GRC,2017,-0.567392588432954,-0.382212328843663,0.92028384295496,0.0246932300537014,-2.37483871682344,78804964367.2614,82174405888.0367,102.201068404428,101.327322247198,-1.32400488221518,0.711537298969425,0.712679263843798,0.0032188356379188,1.00356889915492,
GRC,2018,-1.0254675845748,-0.259377291080433,0.931857291294677,0.0283186183593935,-3.20845005591694,81670464757.7494,89340049545.162,103.486963729219,102.515551236804,-1.97618479456643,0.799486176220586,0.810547049291445,0.0033628534082096,0.982154985598711,
GRC,2019,-0.868284476750587,0.45719372586159,0.951061229596711,0.0128567149662925,-1.51993058472575,83528351386.5432,92724978520.6289,101.085766269635,99.7102474643338,-1.46953362436355,0.7957116377283,0.805339548324007,0.0034403001547889,0.976239666130045,
GRC,2020,-0.151628496784346,0.308259911929628,0.916027358021769,-0.0492301765938307,-4.88723259624756,76433302885.4378,79571077002.2769,100.85494626115,103.531036548576,-7.39294315668836,0.68525938366907,0.664702060172707,0.0032106489760567,0.968359847452673,
GRC,2021,0.134814307338296,0.612963796484807,1.0,0.0662817107970595,-6.56991216631967,83874790646.8016,95862559913.123,100.0,100.0,-7.49182173495163,1.0,1.0,0.0034945170222738,0.95161030636751,
GRC,2022,-0.248866084286549,0.0964857984562485,1.1958318196147,0.0316737604398108,-10.0926833051605,90919460298.6245,104462600254.557,98.8059374998204,93.1897227426156,-9.63944919082708,1.43683228029088,1.48048869056104,0.003615290712941,0.981765225057684,
GRC,2023,-1.67569399889172,0.266271006843117,1.14286685372965,0.0048203348651666,-6.54818058385316,91820272099.3811,105842622059.433,101.453864878228,95.4464287746982,-4.7398076971752,1.23188604763443,1.25440894212316,0.0036255316581465,1.04959735792724,
GRC,2024,-1.03367946920552,0.838104340863174,1.13662456681467,0.0129571307720262,-5.43904964088166,93092361573.1195,109625413391.009,102.455224442917,95.4840995048742,-4.53109737434415,1.23223786027203,1.25512342210674,0.0036262825963027,1.10886570247918,
HUN,2015,-4.43371740714748,-0.97996544026591,0.805923161916659,0.0304587695021935,2.16534972780402,129060097718.637,112727025233.437,104.155871833312,103.762053296061,7.57902978025715,0.647430144641765,0.613544502386117,0.0047787991540086,1.01508084862123,
HUN,2016,-2.42326843560931,-1.45617756455256,0.783469323049351,0.0175105978434852,4.37153817015188,134299648988.641,116820122543.541,104.668536043116,106.099323642443,8.25098241947359,0.630642565892247,0.556335176462305,0.0048408683508778,1.02182009823541,
HUN,2017,-3.82288704639084,-0.856688353559921,0.794878427911152,0.03619058130616,1.77987446619576,142263485055.425,125477394910.859,106.043554156702,109.000729099049,6.45945084962903,0.650893543277396,0.616946796278773,0.0049154502231295,1.01737942153509,
HUN,2018,-3.52458556059671,-0.345466372483629,0.830486938120016,0.0295359953378402,0.222646261805301,148889477415.015,132951475902.918,105.019936548183,106.429579718787,4.09270022232641,0.681725787412632,0.701274721618949,0.0050046782281145,1.00806969250224,
HUN,2019,-2.296546113914,-0.559685799358229,0.861882620049645,0.0342964371012912,-0.650388400537391,153238321282.781,141982293599.538,103.919478194059,105.447655377948,2.20584492909715,0.701295511423668,0.713503209662449,0.0052679373726818,1.01091559281662,
HUN,2020,-2.35609313939569,-0.461697158216994,0.903610275269678,-0.0266910040353774,-0.947030297026299,140274027862.185,134849676308.111,99.6494545996709,100.335221593603,1.8711858272718,0.733531977053593,0.67268857541201,0.0054245003471389,1.03177014402697,
HUN,2021,-3.15382019773463,-1.04185038576625,1.0,0.0428736041900625,-4.08404055955191,155588283411.7,145390101376.51,99.9999999999998,100.0,0.111631325716678,0.999999999999999,1.0,0.0053066596872848,1.0,
HUN,2022,-2.95392368847962,-0.883595379022173,1.28890874112323,0.0572284894077361,-8.63809911298106,167235108227.364,160933285178.784,95.2932349580143,98.6366674607437,-4.80057863276084,1.44891259386763,1.56930252623533,0.0055694622334654,0.948277431857029,
HUN,2023,-3.14272711854661,-1.11665221644759,1.21844319820535,-0.0062662147152427,0.712869948281682,166154486594.675,159138352647.985,109.04369858094,110.715768833558,4.97224837535919,1.24932641297404,1.31623544840791,0.0054518973773598,1.00870939340125,
HUN,2024,-3.03799664745363,-0.829600901381099,1.26045123743645,-0.0150401162119897,2.72872584771035,167763376587.27,154747440629.451,106.783243011114,114.58984394444,6.59644186590344,1.29720208615662,1.38168817269814,0.0051196326079602,1.01798058844142,
IRL,2015,-22.3055976278947,-1.22581634642595,0.934805426202225,0.4295413086908,6.13716080930811,381227766542.553,351125189613.686,97.4916087725039,113.987339814152,29.6864034943103,0.79071181967696,0.752212472514826,0.0148807854191255,1.04144737987593,
IRL,2016,-18.5214389864133,-1.38268945992627,0.90153574941384,0.16500968437429,-1.24525455163573,391431169313.108,388327753210.894,101.29795516131,123.364752698339,18.560348241682,0.787563418458266,0.708851449887129,0.016089172866257,1.03285918854576,
IRL,2017,-21.5214191251425,-1.00649754272732,0.920281947081128,0.161861274319371,1.14324640397359,410442274942.815,425692552676.282,102.560017308091,120.611763528366,23.9516492719788,0.787285151695746,0.752756252165142,0.0166674556758197,1.00340913848499,
IRL,2018,-24.1217046715927,-1.09165008701297,0.927131252509619,0.0354720273993572,4.29075813741148,426531772505.815,434356096760.579,102.797958592418,118.644795100122,29.6816252038725,0.765624504454446,0.791168754914791,0.0163454047258021,1.0017643196077,
IRL,2019,-24.6174707563533,-0.958685630059366,0.949800024427032,0.407392996271805,-20.7689500580466,433343929870.959,537934976736.896,100.799536735242,117.513756732038,4.45846452068915,0.775956507516627,0.794892805071759,0.019957551036944,0.998897237596212,
IRL,2020,-26.8340894559768,-1.00068345817652,0.916646957642132,0.143850011973324,-7.05701194513627,395657665941.166,575061249595.113,100.99344113936,104.602799684933,21.2363761527836,0.79633450874112,0.752144409402509,0.0230994531053008,1.00471266050029,
IRL,2021,-28.6034503291391,-0.989741853822627,1.0,0.0847225965491097,12.1928342713478,438571528609.096,595180018517.43,100.0,100.0,41.5472914065355,1.00000000000001,1.0,0.0216904618643251,0.989138944856232,
IRL,2022,-31.6001496098549,-0.90372320400745,1.19500978101941,0.333363555619108,8.76884315487064,469813348223.51,682717349865.013,97.4756277405266,95.1255809908479,41.2096980894233,1.28634907382227,1.34603716667454,0.0236214327641763,0.997804847692141,
IRL,2023,-23.8322765184159,-0.950462394905773,1.14303012512839,-0.0735357986580741,8.08284818718319,467312431764.277,662347084551.765,100.493618399555,108.14864656285,33.0453778878407,1.15512654331733,1.19713061397963,0.0226869236063869,0.995367024986032,
IRL,2024,-23.842828099488,-0.904640104619622,1.13692269738133,0.176785180734067,12.8341579824817,478264691694.042,713958931418.022,99.4954665827832,112.292135950683,40.7332707087123,1.16669220140732,1.25262972769601,0.0236150902443409,1.00648095589056,
ISL,2015,-0.173422180850323,-1.7080874778104,0.911813343559189,0.0043752592229068,5.3490155584837,9786343226.66724,10035951713.6705,91.0179232867893,84.6664260713593,7.48523499418923,0.761302590034504,0.691144214431343,0.0004254663418389,0.999999999916221,
ISL,2016,1.9571177380459,-0.494374883417357,0.802826097203936,0.0054174111504905,7.65514877513418,9950620625.11057,11302270043.0616,102.095409830001,97.943121597538,6.63504896175316,0.69858209238065,0.575004108610382,0.0004682693670406,1.02668682292956,
ISL,2017,0.547495785948593,-0.740701602223624,0.738698540364872,0.0038813766948191,4.26924553429516,10522395308.2198,12230747398.0658,113.50925409657,113.315888721356,4.48553305854015,0.627975476580812,0.576600442920444,0.0004789525906678,1.04218940198412,
ISL,2018,1.70256568009315,-0.892368177768267,0.79201630874868,-0.00010439466993,4.13296095071128,10957359124.3296,12204330336.1293,110.685299305135,112.569285850966,3.45661780173191,0.642772062232017,0.674328093029518,0.0004594647659754,1.00279943917762,
ISL,2019,2.812376594944,-0.817168722162021,0.868884860972607,-0.0033052675586551,6.4975043689363,11280594890.3109,11333998859.0546,103.887110126053,102.919644240746,4.56375109073636,0.701180917877407,0.725666319433303,0.0004205314600917,0.994733008387196,
ISL,2020,3.20613272850417,-0.786117940755324,0.943954165353861,-0.0110263527600204,1.58318503264253,10288745327.9868,8387434756.28621,96.3401932535152,93.2921734887361,-1.35578553106181,0.819593363569187,0.748672359682565,0.0003374213471818,0.980188190645667,
ISL,2021,0.0799406073122791,-0.975681382264928,1.0,0.0059144327651584,-2.86158797622702,11188105409.7409,9841491082.1056,100.0,99.9999999999998,-1.72809632513054,0.999999999999998,0.999999999999997,0.0003584995697237,1.01855927760249,
ISL,2022,-0.842291279924045,-1.06354547823691,1.12852050931879,0.0076170584413181,-2.24157500106974,11972294792.6172,11910274315.9693,103.722526133184,106.374159478731,-0.139350032758189,1.20963254576578,1.30483336919877,0.0004121296033003,1.0438260728194,
ISL,2023,1.74090965562157,-1.09495437752304,1.13414893236053,0.0010662159247444,0.933656856780605,11944828682.5528,12215687669.1896,105.499196043843,105.232384440921,0.492691721084842,1.12643662464288,1.2056565910411,0.0004184267942551,0.985116648117474,
ISL,2024,0.585259240044008,-1.14945218092293,1.13302753849842,0.0006034039259401,-1.17718868241421,12135864991.9791,12391849443.0148,109.039298043995,106.665748795499,-0.506050845669074,1.06096830207856,1.26347842602252,0.000409944001257,0.977197965584712,
ISR,2015,-0.835801514377467,3.09010269349392,1.0587309051049,-0.0030107893065492,5.21878719900813,105421326642.92,98987321634.6562,88.5381876378999,86.25712636005,3.12962354757683,0.819304910668746,0.808892201271325,0.0041969761985202,0.999999847460571,
ISR,2016,-0.908350314653102,2.9870606293512,1.00264679162075,0.0250521259654452,3.76281807242764,108137714810.658,104843228515.46,89.9165714413545,89.5171907587889,1.86686430655984,0.777405657208667,0.72224556540531,0.0043440300019482,1.03315246436063,
ISR,2017,-0.493986844442531,2.24425726390071,0.979406723179381,0.0205598279445625,3.64385592181388,114631132583.103,109761407878.264,93.7298015294402,95.1170437845731,1.92298088156595,0.799358556296169,0.767839835976179,0.0042989754969634,1.03406396848952,
ISR,2018,-0.0539223735610985,2.18196068852827,1.03197040983673,0.0281633586312652,3.00609107855641,119642531567.75,116888129507.993,91.9249060878952,94.1809892087288,0.852738216356744,0.872165420712564,0.888624016036429,0.0044001830740816,1.00910876277706,
ISR,2019,-0.491766637332643,2.06675217862237,0.994690266158138,0.0147777179662882,3.19633505495251,121003094024.019,120779338624.202,94.9140787352611,97.3135867614247,1.83615121989626,0.823843856235524,0.833472617671897,0.0044812478770883,1.0555753535115,
ISR,2020,-0.906687203829846,1.69769978649589,0.939739717792996,-0.0226379418605213,4.77721641050123,111533208005.744,114729838122.409,97.0969787309905,98.4571482930757,4.06933599919201,0.823102643401535,0.722253527921825,0.004629257473834,1.09527233460597,
ISR,2021,-1.55122009221911,1.88206361378532,1.0,0.0822484412036885,3.84747996597849,123947134995.831,134950478703.971,100.0,100.0,3.56988290617313,0.999999999999997,0.999999999999998,0.0049212809700359,1.12286180900797,
ISR,2022,-0.868345840319707,1.82634433700778,1.10972166720637,0.0500778884124969,3.92597616131509,131007122258.394,148551538939.262,101.257515522373,103.821451994662,2.93727710178545,1.12413163302372,1.31746964960033,0.0051413757342784,1.12460978139075,
ISR,2023,-1.27143093411729,2.00659678393864,1.18893553055878,-0.0188299919996063,4.47631130906506,132590983499.294,143157783907.997,92.6390371565602,95.4259968168458,3.67983512744089,1.14063179034442,1.28682637554798,0.00490476681585,1.09274026001149,
ISR,2024,-1.41100287046989,2.4357928060681,1.19021530284173,-0.019032419541012,3.53786974343638,137187968662.942,137601332180.73,92.5624091746166,95.0220865531821,2.8766976544698,1.14699447488238,1.31902033561494,0.0045527730828957,1.12322575929216,
ITA,2015,-0.693656824768944,-0.917122417353493,0.936275497402789,0.121158578057579,1.24278147617216,606815391268.182,587246238159.776,100.046564040797,97.7861983385199,2.85240027759651,0.775550565930908,0.704864327820669,0.0248985074643802,0.955086578569436,
ITA,2016,0.261842841428768,-0.97272699785325,0.903000467207935,0.0818626347455401,2.45810231395572,623192595154.221,606381605956.466,100.873196553665,99.1423557809717,3.1245187706687,0.743506836392981,0.646348803973059,0.0251264000221953,0.983063432744315,
ITA,2017,0.521997872254354,-0.795479161327426,0.921607163012765,0.154050770034148,2.43473764202688,656003253593.54,643232615983.034,100.47766188881,98.6244603020654,2.70771740658558,0.766153671284989,0.714974147958972,0.0251956147260521,0.965089237892646,
ITA,2018,1.05011900335094,-0.926846691508925,0.931532945970354,0.0497611518918743,2.50029861190037,681625534541.59,655824671041.41,101.742243421004,100.517227373499,2.35066410713082,0.777692533888491,0.780079724456321,0.0246876456496423,0.959137788653138,
ITA,2019,0.766049610951436,-0.845448623910547,0.95120711311579,0.0069039763165779,3.15629129941918,697227231072.128,657642601904.394,99.8463286450956,99.1053416453254,3.24525598380239,0.784430224221753,0.779623682125658,0.0244003230199375,0.965326178425449,
ITA,2020,1.26771220599899,-1.02456684667831,0.919073538199146,-0.337985909145379,3.76347744573108,635539580297.005,567322877077.5,100.314811854492,99.8868224470578,3.46556812492019,0.769616822762528,0.697552544389731,0.0228109734843188,1.00000044864907,
ITA,2021,1.11933329613798,-1.05428732453065,0.999999999999998,0.347294488148684,2.10297131052826,698929508287.904,652704817741.301,100.0,100.0,2.01889741445534,1.0,1.0,0.0238112298259559,0.954644556917849,
ITA,2022,0.930317730016191,-0.857187555096313,1.18987016146789,0.290960795637898,-1.74980158438886,748492193627.278,731729394008.457,98.0147740211938,94.8618093776754,-1.822658003132,1.32755153782931,1.40039785427888,0.0253240753685576,0.874437733330526,
ITA,2023,-0.587466594868437,-0.71466856261804,1.14258918329153,0.0142137430149265,-0.0142067754747197,752641027019.984,735800864725.835,100.76028602458,95.7083224120723,1.22380761127663,1.1968591240158,1.21228585191529,0.0252047723262178,0.943105772941034,
ITA,2024,-0.627346775884898,-0.83313626678495,1.13883098429303,-0.0497767140245744,1.19549718712725,766258104505.674,721268718246.848,99.6110217778132,96.7300510452888,2.68790145420891,1.31379452148133,1.22638532771245,0.0238641092949292,0.952432673042805,
JPN,2015,3.97567720851662,-0.369673790972811,0.969443675963225,0.0656106420337472,3.07517744896331,948927560621.718,862919452063.633,98.5648053050283,92.2071678085011,-0.553869989985718,0.746332533099618,0.709718429902297,0.0365877645302815,1.00000106592308,
JPN,2016,3.50055126862897,-0.395858345697902,0.829590872618442,0.0063773947705739,3.8464966894214,972995170647.691,864410171040.88,111.076902935493,105.988070136076,0.805673256490227,0.610862424663143,0.568209959297138,0.035820943905034,1.05640236080302,
JPN,2017,3.78221895653467,-0.383052995131203,0.893141758492477,0.178081542724221,4.16337037008286,1036647717200.69,907009437106.199,105.417446333052,100.181966531067,0.759682718194599,0.724407871483381,0.691924064748146,0.0355292852993471,1.01610891962163,
JPN,2018,3.80254894158616,-0.359105401321092,0.926866167170522,0.13573043760143,3.50620491205076,1089395146454.38,941355816819.339,104.94297485868,101.410636875321,0.0199593949375208,0.804358071450337,0.804053096384116,0.0354367599398106,0.973796314170648,
JPN,2019,3.83181577573157,-0.246569181762357,0.890710590663111,-0.0081656677713756,3.36945898647027,1090241240822.44,939205661310.691,108.138357673576,106.03089607042,-0.28936520150437,0.751674425916804,0.749677410446524,0.0348470830342881,0.98063741898658,
JPN,2020,3.60922849760381,-0.489051796222098,0.851239884461464,-0.321835799586182,2.93274707310143,1019612488484.37,853202183018.122,109.466629710487,109.150796115474,-0.268822982650946,0.681936750130193,0.632830090592297,0.034462669495647,1.03398239422228,
JPN,2021,4.72528678964597,-0.426619458068939,1.0,0.29177114098975,3.84090898613111,1138224545491.96,924933394922.908,100.0,100.0,-0.520002863595205,0.999999999999996,0.999999999999996,0.0337634711511417,0.961289759849276,
JPN,2022,6.18152930554838,-0.463916865910946,1.29253188349529,0.23541435290911,1.87298631142403,1168368239018.71,988871251422.078,86.5093112487159,86.4302403908223,-3.71198072883843,1.38074459917044,1.50691193709184,0.0342215293665336,0.864843856751914,
JPN,2023,6.09397745172592,-0.705946487744496,1.33143166999674,0.0248450729272183,3.81028709409643,1185682497799.04,995527165861.878,82.2616246981801,79.7676050440085,-1.50054084027051,1.34295926283816,1.42157781902397,0.0340986018468881,0.908296379651784,
JPN,2024,6.59518390916139,-0.698672703512639,1.42411387466956,0.0493568998454469,4.49634248746847,1238829072883.64,1009936748984.39,77.2898196755915,75.5657284812525,-1.40147720562696,1.49339982205668,1.53995838080913,0.0334084271996425,0.926538438377356,
KOR,2015,0.283996391953736,-0.322963098717546,0.865768992076908,0.0241328678461503,6.82750207405045,670887643472.667,610344239245.549,103.567512997113,100.98476164956,6.54809731683437,0.682247018681875,0.644380425371125,0.0258767011142213,1.03813972443604,
KOR,2016,0.289169971111647,-0.362610451549538,0.851429443190874,0.100760376632839,6.22038296836287,687137617423.519,633896467184.148,101.917393800818,99.9122424591638,6.32625263996425,0.601970510150334,0.577006412952914,0.0262686211016545,1.07618882691258,
KOR,2017,0.311016571744569,-0.405951917966449,0.863599894885152,0.13508364749347,4.40176993576201,732653093617.113,666208882112.263,104.719384874083,101.976851052766,4.50564456065247,0.701914741892251,0.679153299270427,0.0261029965494406,1.06910806569992,
KOR,2018,0.267544663354922,-0.44538840833199,0.885310260892415,0.0719464634374135,4.2520994906438,772565873426.57,684413962347.468,106.063783645711,103.769735590189,4.19718358141501,0.833913560129031,0.80047058229997,0.0257642725647625,1.03562006886305,
KOR,2019,0.744443245014228,-0.349604230768187,0.916564619517515,-0.0278177642460097,3.41332846142751,774198382454.208,677090073121.029,101.323792032372,101.197834443311,2.63559493427957,0.828089150953853,0.797337852874542,0.0251216481462333,0.977851048960422,
KOR,2020,0.764604059760748,-0.198886462275813,0.906696844180614,-0.0617039524211643,4.28140602749801,727151749410.503,660603280474.773,99.5911680861195,100.505539225907,3.68543767897123,0.6764072111646,0.663362158796445,0.0266619224765709,0.999999685869862,
KOR,2021,0.996970971032794,-0.238828656066102,1.0,0.282251372274704,4.37342993501766,808533437027.457,729978276271.957,100.0,100.0,3.3713337728045,0.999999999999998,0.999999999999997,0.0266385869620907,0.971956857044881,
KOR,2022,1.14531596054468,-0.159522119700468,1.2134853496765,0.108325826313791,1.34018402186719,823051559789.925,759390839333.046,93.9960830820216,94.1700313048879,0.0045744404111641,1.45745780533894,1.4377042855572,0.0262829897847258,0.890775920974575,
KOR,2023,1.71171182412149,-0.247976466134989,1.18498050104269,0.0945611028094459,1.94478753232953,840146772795.741,786462897067.711,96.0345807870415,95.6703254508403,0.267063481123007,1.29487896291885,1.27441156223871,0.0269371376058309,0.895716703762183,
KOR,2024,1.13734057481229,-0.219767459163151,1.2205314338859,0.13425868734753,4.5738831148529,878361090634.187,825659275310.913,94.1825163567106,92.2192744613617,3.6101216716095,1.36678192944602,1.32283853153631,0.0273150298541079,0.92730910784767,
LTU,2015,-3.54467069499852,2.04915966591324,0.933905771908167,0.0081790185066147,-2.49987223026613,41034959387.1698,33292288692.7843,91.0028029773789,80.0255841459263,-0.986813458675423,0.721394597470097,0.703920305936166,0.0014114582955893,1.02574197760523,
LTU,2016,-3.50578466059465,1.82304820826032,0.897649474699832,0.0063769371375562,-0.922394594491869,41809870473.2497,34782895951.185,93.0614990231091,85.0048954079126,0.728400132608715,0.669280283347876,0.634899639228869,0.001441440040207,1.04295624932579,
LTU,2017,-3.56564398837396,2.29629876188437,0.918338650568488,0.017951891390454,0.935006965346381,44779681387.2998,39077229108.2269,93.314484434062,85.6337818392281,2.29428809595838,0.72665234917066,0.711834014550696,0.0015306551482627,1.04303444138345,
LTU,2018,-3.00478341908765,1.49954062359765,0.932015987708633,0.0098643992065486,0.28493448249841,46650919798.6931,41573414449.687,95.9849758943714,88.8179798832375,1.8569057475378,0.774632646074604,0.788750616217796,0.001564947887296,1.02761449015537,
LTU,2019,-3.07338254806387,1.56220954306896,0.948984502205176,0.0127372452270429,3.72767787123605,48024626380.9314,44927341251.5538,95.7334899097589,91.1077819847877,5.2624499439755,0.777700471788684,0.786860785690792,0.0016669149421015,1.03713922014404,
LTU,2020,-2.6756600304395,0.833051374847336,0.91586968988269,-0.0035235564147653,7.22832667761821,44171223348.2191,43985743873.7272,98.1093695221602,94.1892390280746,9.07280543636127,0.738163891004402,0.697038578941345,0.0017725423331085,1.05580938611502,
LTU,2021,-3.3493142742232,0.435200198075537,1.0,0.0318964500567967,1.77377558332673,49476231557.4251,51827448533.8063,100.0,100.0,4.45314937344877,0.999999999999998,0.999999999999996,0.0018901518928086,1.0,
LTU,2022,-3.92869583253598,-0.0285076980890175,1.1935746633091,0.0239298311289333,-6.06250370556718,51694647595.3916,58326759758.752,105.454913488605,104.235801675743,-2.09191356476309,1.34623247693236,1.41350627677408,0.0020187874511651,0.924429839166103,
LTU,2023,-3.05337232849944,0.226593815401586,1.14087206955902,-0.0088409700992521,1.09464557303373,52462197271.4899,55794298686.7795,112.772028117485,114.759913076776,3.9038071995804,1.19166434959134,1.22453689813362,0.0019112930946283,0.977563117010966,
LTU,2024,-2.4108797436843,-0.269018666439357,1.13610422378208,0.0057823842855953,3.66830858928653,53136897827.6957,57482446590.5279,110.618301267252,117.971864494237,6.37599633798395,1.24523434581708,1.25893944727185,0.0019016089743368,0.99673304926276,
LUX,2015,-38.8202775548706,1.9554018673178,0.935471334995818,0.0298857734747666,5.59383150494086,116347027376.31,130189209470.305,98.558600011076,92.9046685646927,32.5010589778893,0.845427700720049,0.736739167204127,0.005520270170061,1.00013489999127,
LUX,2016,-38.0204432962799,1.60467605039651,0.904928651372589,0.0258933413579075,7.41096144286787,120699142332.557,136149540735.932,98.5473849671359,91.1517179088534,33.8353533289731,0.838821157107198,0.696465526190351,0.005642078844977,0.99379600235569,
LUX,2017,-31.5271759569147,-0.4856083275838,0.922514534020916,0.0011812574535729,6.43196428912101,127197090507.444,136428012414.577,99.0633797600348,95.0966555264973,31.7030467881372,0.821748717037637,0.749936051217887,0.0053437160166353,0.988922749030045,
LUX,2018,-27.427504175861,-0.684037688458019,0.934392023287198,0.0199984746185449,8.32877362028307,132109100967.535,141416665849.208,99.4601604962717,98.8012642142998,32.7161133922059,0.781720502341771,0.776715209456279,0.0053232780131423,0.990581287902151,
LUX,2019,-27.8049523872996,0.329021017766326,0.950877108419304,0.0362655145423234,8.55737699821851,136186999095.106,150837029010.804,99.1671452457382,98.8507192942469,30.6213546184364,0.792149053476607,0.779599192614084,0.005596453086048,0.983168531831023,
LUX,2020,-29.0314574341346,-0.114841248141152,0.922949908501634,0.000581773420262,9.52389013044603,124167504034.612,150990402310.504,99.7566189648934,98.9876426722225,33.997178674737,0.81710142774049,0.740972621291238,0.0060998517368088,0.996540796082815,
LUX,2021,-29.453478036039,-0.740015998545606,1.0,0.0700784035743978,11.0686103270624,136013550448.425,168006685459.108,100.0,100.0,33.3363199647114,1.00000000000001,1.0,0.0061309866226752,1.00224760296955,
LUX,2022,-27.649435662535,-0.909938656885503,1.1807243354621,-0.0073101968630508,6.6986004835208,146376469715.363,166044620246.23,97.6478951823243,102.455375604065,33.9834444479797,1.26425961888537,1.30281393591332,0.0057474631699958,0.995291881359027,
LUX,2023,-26.192765956331,-0.383486093233078,1.1438015748041,-0.004792766178008,5.93134027079449,145630473225.591,164689252361.263,97.1151830198422,107.281325013506,30.7131847770673,1.1507664808381,1.16419751149964,0.0056412841231515,0.988846016976399,
LUX,2024,-27.8960383724767,-0.403229435738595,1.14242618748746,0.0017735745171054,7.51054884394185,145736242164.694,165207041556.051,96.8356994752877,104.925492044616,32.8038841270363,1.21801634386369,1.24676224707424,0.0054656090497572,0.992252265203906,
LVA,2015,-0.518019861235166,1.591963475991,0.93263448940799,0.0017808788947773,-0.113711676856566,19688540623.4417,19760845948.868,94.5906745018795,86.4799824643689,-1.18888927388347,0.831656476056317,0.758266905749135,0.0008377760560798,0.90430163867825,
LVA,2016,-0.138785854927826,1.391940486188,0.89713486908495,0.0034650117616342,1.77564255569449,20173874508.4662,20558449381.0849,96.5683601026544,90.9111202256364,0.526324945129255,0.802072259756056,0.707450475011564,0.0008518817162553,0.932033288214392,
LVA,2017,-0.288271629269939,2.19086438245154,0.918524268582316,0.0065198824672578,1.47210712013845,21680251354.2506,22095457769.6767,93.4578981399417,89.2940574160131,-0.434090950219822,0.814521568147605,0.748883991562298,0.0008654492155836,0.936076610845945,
LVA,2018,-1.65166298438822,1.75111795979226,0.933228838618894,0.0047163525968246,-0.397819901616129,22613522059.5728,23271959929.4595,97.0949134868302,95.7161946409324,-0.494461722001597,0.807524625200572,0.782544894556589,0.0008760281125591,0.952787090412756,
LVA,2019,-1.40697395639354,1.45770619039812,0.948503755731334,0.000638402952319,-0.169107446681686,23411192678.391,23437792063.1043,96.8575616851928,98.6763142286637,-0.217945677283509,0.814901486452923,0.787101874921262,0.0008695999415725,0.981826060871159,
LVA,2020,0.0444834676493236,1.56034317293012,0.915850369510739,-0.0006315829064822,3.0454066313767,21679501524.1411,23271287456.6249,99.2413153919543,102.36483019131,1.43528303634189,0.803180478235607,0.748125066494637,0.0009378367138533,0.999999945390256,
LVA,2021,-1.87082045613968,0.981871000987218,0.999999999999998,0.0116015101114077,-4.05757416811771,24586256946.0759,26088340513.456,100.0,100.0,-3.17391504630803,1.0,1.0,0.000951762879542,0.984486761745569,
LVA,2022,-1.75605490514947,1.17439634035233,1.19182128696842,0.0103505127000154,-5.46759050909301,25831847981.9238,28866429980.0742,100.574436142094,99.0363293379822,-4.88779048190052,1.25643909727202,1.34735623190143,0.000998960533812,0.95693220245301,
LVA,2023,-2.36995434699429,2.17800340694525,1.14095306291111,-0.0033878201044924,-3.93371470323952,25922219969.1494,27908373108.7115,106.995354704184,108.097581159982,-3.73929145515407,1.13633369433014,1.19558028961773,0.0009560568357549,0.990946999947115,
LVA,2024,-0.894907534157551,1.90822833659252,1.13696458226935,-0.0024483184990308,-1.76985919246593,26296334588.9564,27193594647.4904,106.194468455317,112.413595796744,-2.95465441284236,1.18768066231191,1.25793346478876,0.0008998063018589,0.993283865282217,
MEX,2015,-2.54637505610149,2.07984021948439,0.693995468445973,0.118227379655078,-2.63404558608763,461117979558.287,477689796838.852,111.179457372103,101.378002048389,-2.0874293016165,0.513354736806129,0.508686826325244,0.0202532055385215,0.984229488863444,
MEX,2016,-2.71399406575571,2.50250545435374,0.781028935020483,0.0571304403633343,-2.37266567484808,467835033038.896,491044021170.103,96.8223865595038,88.7238118414633,-2.05894890468914,0.56212231825041,0.548850189164951,0.0203447412035029,0.983932845381071,
MEX,2017,-2.48167852334591,2.59196298153356,0.818745763994322,0.0911869599086881,-1.78791164041435,490973713518.651,512857164805.429,99.1260655988594,89.588125393275,-1.92394880316921,0.630807372848209,0.635972796945544,0.0200917100796835,1.01174830476679,
MEX,2018,-2.68080933519239,2.71565748907368,0.873377375139148,0.122676102981609,-2.14159474906708,511398470418.525,543900341748.921,99.3317330047659,90.3506142256051,-2.12480077611147,0.71585988212635,0.758276816770192,0.0204745242455696,1.00000000008082,
MEX,2019,-2.85919844889913,2.84324103919472,0.852937098723924,0.0003268630336078,-0.393098629603428,517473882634.498,543986410178.115,102.330518181181,95.7311794008679,-0.402670674110198,0.683471473877953,0.718416266074252,0.020183354340066,1.02035529008206,
MEX,2020,-3.14157171435884,3.75680666779156,0.935726808882256,-0.194079694386692,2.44931868265954,470734072794.414,492122636816.032,94.5234581970973,94.3030430995224,1.61618846899395,0.72693774975814,0.694990706092399,0.019764046628088,1.01781074795766,
MEX,2021,-2.61008774352355,3.95572293986956,1.0,0.227171445545119,-0.471542347105253,536530676263.479,547972469007.263,99.9999999999998,100.0,-1.93091123353382,0.999999999999994,0.999999999999995,0.0199938470293149,1.00690077990948,
MEX,2022,-2.49264837089653,4.0004443562527,1.05430539818503,0.166331421147128,-1.37331548781312,580356752715.716,593147868143.936,105.019015671134,108.339667427696,-2.92282170225613,1.21879331902613,1.27222900803107,0.020526696418007,0.975934262128725,
MEX,2023,-2.38328376540081,3.52587563082913,0.897557676428203,-0.0225304429858208,-0.273465807648169,575575679321.314,586694111468.442,122.563201428665,130.13709519467,-1.19431402909036,0.971994889194232,0.984302504544463,0.0200981836571879,1.14360412107223,
MEX,2024,-2.6918125536964,3.48047551274634,0.92027925574896,0.0108469781230837,-0.553298260853504,604875352942.143,589860850736.551,122.484852899078,129.356180761765,-1.52057897315033,1.06693663872721,1.00217265945734,0.0195162451803039,1.18439535619753,
NLD,2015,-1.51913651491041,-1.25984499716106,0.936740256564521,0.330250228226252,4.8784848107801,,719572342806.31,94.0714605203576,92.4768974263829,7.81793244690814,0.751450424875082,0.717259138293333,0.0305110447358486,1.00197653486447,823667605354.559
NLD,2016,-2.96558933487337,-0.570989089707624,0.905240438998683,-0.0060155816901392,7.31457431257106,853184220406.241,718226579612.65,95.3384969407734,94.223888290648,10.8564281043801,0.709970150835535,0.659542987160493,0.0297619063645368,1.00635812950631,
NLD,2017,-1.8254219732291,-0.757674600659786,0.922211047102684,0.223496620791883,8.12632969163134,897152724451.586,771607229969.564,94.9685756510358,93.2984590623132,10.7311273654864,0.755726812025984,0.726749838803779,0.0302225027411339,1.00396675763426,
NLD,2018,-0.615142356437186,-0.943159017600856,0.932418020048329,0.156330130666793,8.99296472201763,931493728582.116,811198526717.977,97.3327532151134,96.3703583351419,10.5569806720341,0.789299619224637,0.790177313550798,0.0305367634637659,1.00437418496202,
NLD,2019,-2.17672416390388,-0.947842738849771,0.95113759220854,0.100449726845486,6.84049608389703,959127130889.559,837635258644.887,96.87772160906,95.8842902544983,9.94710639820964,0.792112501579247,0.789852000646554,0.0310785459289195,1.01161455851515,
NLD,2020,-3.11767248398734,-1.54659182881337,0.922611032156034,-0.122889795298747,5.58259530132886,872791908232.402,804822203979.448,99.6309919003691,102.250315457022,10.2293501032816,0.743542566566826,0.711652326846394,0.0324822737437832,1.01892681576448,
NLD,2021,1.21460578603823,-0.942088008993437,1.0,0.218470060929849,10.0202172513066,957085082211.916,858531979262.41,100.0,100.0,9.71179758514934,1.0,1.0,0.0313372453751235,1.00032855857344,
NLD,2022,-1.47370349013321,-0.691666490554877,1.18104827310577,0.140937027507163,6.61556405588481,1029323916756.07,896775417625.064,98.5413550278197,94.1215810598587,8.81313733600219,1.33872360159555,1.38913987785876,0.0310375697941565,0.976407954122182,
NLD,2023,-0.834473667062176,-0.480040218301687,1.13829029940783,-0.0316705983195116,9.85398349366635,1025182868408.0,887709722902.484,101.457598105074,99.7394193509849,11.2288185204646,1.18242100720834,1.20963166706661,0.0304092200322282,1.00199401794056,
NLD,2024,-1.36138611103329,-0.50802293037418,1.13581866161734,0.000515643846031,10.146123797486,1034267989284.19,887860263412.206,103.259603708026,102.655091866302,11.8846888100334,1.20636807441166,1.23030567651329,0.0293734642559856,1.01877748501118,
NOR,2015,4.20007383491291,-1.79606751680779,0.823781414637723,0.0225625365198257,8.01370786373616,136817117415.112,171352963560.374,101.453947684134,106.664985682128,6.71852092992648,0.613501870870515,0.652266920513529,0.0072651810251912,0.573921621597901,
NOR,2016,4.30139434384006,-1.9162703063856,0.827528298260367,0.0074434779137797,4.01732709371419,141349540373.348,173093354232.904,101.892108752173,102.937285457501,2.75953254697081,0.541272932783214,0.645010888418493,0.0071729888587454,0.521284224633074,
NOR,2017,3.70132048848849,-1.71681649435782,0.847526863141025,0.0122686963826506,5.43253150309592,148646911903.498,176029249381.059,102.452678087207,102.501328857115,4.3557482268832,0.652387230711918,0.692332137489856,0.0068961643504456,0.54732119354048,
NOR,2018,3.77359336204343,-1.55800988707328,0.881625608873333,-0.0023281449115264,7.92327298436558,154690342036.51,175439876666.912,102.98727254132,103.530591848786,6.4388587872049,0.800523653405694,0.740070785399672,0.0066042816282919,0.597404369107044,
NOR,2019,3.00362360999679,-1.65657804425823,0.922911776268807,0.0230551479407179,2.74058898367214,159179028761.446,181512603132.981,100.925696329981,103.20987429254,2.38603011395534,0.810823691868535,0.7612775798931,0.0067346322503672,0.54812315214136,
NOR,2020,4.29882043450345,-2.09159888421944,0.975669773609415,-0.0375534091043222,1.07225118363436,145096618668.688,171473929694.469,94.4431949960996,93.504224136578,-0.933303481796647,0.665861490604397,0.780863989932636,0.0069211935603964,0.459626997280086,
NOR,2021,2.52721908724423,-1.72699866986489,1.0,0.0303918012939082,13.2473541076824,157900246047.397,178947831874.067,99.9999999999998,100.0,14.8498635038663,1.0,0.999999999999998,0.0065284866448501,0.693064450138659,
NOR,2022,3.16083580306882,-1.15824604509343,1.17456455044544,0.0505627402393243,30.149389265225,170109230840.409,194019032270.056,97.5978534004864,100.247934399843,28.3901617068485,1.55373740410017,1.29871647469809,0.0067135659547745,0.999999685707849,
NOR,2023,4.5369760323306,-1.45049199290246,1.28164937777722,0.0075678144488967,17.2914315970359,169379909791.734,193030477825.68,89.0450321316037,93.4188362063642,15.354663320294,1.44708134224473,1.30639817898136,0.0066118150889155,0.706501344261092,
NOR,2024,6.59440176553219,-1.35761598111661,1.30510814851433,0.0192542772729005,15.5926414282723,171802472477.256,198651700181.553,88.0158672624688,91.9392997274966,12.8908043673866,1.43568615939882,1.39748354860715,0.0065731562348288,0.652410789923561,
NZL,2015,-3.60449091927227,-0.0698975762221154,0.895054114597897,0.0146123765481659,-2.7093253692458,58931713855.0462,56009056717.8764,97.6048174636662,94.0717148775604,0.853465291484861,0.738775590990255,0.702714724819733,0.0023746718277645,1.13512632872222,
NZL,2016,-3.01016008697934,-0.0926030067858882,0.859002573817362,0.0077180355933405,-2.06800884789861,60187656562.1113,57813145362.2938,98.3830269079805,95.2934558409216,1.04862595133658,0.708053328856872,0.649064329334624,0.0023958465085978,1.15663912736724,
NZL,2017,-3.81805170096524,-0.182227575011782,0.877334352056826,0.011481975285867,-2.84756768078759,63973988817.2188,60559787824.9735,99.723568567849,96.9626797754425,1.1314168019409,0.810824573718512,0.704559116295332,0.0023719675523121,1.21124573053713,
NZL,2018,-3.78221828424825,-0.294246002882949,0.947984691778846,0.0117864024152824,-4.20408109287591,67206286884.684,63542335907.3793,95.9127520247162,93.4683154911469,-0.162661835301564,0.847732410501713,0.817035401656749,0.0023920034105676,1.1957049475554,
NZL,2019,-2.81351437559807,-0.0644196911607426,0.969666787843856,0.0060476948152667,-2.84697508896791,67363230688.4351,65134793724.5036,94.552339312247,93.0583160091227,0.0165739982113139,0.903070562234486,0.814382017612968,0.0024166964578782,1.20053844443786,
NZL,2020,-1.9091350720799,-0.149760352493788,0.960382062253315,-0.0352590722649297,-1.34939028352355,62799585726.1243,55712537889.4232,94.1026931565862,93.1446209333905,0.986128602061399,0.889496591890883,0.757728990078259,0.0022447547928102,1.21809574810242,
NZL,2021,-2.59123911693746,-0.134665052576072,1.0,0.0135329620113199,-5.87026227082134,68580488740.414,59039600652.8302,100.0,100.0,-3.30425513215602,1.0,0.999999999999998,0.0021541420312028,1.19811969356297,
NZL,2022,-3.36995779350314,-0.0448837746467044,1.19729863418661,0.004605113172574,-9.10458181970901,70747589211.7583,60290343442.171,98.0261609128554,99.0677730730164,-5.94093190265214,1.13523607914942,1.37953282469301,0.0020859775092761,1.16176446408803,
NZL,2023,-3.38755295367248,-0.0501438857806266,1.19017437142076,0.0101488963102212,-7.07300505144069,73140850000.9233,63197454827.0738,98.7278414308217,99.5208149260907,-3.6281447997332,1.03197077251436,1.28683435678113,0.0021647327534704,1.12618227111383,
NZL,2024,-3.41825008396186,-0.218069801516142,1.19515089951335,0.0058017131828472,-6.12083536362878,76355006884.7541,64891245738.2334,99.5920683707022,100.546300783254,-2.42069962439017,1.11423365245863,1.36561983736953,0.0021470984886389,1.16301677817914,
POL,2015,-3.78698459624537,0.388691162279764,0.856300019767765,0.0651834869695205,-1.31971296511994,292965712037.773,256778462476.349,101.101000419566,100.124328140362,2.1210224048333,0.726749280919925,0.665376859376404,0.0108854821337031,0.965092886949528,
POL,2016,-3.93015274421514,-0.0895527999741551,0.863670119131504,0.0919879497577788,-1.06810036567425,302524505605.615,278244805822.878,96.8282226218345,98.5722998460241,2.98269189721136,0.738132516342426,0.646823600959148,0.0115295708450458,0.969465689537542,
POL,2017,-4.24705762614593,0.281198618067272,0.860189367161104,0.109352819733519,-1.16379410706999,319650861393.432,304382178365.603,99.514426048977,101.24067998885,2.82827892207112,0.730187677888422,0.687182295297934,0.0119224520245144,0.970505426715399,
POL,2018,-4.24129537758486,0.224145057762225,0.871902004235739,0.0855920790812821,-1.97844372927875,333512613932.988,326089234067.498,100.915950993346,101.879691923184,2.05112236566095,0.721111038065346,0.736655772649231,0.0122745660658687,0.961796071882639,
POL,2019,-4.13442728563025,0.214255975320706,0.894333413736816,0.053516526771213,-0.26683068193942,343889938609.251,340188525270.359,99.9621788397211,102.050022397097,3.66059355641766,0.73564662377356,0.744285591552824,0.0126219630178291,0.973549835229406,
POL,2020,-3.69381141189473,0.481848227187615,0.897076069472175,-0.0227066719346068,2.38379113213938,313562782708.566,334095194114.864,100.447608937285,102.607544258242,5.69832018892872,0.766452962003227,0.706960945795846,0.0134472607339592,1.00095956574024,
POL,2021,-4.40939569020515,-0.162264003825828,1.0,0.192049031192608,-1.35072305141165,345333388036.006,381554471341.587,100.0,100.0,3.30344108352232,1.00000000000001,1.0,0.0139216938139217,0.980981100609437,
POL,2022,-3.9403998257961,-0.441003418461572,1.21259534252343,0.100152297713261,-2.23270402574403,370339668110.5,408782610896.885,101.058375743616,98.4464011188172,1.73247208850226,1.32939344990584,1.39470992639986,0.0141473400543081,0.945776696952291,
POL,2023,-3.82568891633776,-0.264926564810262,1.1363302671376,0.011570416781421,1.81060808682995,369530602910.766,413780594527.9,113.613000106776,111.659805017019,5.76752559077276,1.16572426081147,1.18855800521082,0.014172859371445,0.969746414997706,
POL,2024,-3.15570000931714,-0.245482035185584,1.07758288128465,0.0378745480612676,0.359988808031433,371461235946.723,424837943150.392,122.101300431692,124.561888606839,3.78993055332692,1.1875729858693,1.16168005200898,0.014055237094837,0.967423523167419,
PRT,2015,-2.77665130749543,1.80367419503097,0.934788425238712,0.0271753225632836,0.504691637161233,96132425987.8167,92724645786.1458,100.465479790649,89.5719660618844,0.740657191368903,0.767814632678143,0.723778676242084,0.0039313449502637,0.984375490827718,
PRT,2016,-2.09290391895571,1.78019458436665,0.903133631537441,0.0196825432327475,1.42058662936267,98753348632.6614,97325434718.7717,101.467987736433,90.8337805979822,1.18783136771276,0.725533560225608,0.67304670491674,0.0040320564631793,1.0006052071524,
PRT,2017,-2.16347946011075,2.10472517253618,0.921241140096954,0.0334117397847643,1.48375674884064,104056882334.548,105317970929.662,101.54807728375,92.0669668485941,1.07756498908574,0.770110385190592,0.730276817488646,0.0041253026256987,0.992822158845243,
PRT,2018,-2.29135801881355,1.9998961353927,0.932613600346212,0.0191318781262005,0.752315955862255,107929469752.712,110159290987.098,102.056420324269,94.4831579439023,0.619465649864108,0.796804311003748,0.780732470002364,0.0041469005646178,0.987576401388916,
PRT,2019,-2.16033487265216,2.02647775085162,0.950790990914134,0.0189373257850795,0.780251209503374,110796859843.136,115145801286.155,100.663626728238,94.3760369571303,0.535262978239611,0.801283224325567,0.782104929567686,0.004272267910945,0.995687491600767,
PRT,2020,-1.25156252560994,2.37296712492627,0.920474766144982,-0.0645913356424201,-0.688664065879243,98850792762.829,97885106376.7834,101.278890111975,98.8812085211463,-1.99661045201577,0.763106911573729,0.716212552340971,0.0039266870103659,1.01054205137241,
PRT,2021,-0.813741754986953,2.65217362284531,1.0,0.0483762921026484,-0.663012226981329,108973294495.097,109778360784.192,100.0,100.0,-2.77669084619501,1.0,1.0,0.0040032019115728,1.0,
PRT,2022,-1.70981302596648,1.75013159281737,1.18508097156445,0.0570468646371657,-1.93864835669209,117771956071.447,125272215533.38,98.5259110064248,97.3625272229464,-2.40078291803158,1.30470684673066,1.38556135151272,0.0043351410529688,0.96633349046122,
PRT,2023,-2.32232004980525,1.58516767655525,1.14396031094698,0.0113765731660331,0.499853523386465,117839315003.244,128530990119.425,99.4627319371903,100.894007599475,0.922182306478537,1.16962581500957,1.20689761511167,0.0044026818597316,1.01592924374061,
PRT,2024,-1.52449634787715,1.75063762864382,1.14121556347307,0.0214357332002387,2.30166598585134,119468987346.154,134789081294.279,99.7379402570735,103.787716293361,1.61473429004528,1.24545256097411,1.21341643385299,0.0044588564736642,1.04520205892969,
SVK,2015,-1.69990268400861,-1.52836270519371,0.934088311123049,0.0280622011528452,-2.07624518006287,85296724187.7064,91058330225.349,97.4424255155366,92.8707401770883,1.90678952194204,0.744736241200897,0.719301944934464,0.0038607217432982,1.02043129740415,
SVK,2016,-3.05513968647554,-1.67229046575355,0.904323292544958,0.019043321636146,-2.72132181621493,88508060656.7311,95509610250.9975,97.314438944178,94.5863499451856,2.15799317959733,0.691840149080542,0.654433119926829,0.0039579580725075,1.02091988273035,
SVK,2017,-2.13445621764595,-1.51176354340267,0.922798940094877,0.0167690771229122,-1.90481573938537,93799362614.9285,99520823954.5902,95.7851893124971,96.1659602861236,0.99466021628667,0.754499453003629,0.730084405228942,0.0038983755663278,1.01076352438392,
SVK,2018,-1.77594537436152,-1.17309999104851,0.934971838352082,0.0183558236745848,-2.1855100540677,98255528654.1401,104165517061.289,96.9338845485058,97.5076621237557,1.0521396248038,0.798958904723254,0.799801808299617,0.003920936962165,1.00497193171165,
SVK,2019,-2.32476992909964,-1.1085836920993,0.950592910459424,0.0073356079032639,-3.34512240066455,101146607997.697,106096843361.166,97.4757953831785,99.4035901267262,-0.105982723919049,0.801527546430724,0.79873321447031,0.0039365051615133,1.00246107530128,
SVK,2020,-0.801346297870109,-0.738980165124687,0.924642396163724,-0.0287864400597548,0.557476303979036,92638274640.5162,98405341444.8915,100.085257662211,100.918765457698,1.43431471368225,0.739323241711164,0.698211311776495,0.0039555138579332,1.00377508201386,
SVK,2021,-3.15894918530464,-0.953617081237548,0.999999999999998,0.0443430594874234,-3.89400793819049,102756257831.147,109304489749.405,100.0,100.0,-0.440736507163888,1.00000000000001,1.0,0.0039918160100602,0.990266074856673,
SVK,2022,-2.86533042073298,-0.744348411765736,1.1757401309687,0.0147729754846079,-9.61828261421561,110383533442.09,113315639147.723,100.950782614343,100.23855065656,-6.02335844738547,1.33385737393119,1.40181547520891,0.0039219719504867,0.951423420328263,
SVK,2023,-2.20440469560436,-0.482314637630797,1.14253631840521,-0.0145216333904107,-1.68467227815809,109883677165.506,109158216213.062,104.790246294737,101.989351744909,1.32023080651735,1.18146735648776,1.21664935599692,0.003738698155915,0.953987341380312,
SVK,2024,-2.60406811219723,-0.249628073321646,1.14205175121817,0.0118258106539935,-1.44240676474988,110268335570.306,112610722390.384,106.136695316812,101.760717603123,1.89163646655722,1.22981511572822,1.25068607860547,0.003725210677208,0.978728144010619,
SVN,2015,-3.06775953871906,-0.928718803533012,0.934252807413855,0.0079966808059128,4.11623760614815,46490802250.344,35750689891.6415,97.6691544217693,90.1755587670759,8.10997342488752,0.727060722720095,0.719474641664769,0.0015157391918442,1.00890615356847,
SVN,2016,-2.35547532267838,-1.02441308728475,0.903165332348607,0.0099775875366182,5.28351233917702,48232128275.4061,38082925228.3157,98.0430335194677,91.5699738182645,8.63472504760953,0.672428687332831,0.66370006053661,0.0015780500678872,1.01720026348192,
SVN,2017,-1.55001194716107,-0.740402255977044,0.922675145969956,0.017323076109541,6.79312031814673,50983689826.6794,42226798496.9158,98.2227552277392,91.498650767938,9.06182599752006,0.741761777006436,0.732670044978076,0.0016537333282588,1.01121445322906,
SVN,2018,-1.20517080606824,-0.857631132115375,0.935556931304889,0.0110078645005149,6.51064987932344,53220019381.7748,45012308067.6714,99.7357664108039,93.2969034633336,8.52377932467409,0.794841858287781,0.789647230020687,0.0016943797386103,1.01055013252031,
SVN,2019,-1.2802022372167,-1.00609567547688,0.951406497594196,0.0078126014543223,6.44856452141568,54623539219.772,47069474422.6919,99.4015097072684,94.4140085472173,8.66984148992856,0.794414303007329,0.788090006304263,0.001746401311849,1.01593967898633,
SVN,2020,-0.257388420866412,-1.15664322793344,0.922438665898726,-0.0155182655365992,7.67244286971718,49872280879.031,42922581907.3443,100.082500916573,99.0779233112865,8.9945906949078,0.726443706498858,0.712739148730034,0.0017276518990954,1.02326855775352,
SVN,2021,-0.970538865034311,-1.20428322230936,1.0,0.0280173959600311,3.75048203519192,55424239476.7948,49810549196.1663,100.0,99.9999999999998,5.87195779929635,1.00000000000001,0.999999999999999,0.0018167844421387,1.00192789733072,
SVN,2022,-1.59430611676219,-1.2992725038399,1.18007937899791,0.0145465233882615,-1.1191596668864,60211333024.4814,53761318695.3939,99.7397981302034,99.0073982752068,1.74572513021631,1.34340633637147,1.36884542024035,0.0018604722089303,0.971025376308738,
SVN,2023,-0.997478682420863,-0.817966953066565,1.14412985819512,-0.0059977324773494,4.46949900281582,59958850029.1436,52043318571.6985,102.511189175738,101.957022932272,6.40366129125202,1.18001226044107,1.19685255600078,0.0017827525334168,1.00616549875247,
SVN,2024,-0.716629181558811,-0.447624469832443,1.14194081150278,0.0054528191800577,5.49744107126285,60285830382.8393,53635251036.5235,102.2856993773,102.842755209032,6.66702326658977,1.20037638790147,1.2286694138179,0.0017745700540094,1.00953272309814,
SWE,2015,0.574472159377023,-1.59339191530909,0.859819545203548,0.0501396866465431,2.59576309051839,228878724690.075,230035475766.847,104.851921755856,103.197676647854,3.26373473097919,0.672280559632523,0.652445996521215,0.0097520862845165,1.0311182052089,
SWE,2016,0.198019170987051,-1.29736698232895,0.838325484297586,0.0399067493785935,1.88232016558954,235451991595.943,239193011373.328,105.477481730025,104.850596707673,2.53048015779624,0.638146425216083,0.613599880412533,0.0099128669526248,1.0359800683405,
SWE,2017,1.38110517214069,-1.48801536714052,0.872633365664498,0.0422528826206842,2.06183947499676,247292779947.756,249121889911.954,103.986825659821,104.744315747753,1.86087012680422,0.709865767831717,0.68532104199385,0.0097575613753478,1.02974457971545,
SWE,2018,1.81609447527798,-1.60550257860395,0.941135053715849,0.0442920616651063,2.22268279063873,257467756535.66,260135867735.969,98.972232399955,100.48953519072,1.68021057521615,0.800599123335474,0.790900206533324,0.0097921654492092,1.01962426221989,
SWE,2019,2.90391687374194,-1.92138860819016,0.990167362351468,0.0466662636771493,5.31756206750147,264439984681.18,272219370272.073,95.5945790616943,95.433542111235,4.04656747299485,0.828409877484467,0.817042601178576,0.0101000264395617,1.02207290954882,
SWE,2020,3.57609827556358,-2.09983709328358,0.948324113114829,-0.0641588671397025,5.83930030399823,243134761175.397,255359729918.33,97.4278849861014,96.6795635716328,4.17628510926623,0.762529911571938,0.729751355906506,0.0102939890229788,1.02751019333504,
SWE,2021,4.13234963969873,-1.801139523384,1.0,0.127243166472656,6.94227402852183,264901036657.877,286158676155.8,100.0,99.9999999999999,4.29505746772255,0.999999999999999,0.999999999999998,0.0104413519862004,1.0313168572916,
SWE,2022,4.35778378593528,-1.77488724170394,1.24978584176337,0.0845294005743605,4.99667486235229,284131807822.246,308782180630.809,94.5592570455045,94.2321253812782,1.86561319108498,1.3629121113154,1.46036646166729,0.0106862538525463,1.0030702642927,
SWE,2023,3.80088092198154,-1.60732165513718,1.29065213468111,0.0154714348072378,6.53236136177384,283866269681.435,313145182462.715,91.9401742561736,89.1361530845878,3.95283557791995,1.30237871676919,1.37064846869044,0.0107263404019871,0.999681701324969,
SWE,2024,4.52545100783898,-1.68663605767554,1.28410393552637,0.0109699698721471,8.10589834607032,288369862537.547,316347828763.824,92.5372785073799,88.6147811820505,4.9796216070163,1.33295489076275,1.38917619030184,0.0104666279884328,1.00532436469214,
TUR,2015,-1.11700405933787,0.159412122230963,0.268490451871887,0.0184944448974769,-3.14343527570578,232106466819.174,236509154758.267,,,-2.02598892302299,0.214362414826753,0.203243698884594,0.0100281529473822,0.938236415893691,
TUR,2016,-1.05706559710425,0.17700416761109,0.286157137281071,0.0086733490765797,-3.10641941772236,233327770971.595,238536547660.12,,,-2.16116797568441,0.231529413858871,0.20808705785528,0.0098862501652988,0.9735520069112,
TUR,2017,-1.29423185864683,0.292092423291208,0.360506663920766,0.113830412868014,-4.75918304054256,244291141753.445,265766308893.263,,,-3.68332413753965,0.297060347413488,0.286216601274762,0.0104078257633075,0.918036999135155,
TUR,2018,-1.54114617589293,0.136620660449741,0.505478231900924,0.0063003948423663,-2.24952552358614,252978342793.093,267360623247.231,,,-0.148826071363243,0.413828480086803,0.426196384153724,0.0100665831567464,0.897009049211595,
TUR,2019,-1.55985396638468,-0.438923848257628,0.575119885177209,-0.0006160466424316,1.41869702961057,259634595516.312,267198408002.855,,,2.9551397780893,0.464434457624014,0.475987176194018,0.0099137462818551,0.892973065151423,
TUR,2020,-1.19214487660148,0.0712530932310286,0.700196155956981,-0.0407099127588761,-4.42043325112052,230844907589.25,256319528089.807,,,-3.10217598783449,0.575904913854263,0.552927077963116,0.0102934299842354,0.919089669351491,
TUR,2021,-1.29954976822674,0.152312336612536,1.0,0.127301244271497,-0.830197304039421,252244922394.715,287616388982.551,,,0.404948179776947,1.0,0.999999999999999,0.0104891610324397,0.836144704655452,
TUR,2022,-0.964893594388181,0.110150538568101,1.97566480855715,0.097994721112026,-5.06060021282195,272472186203.624,314231628658.032,,,-4.00172559206031,2.15110174651844,2.13196638121771,0.0108749536425749,0.73969646386605,
TUR,2023,-1.01388744628186,-0.3188581381708,2.78271626265369,0.0481779601138729,-3.79885691509768,275528492893.61,328032015622.874,,,-2.44493331172041,2.83150009919043,2.78528124105413,0.0112363182431336,0.87247856997834,
TUR,2024,-1.00442221289571,-0.55693408884682,3.82321076220478,-0.0284745534565853,-1.58306595389455,282175333390.773,319718964232.005,,,-0.376821589555419,3.9821278234389,3.89520274743086,0.0105790708461611,0.88431567148895,
USA,2015,1.01231925476546,-0.562349784933265,0.883780040998028,0.332542968286778,-2.23259675215416,2433875821860.97,2740162803669.11,95.1160275665255,98.7821633917626,-2.86591394083814,0.667510272431851,0.672608596421916,0.11618175772243,0.981949965027082,
USA,2016,1.04462593040678,-0.60196502102981,0.843978615753971,0.116026287162433,-2.10698126990828,2471128251706.45,2767528812968.39,99.2614525232892,102.638830662896,-2.67627796687656,0.624673158540296,0.60572798503773,0.114688415522868,0.996241303043943,
USA,2017,1.31521849837364,-0.553831492569448,0.878197757479253,0.508467844662116,-1.87442932240436,2611110672819.24,2890238583587.88,98.871748747788,102.531780905235,-2.77037354867994,0.698453684319367,0.688203268722067,0.113213875160685,0.999999980599281,
USA,2018,1.23580862416026,-0.564131932125727,0.927374462261544,0.395201531200551,-2.12934751749393,2727409397083.66,2991128534648.23,98.0112363593251,100.941591169799,-2.87113647023381,0.794668521543058,0.796410084395465,0.112599195822158,1.00644993871074,
USA,2019,1.14856180354658,-0.602400703083241,0.898903993029349,0.0992571051212324,-2.05084670105219,2752469321300.88,3017495650820.29,100.623329153523,102.808154390892,-2.68008818856229,0.751651812783664,0.754128233484044,0.111957547915147,1.0181178169394,
USA,2020,0.832238120401653,-0.586430578411394,0.884480065519712,-1.21792944720934,-2.81538845593613,2507961347807.01,2689237453940.81,102.310419134438,103.703298666876,-2.93246899053452,0.666856198414202,0.681483394435797,0.108282725949036,1.0140499659523,
USA,2021,0.50275385983609,-0.58682909501001,0.999999999999998,1.1942869319199,-3.66527486821993,2770592924648.95,2985444250000.0,99.9999999999998,100.0,-3.63169967008493,0.999999999999994,1.0,0.108915748060705,1.0549534709328,
USA,2022,0.445881798450161,-0.704793931070388,1.06364389806924,0.8856867287788,-3.89165295315459,2937452032676.99,3228181049421.32,108.599200983518,106.695770910637,-3.68723118304115,1.26039887166439,1.2581119954082,0.111725466250152,1.08071132933144,
USA,2023,0.241804777760108,-0.67644011781156,1.03041684211112,0.0561954070666945,-3.26606359047196,2978884185310.85,3244418012264.04,108.867520306198,104.696193949721,-2.87634142264649,1.11153386965589,1.12442744184953,0.111129981555481,1.08594875517159,
USA,2024,0.0438777586643061,-0.61714041322018,1.01947344074911,0.506752424077172,-3.70987796496258,3063181448918.74,3392362700851.48,111.492513666106,106.401234286507,-3.17310097460114,1.09499086635567,1.16717463979222,0.112220723787889,1.08551287263436,
