"Country","Quarter","S_mean_tw","theta_pct","F_CP","F_CP_above","F_CP_below_adj_mid","F_DI","F_H","y_t_pct","debt_dR","excess_mortality","vax_rate"
"AUS","Q4.2019",0,0,0,0,0,0,0,-0.282231954869116,0.334479524413091,0,0
"AUS","Q1.2020",23.0654761904762,0.0582871663019925,10.239157159273,8.48440881024051,1.1029846765347,1.19202562133132,0,-1.07796790107596,0.726695571598881,1.81210817573522,0
"AUS","Q2.2020",51.860119047619,0.000433555270276188,0.193022318393573,0.188510108353204,0.00157927351412923,0.0340922536383454,0,-8.30762211086111,4.67454702903402,-1.87063374047605,0
"AUS","Q3.2020",49.6050824175824,0,0.01782824322617,0.01782824322617,0,0.040108533692171,0,-5.68089819253432,4.11156584938844,-6.28684043864811,0
"AUS","Q4.2020",46.7834249084249,0.02733398738533,1.07816752131267,1.07315395460115,0.00501356671152138,1.51540067422445,0.226061723022499,-3.08686069948452,-0.369037025854595,-0.718928750119154,0
"AUS","Q1.2021",43.4237637362637,0.0615565046712256,0.0703654087962025,0.0703654087962025,0,0.23338153042132,0,-1.54227479740552,0.0544776722351514,2.14795224980626,0.28
"AUS","Q2.2021",37.1050824175824,0.148651076175347,0,0,0,1.03530152592916,0.360976803229539,-1.35058012670238,-2.21674246330294,4.68230622238677,6.24
"AUS","Q3.2021",47.9510073260073,0.0600107487991853,0.337362904018274,0.337362904018274,0,0.0350949669806496,0,-3.61445868836841,0.673685621156686,-0.758846959865077,43.5
"AUS","Q4.2021",46.324616529304,0.342535329186573,0,0,0,0,0,-0.744445907750114,0.461207050330195,6.30738407601073,75.47
"AUS","Q1.2022",28.7151568223443,4.70453325057097,0,0,0,0,0,-0.365339989907966,-0.693941151015025,16.6836215835727,81.14
"AUS","Q2.2022",18.1447836538462,5.37957906286994,0,0,0,0,0,-0.0218112285005581,-3.60130057968907,15.4820829709938,82.7
"AUS","Q3.2022",0.469471153846154,3.04438330995308,0,0,0,0,0,-0.149640713715138,-0.273859896264902,11.571733489638,82.7
"AUS","Q4.2022",0,3.80288684059597,0,0,0,0,0,0.0964370068879578,-0.203343343848445,10.710903431068,82.7
"AUT","Q4.2019",0,0,0,0,0,0,0,-1.4562287706597,-0.773333419372605,0,0
"AUT","Q1.2020",35.625,0.223387588974403,2.91646702606157,1.16046589218655,0.614600396856256,0,1.50398988543347,-3.06341430416197,1.95620780500469,-2.17944151274352,0
"AUT","Q2.2020",58.4821428571428,0.0335150412370272,3.75046973030331,3.58841591137713,0.0567188366241631,0.911088645445811,0,-15.7356933914895,6.35736720650804,3.87590980754512,0
"AUT","Q3.2020",30.540293040293,0.100919444191745,0.0890543432179473,0.0514257474920541,0.0376285957258932,0,0,-6.52765852275028,-3.80070698830433,2.80880475124762,0
"AUT","Q4.2020",60.1648351648352,0.957482273002283,1.20812878010601,0.957271475266724,0.250857304839288,0.0915629162663402,0,-8.37917808222789,3.61323811280438,31.0492441182038,0
"AUT","Q1.2021",72.5389194139194,0.117835331135276,1.02149094530558,0.946233753853795,0.0263400170081253,0,0.176754056989763,-9.75101839637165,3.64454310365069,0.363801439590769,4.93
"AUT","Q2.2021",57.7392445054945,0.318479325800825,0.354963086347593,0.354963086347593,0,0,0,-6.09705708273847,1.44389927059672,8.28521964475667,33.57
"AUT","Q3.2021",41.3780580357143,0.405059829469979,0.544360351501256,0.544360351501256,0,0.184881833666555,0,-3.64322655917424,-0.854939013177685,6.08601234933398,61.36
"AUT","Q4.2021",40.6629120879121,1.23337671734693,0,0,0,0,0,-3.87882889907359,-0.845232946649091,22.1096085290109,70.64
"AUT","Q1.2022",39.2939583333333,3.55060804579614,0,0,0,0,0,-4.09752440305642,1.99109890655041,2.39475279857683,74.18
"AUT","Q2.2022",27.3351648351648,4.03951314987431,0,0,0,0,0,-1.81436386149205,1.152556134126,11.1790210890836,74.49
"AUT","Q3.2022",25,4.93871816595322,0,0,0,0,0,-2.30115242529974,-1.25203754384685,10.5856494407448,74.64
"AUT","Q4.2022",25,8.26867153384519,0,0,0,0,0,-2.83831912699925,-1.75739154010209,17.9665091116457,74.73
"BEL","Q4.2019",0,0,0,0,0,0,0,0.62916119730768,-1.9428031297897,0,0
"BEL","Q1.2020",33.4523809523809,1.3451301469667,1.56844869315239,1.56844869315239,0,0.721857594301236,0.0247312850756207,-2.43524762089809,3.48572570544134,-2.05981003643484,0
"BEL","Q2.2020",68.4065934065934,0.159975152535624,11.7609480485218,0.910808839849076,3.79754872303546,0.0507308411807603,0.00211378504919835,-13.4717436658636,4.20045267527888,28.8537306089785,0
"BEL","Q3.2020",47.6762820512821,0.192204025955156,2.87977847532684,2.57814134880624,0.246678715241447,0.211378504919835,0.935349884270269,-3.97619525122789,-3.1080380493575,4.57093616910029,0
"BEL","Q4.2020",52.3466117216117,1.01907979742042,0,0,0,0,0,-4.85134709730173,1.21690002453352,33.6361411716569,0
"BEL","Q1.2021",57.3031135531135,0.0321499892302855,0,0,0,0,0,-3.74434800488771,2.19926411818268,-6.12661199420639,4.89
"BEL","Q2.2021",52.6327838827839,0.166593797495431,0,0,0,0.443894860331653,0,-2.7166756760687,1.2482917063403,3.58569669745233,35.17
"BEL","Q3.2021",39.41163003663,0.162607072473958,0.0214612596045108,0.0214612596045108,0,0,0,-1.26054908080352,-0.0440570486357643,0.709758523403461,72.74
"BEL","Q4.2021",24.9869734432234,0.867749183922189,0.518342369764419,0.516270860416204,0.00207150934821438,0.274792056395785,0.824376169187355,-0.80453775659491,-1.21100434032535,14.9864278778535,75.77
"BEL","Q1.2022",18.980695970696,2.53318674041193,0,0,0,0,0,-0.695810772518613,0.0669895899710014,-0.758150529149594,78.44
"BEL","Q2.2022",2.06043956043956,2.8080910259425,0,0,0,0,0,-0.0602793806423167,-0.0419112657829999,9.19205340191993,78.57
"BEL","Q3.2022",0,3.77259029559843,0,0,0,0,0,0.216739996606507,-1.30942879625974,7.7732649559966,78.62
"BEL","Q4.2022",0,5.00932471700568,0,0,0,0,0,0.124699647265761,-1.10065824221256,10.8040723382991,78.65
"CAN","Q4.2019",0,0,0,0,0,0,0,-0.266857315933791,0.0681941553345595,0,0
"CAN","Q1.2020",22.6785714285714,0.150196043619186,6.89055583672399,3.36389340060541,1.2343318526415,1.31842918765664,0,-2.77308281479379,2.53749065140909,-3.24481167401597,0
"CAN","Q2.2020",51.1675824175824,0.137702805484823,0.121729536025779,0.121729536025779,0,3.03822511435067,0.0224838294388852,-13.9648420897419,11.6202424843074,11.2141468036365,0
"CAN","Q3.2020",45.8333333333333,0.0546820371948014,0.811935354215804,0.811935354215804,0,0.106602866992089,0.824696446600037,-6.68869612302472,-0.207622877337144,2.25447837172808,0
"CAN","Q4.2020",45.8562271062271,0.207237011720163,0.90056851968724,0.268677421287065,0.631891098400176,1.4757725886527,0.0043405076136844,-5.48181052100265,1.2115384692953,7.17584278728356,0
"CAN","Q1.2021",50.3663003663004,0.0261712447500331,0.0434050761368441,0.0434050761368441,0,0,0,-4.42357619106719,-3.24788872375682,0.620761880997831,1.85
"CAN","Q2.2021",50.904304029304,0.107084925241337,0.440127472027599,0.440127472027599,0,0.109163766484163,0,-5.08374305569427,0.97676084229289,1.04562694855418,30.66
"CAN","Q3.2021",44.9537786172161,0.371450834430886,0.0610275370484027,0.0610275370484027,0,0.097965256840857,0.857293658778807,-3.72762578178272,1.36572353406789,7.17493266916939,70.34
"CAN","Q4.2021",44.8873843864469,0.442381089783307,0.131777811151459,0.131300355313953,0.000477455837505285,0.324843589808141,0,-2.56664686352219,-0.143747370760479,7.8957217753284,76.55
"CAN","Q1.2022",43.8792857142857,2.88039226288409,0,0,0,0,0,-2.12168137151852,0.760131173293161,8.13433656113779,81.11
"CAN","Q2.2022",12.4555299908425,2.36748000652004,0,0,0,0,0,-1.57658166343608,-2.07155642518943,5.01485889280875,81.79
"CAN","Q3.2022",7.79841117216117,4.35047784088967,0,0,0,0,0,-1.35027462210264,0.637721118684752,10.712901291386,82.13
"CAN","Q4.2022",0.767428784013605,6.2110784169579,0,0,0,0,0,-1.85500741764109,0.371618772091416,15.210070413419,82.52
"CHE","Q4.2019",0,0,0,0,0,0,0,-0.514773969558783,0.0194899280304348,0,0
"CHE","Q1.2020",35.922619047619,0.466807719022362,4.30059477070062,1.33116706974779,1.05962269322909,0,0,-2.1235489562737,0.215840553390276,-3.15088155146351,0
"CHE","Q2.2020",55.5517399267399,0.0173333851706692,5.36407219482667,2.21904008634597,1.10076123796824,0,0.0414026651894957,-8.81269817015487,1.2079113037298,7.50727594031909,0
"CHE","Q3.2020",29.9278846153846,0.0526418774221228,0.117069605018574,0,0.10593371576071,0.180886816534797,0.671008711691827,-3.74685952125627,-0.574946702033984,0.313553502693762,0
"CHE","Q4.2020",39.0396062271062,1.27846661253088,0.26768964562174,0.259123576961844,0.00856606865989567,0,0,-3.37479367431213,0.345057669207929,43.0677790899062,0
"CHE","Q1.2021",55.2083333333333,0.057890350303876,1.0836076854768,1.07075858248696,0.00449718604644522,0,0,-3.15267933276602,-0.104508587869521,2.31270554152128,0
"CHE","Q2.2021",46.1423992673993,0.0440870741590708,0.0042116504244487,0.0042116504244487,0,0,0,-0.977519444779599,-0.808242194345315,-0.131138467025536,0
"CHE","Q3.2021",38.4615384615385,0.274696596045209,0,0,0,0,0,0.657192547555303,0.584478583454121,4.07359909388773,0
"CHE","Q4.2021",43.9903846153846,0.79184253133416,0.0285535621996522,0.0285535621996522,0,0,0,0.878208979677395,0.702928781885717,14.3915761869268,0
"CHE","Q1.2022",28.9377289377289,2.03233508687514,0,0,0,0,0,0.624573845474765,-0.786771161713066,2.870461005574,0
"CHE","Q2.2022",0.183150183150183,2.695650631505,0,0,0,0,0,1.06669253918897,-0.145190121810661,7.82457942250331,0
"CHE","Q3.2022",0,4.30473986006304,0,0,0,0,0,1.102879365943,0.483315722251156,11.3057494265117,0
"CHE","Q4.2022",0,6.11302534888546,0,0,0,0,0,0.745602318732979,1.00219432742219,15.7858660880807,0
"CHL","Q4.2019",0,0,0,0,0,0,0,-3.60198698000457,-1.28847721537299,0,0
"CHL","Q1.2020",21.9940476190476,0.0437278786552242,1.09056920061099,1.09056920061099,0,0.21625928516176,0.178341968921836,-2.27888190729147,0.233867253687134,1.81646403330724,0
"CHL","Q2.2020",66.025641025641,0.408722026857075,10.7211881710246,0.110643559035456,4.7079161329863,1.60383386063193,0.202368763220763,-15.0920189076078,2.51594851452317,25.0520575802583,0
"CHL","Q3.2020",64.9038461538462,0.14527232615413,0.221687128023805,0.0252086876861888,0.0687674541181657,0.778356898260557,0,-11.276403160005,-0.411854800638679,10.1419225027039,0
"CHL","Q4.2020",57.967032967033,0.249689106989446,0.000546613096836702,0.000546613096836702,0,0.131713100911866,0,-5.62018456268174,-0.230217870407692,11.9774736457538,0
"CHL","Q1.2021",56.25,0.705869206904093,0.447970843969765,0.447970843969765,0,8.31513636503026,0,-2.59570093768106,-1.03477286203281,30.6075401699929,18.8
"CHL","Q2.2021",56.7078754578755,0.873855437762231,1.00718778085869,0.941112081373148,0.0660756994855403,0.841438568589875,0,-2.1540344833061,-0.444882528492499,33.1129155770449,55.04
"CHL","Q3.2021",42.7002472527472,0.248269529012193,0.0645824633389745,0.0645824633389745,0,0,0,1.4565983594613,2.15348471559514,10.5974710038424,72.28
"CHL","Q4.2021",21.9873901098901,0.658319511040707,0,0,0,0,0,3.12522914920444,1.22495261977058,14.6263667081109,84.41
"CHL","Q1.2022",19.0608390567766,9.7313066353917,0,0,0,0,0,1.1520882811121,-0.613683946526152,39.2498462431645,88.73
"CHL","Q2.2022",22.6647149725275,4.27350335037006,0,0,0,0,0,0.481067973903417,1.90303073661345,14.1278274058011,89.68
"CHL","Q3.2022",23.8655860805861,2.95228718593256,0,0,0,0,0,-0.187340951424123,-2.48468864620368,11.8633877944514,90.19
"CHL","Q4.2022",4.29526254251701,4.77787025046398,0,0,0,0,0,-0.923556859472747,1.01182893360151,15.2862339516401,90.27
"COL","Q4.2019",0,0,0,0,0,0,0,0.666880658816729,-1.11734872400249,0,0
"COL","Q1.2020",28.422619047619,0,0.0235464760343967,0,0.0235464760343967,0.113321447072231,0.0782196980399913,-2.3518374029484,5.79375390194239,-0.00783511985999432,0
"COL","Q2.2020",85.6570512820513,0.180717027833522,2.2052310851158,0.770723253557873,0.608026522750605,0.32442202819926,0.407547862891884,-17.9932208200171,3.22692484355338,1.54701138435117,0
"COL","Q3.2020",76.7971611721612,0.662566037575626,0.91569415626016,0.188960658547842,0.283052155241102,1.41493306207793,0,-10.4710400791986,1.92625784156437,49.6777993839239,0
"COL","Q4.2020",59.9702380952381,0.670329446405527,0.0260963710171136,0.00780377308731975,0.0124510280391437,0.391766268260292,0.0120669096662993,-4.808703130086,-0.424671409890784,33.9205408528674,0
"COL","Q1.2021",54.0521978021978,0.766657250823792,0.0673429214583745,0,0.0673429214583745,0.359036666572481,0,-2.499829085567,1.13820368543891,39.8996148742115,0.55
"COL","Q2.2021",49.9656593406593,2.38965882524323,0.245919395703239,0.0104546353592721,0.0824126661203884,0,0,-5.2875365297402,1.11438112985958,87.2148207455349,13.29
"COL","Q3.2021",39.6978021978022,0.620993446511646,0.199862488579959,0.199862488579959,0,0,0,-0.986141247880712,-0.184782162368982,38.6513157156673,32.64
"COL","Q4.2021",39.47368246337,0.463931333670045,0.236427811213774,0,0.23413202980042,0.0376743616550347,0,3.08149376863986,1.29225830737015,9.81877049642622,54.6
"COL","Q1.2022",39.6866907051282,5.43693404700851,0,0,0,0,0,2.91621969611246,-2.91950715336521,26.9630567678223,67.14
"COL","Q2.2022",18.3993818681319,1.80085272959439,0,0,0,0,0,3.75413065980179,0.459460872293526,3.38682845381515,69.75
"COL","Q3.2022",10.3714354395604,1.20145908215812,0,0,0,0,0,3.95369517434981,2.20486285593042,7.88737563731644,70.32
"COL","Q4.2022",9.375,1.07201031677221,0,0,0,0,0,2.83025357147451,3.60199162678079,3.75893919421987,71.09
"CRI","Q4.2019",0,0,0,0,0,0,0,-0.996049377327671,2.74661404326201,0,0
"CRI","Q1.2020",42.1428571428571,0.0140860460931939,0.16921077529465,0,0.16921077529465,0,0,-1.85503907739133,1.15658526324357,-0.338469425150057,0
"CRI","Q2.2020",70.0206043956044,0,3.91539574196556,0.022556440694497,2.28107457594057,1.3288283820472,0,-10.3740653591488,3.23074551813307,-10.7517646019773,0
"CRI","Q3.2020",61.8475274725275,0.225581329302788,0.365743855594697,0.365743855594697,0,0,0,-10.1024500577899,2.64364225106771,9.42721887766682,0
"CRI","Q4.2020",51.5453296703297,0.278015121040749,0.00286535951169866,0.00286535951169866,0,0.0859773162712195,0.0566636966113267,-8.39074442053769,-0.492951451795662,16.101083212541,0
"CRI","Q1.2021",57.3717948717949,0.17738752596636,2.79855701597052,0,2.79855701597052,0.00385721472728665,0,-5.30700467485761,2.93066668972396,10.7237609193327,3.09
"CRI","Q2.2021",54.3040293040293,0.671576891465953,0.393497893134213,0,0.393497893134213,0,0,-4.07405753665844,2.07584061197068,24.085736839999,15.66
"CRI","Q3.2021",48.8352884615385,1.1738740769393,0,0,0,0.00638413119819967,0,-1.84633560364796,1.87306789484927,30.1668125716256,42.26
"CRI","Q4.2021",42.3012316849817,0.688356397589101,0,0,0,0,0,-2.10430281739252,-0.968439824714778,12.9916687966956,67.66
"CRI","Q1.2022",35.5195421245421,2.767191243315,0,0,0,0,0,-2.27212896503196,1.45024828272413,14.1478744456268,76.66
"CRI","Q2.2022",0,3.27958718310098,0,0,0,0,0,-2.59733806841205,-0.58599742560456,7.57947545697448,79.97
"CRI","Q3.2022",0,1.25905281893509,0,0,0,0,0,-2.02603921243103,-2.42280873040994,9.90584215141708,81.13
"CRI","Q4.2022",0,0.593519447369268,0,0,0,0,0,-0.910199843051656,0.393738810631746,1.9617276558761,82.82
"CZE","Q4.2019",0,0,0,0,0,0,0,-0.502236416742961,-0.395248810946569,0,0
"CZE","Q1.2020",42.0238095238095,0.0606117489786228,1.19679898021594,0.761915629846775,0.208744008177199,0.98805497203874,0.549692554866623,-4.62315224603932,1.25460272443859,-4.15740331996631,0
"CZE","Q2.2020",47.4358974358974,0.0300145012460003,16.0023462927494,1.10634324333915,5.21360106729357,0.400092682339631,0.784529564065972,-13.6965548762379,5.42798602459422,0.180340240659399,0
"CZE","Q3.2020",28.4569597069597,0.298785043676935,0.095674337081216,0.095674337081216,0,0.252232343214115,0,-8.17982561816158,-1.72111536103556,4.27913999836914,0
"CZE","Q4.2020",57.7037545787546,2.13727013889901,2.47144208014796,2.47144208014796,0,0,0.0382697348324864,-8.28490024255233,-0.211669495352375,54.3297179201689,0
"CZE","Q1.2021",74.7367216117216,1.88102990900603,0.574046022487296,0.4992460862238,0.0261799776922237,0.904557368767861,0.00695813360590662,-9.08831975388655,4.54187346716473,48.6650997533409,4.97
"CZE","Q2.2021",55.6089743589744,0.207187469977535,0,0,0,0,0,-8.57520433594396,0.0804972880471553,11.512942045458,31.51
"CZE","Q3.2021",32.9714835164835,0.0708109250964058,0,0,0,0,0,-7.81349413969515,-1.89223726297158,-1.98474507531237,57
"CZE","Q4.2021",35.3824049908425,2.11291376174414,0,0,0,0,0,-7.98297597540582,2.84154552495202,28.4328203900047,63.45
"CZE","Q1.2022",28.6920020604396,1.78101783812524,0,0,0,0,0,-7.97701382044682,-1.00548006076833,1.91177772445045,65.37
"CZE","Q2.2022",4.72142628205128,1.16051190594221,0,0,0,0,0,-8.50734616091279,1.4982437810001,2.34372674149639,65.55
"CZE","Q3.2022",1.69413919413919,3.24659125141945,0,0,0,0,0,-9.19629013405363,0.800459567125586,3.67111180992076,65.63
"CZE","Q4.2022",0,5.13211385873426,0,0,0,0,0,-10.3203348010974,0.811891108065076,9.82121154729564,65.67
"DEU","Q4.2019",0,0,0,0,0,0,0,-1.17541025503752,-0.963662044375333,0,0
"DEU","Q1.2020",30.4613095238095,0.147363820925906,21.6537887244314,2.46009770806454,8.60236876821154,0.366187790840956,0.536701410533335,-3.59152835527002,0.500492730713404,-6.33555861384239,0
"DEU","Q2.2020",54.235347985348,0.0233341190167794,2.60767036481835,1.39879097142691,0.555028171560821,1.91415027326365,0,-12.5190674324298,3.45060966728824,2.69985048563406,0
"DEU","Q3.2020",40.5563186813187,0.10050831186908,0.706281439816761,0.706281439816761,0,0.0811817746915817,0.242095649526681,-5.33144925481839,2.12823585161991,1.69243157419755,0
"DEU","Q4.2020",55.5517399267399,0.745155564103422,0.48709064814949,0.48709064814949,0,0,0.22324988040185,-4.82075825451719,-0.877631171864131,13.2789850149832,0
"DEU","Q1.2021",72.9510073260073,0.125555902648087,1.48649628158478,1.48649628158478,0,0.215160696423653,0.107275916556733,-5.80751888191634,0.171686951501776,3.48946003352042,5.1
"DEU","Q2.2021",64.9839743589744,0.248518819553072,0.101477218364477,0.0289934909612792,0.0253693045911193,0,0,-4.00187968079119,1.2912647507155,4.10650434243693,37.56
"DEU","Q3.2021",48.1436074862637,0.322783682787596,0.510285440918514,0.510285440918514,0,0.0483321494324524,0,-4.3258434976342,-0.19714876956499,2.82547886163712,64.27
"DEU","Q4.2021",25.0929796245421,1.31395713774363,0.0608863310186863,0.0434902364419188,0.00608863310186863,0,0.594366564706223,-4.21890402301414,0.803388179061663,17.3373254713362,70.96
"DEU","Q1.2022",30.7654727564103,1.30264600572409,0,0,0,0,0,-3.9779743541907,-0.754074789907747,-0.414379328780092,75.7
"DEU","Q2.2022",5.50797733516483,3.61909967561402,0,0,0,0,0,-4.23959939220819,0.269678131258736,6.93398907223927,76.04
"DEU","Q3.2022",0.595927197802198,7.7050857948966,0,0,0,0,0,-4.36527301674535,0.400764739140307,11.759116257212,76.17
"DEU","Q4.2022",0,12.8547691018491,0,0,0,0,0,-5.10308160828787,-0.448621350943952,22.0242676800287,76.23
"DNK","Q4.2019",0,0,0,0,0,0,0,-0.598783690362038,-0.21759753720054,0,0
"DNK","Q1.2020",37.4404761904762,0.0524231487512543,7.94121599113764,4.4415506196352,1.22488288002585,1.676382918695,0.0257506242150056,-1.97751297170962,1.03134914284793,-7.26890795422534,0
"DNK","Q2.2020",60.782967032967,0.024837621992127,13.8985938081982,0.467702193166839,13.3225185453019,0.840351746613858,0.608635013849602,-8.30605192867991,5.71685490583477,0.0741756244298954,0
"DNK","Q3.2020",48.9125457875458,0.0230934438332763,0,0,0,2.24669875701391,0,-3.31925007447441,1.44594214211528,0.0411769155508682,0
"DNK","Q4.2020",40.2014652014652,0.173672600832543,0,0,0,0,0.196758964220026,-3.82497337986503,-0.0743247266303868,2.48789210634706,0
"DNK","Q1.2021",60.3937728937729,0.0488880500040364,0.496866071262692,0.496866071262692,0,0,0,-3.8613887332559,-1.74958828277104,-4.18307324027352,5.32
"DNK","Q2.2021",50.1033653846154,0.1159907942838,0.0561674689253478,0.0561674689253478,0,0.00686971350702331,0,-1.09987604668862,-0.100648385920714,-1.48666634133096,29.9
"DNK","Q3.2021",28.1839606227106,0.446970265612605,0,0,0,0,0,0.286896504401523,0.480764616500622,6.74191415151204,72.47
"DNK","Q4.2021",16.1557371794872,0.738229403774285,0.00747459394160398,0.00747459394160398,0,0,0,2.98926986395479,-2.11963147579959,11.5150886403775,77.05
"DNK","Q1.2022",11.2655471611722,1.65979444291348,0,0,0,0,0,-3.00415401999248,-5.31670168264987,4.52440841922986,80.29
"DNK","Q2.2022",0.0411092032967033,1.76016761553394,0,0,0,0,0,-1.80310020130719,-1.52305691220742,3.2741549173575,80.43
"DNK","Q3.2022",0,2.78767588087028,0,0,0,0,0,-1.03945756198887,-0.594657190200884,6.28099684785431,80.48
"DNK","Q4.2022",0,4.32576714664949,0,0,0,0,0,-2.91166707922032,-0.086082853399045,8.68556299671692,80.5
"ESP","Q4.2019",0,0,0,0,0,0,0,-0.624747674040118,-1.04210614255838,0,0
"ESP","Q1.2020",34.8809523809524,2.03340225520743,9.60257232816014,0.427501603991228,3.74679502879154,1.55755216886113,0,-6.34033241168968,1.83216635118048,9.8556102776809,0
"ESP","Q2.2020",66.3232600732601,0.0959158878738109,1.86962525357462,1.28970611026305,0.339148347170968,0.26547158948103,0.00562099554255054,-23.4689677113002,5.50916201001948,29.7006429013455,0
"ESP","Q3.2020",43.4065934065934,0.292589052458472,4.37835402796526,0.243308807056116,1.99573045238575,0.0173447862455845,0,-11.8359214276018,0.391952554062627,9.32419592291951,0
"ESP","Q4.2020",61.092032967033,0.442559726818787,0.156183376146583,0.0377409700714107,0.0662474474657742,0.0145342884743092,0.0746789407796,-11.7337416290226,-0.745674595821399,17.1137011560713,0
"ESP","Q1.2021",66.1057692307692,0.183914510229076,2.64989789863097,0.883299299543655,1.19245405438393,0,0,-11.2139825179419,2.13566665980736,4.51378392890813,5.72
"ESP","Q2.2021",51.3621794871795,0.0588640250725235,0,0,0,0.0321199745288602,0,-10.541786102307,2.96011770777453,0.423431358910934,37.83
"ESP","Q3.2021",31.1801717032967,0.558976606815551,1.08292494124052,1.08292494124052,0,0,0,-9.33082163239983,0.165764589813151,9.73280580677566,77.1
"ESP","Q4.2021",26.0758653846154,0.441855318765172,0,0,0,0,0,-8.04903815370304,-1.23741720703511,7.74896412269558,79.63
"ESP","Q1.2022",20.8112957875458,1.41141988923834,0,0,0,0,0,-7.16939904439191,0.430324725929154,0.780667049464582,84.61
"ESP","Q2.2022",14.6131856684982,6.14902675037262,0,0,0,0,0,-6.16154068456626,1.77670839431171,10.7172490424528,85.29
"ESP","Q3.2022",8.43869276556777,6.16463079154452,0,0,0,0,0,-5.96889958179659,1.66827084685178,19.8443557142305,85.48
"ESP","Q4.2022",0.79719387755102,3.2217299956716,0,0,0,0,0,-6.03729599137753,-2.44226684353656,7.28883104239119,85.62
"EST","Q4.2019",0,0,0,0,0,0,0,-1.00735958635444,-0.939892796475146,0,0
"EST","Q1.2020",21.1904761904762,0.0378293430141536,6.40295959021059,0.889299943084804,2.04538986909505,0.0142287990893569,0,-3.72684724744984,0.521036493189943,-7.16866483229247,0
"EST","Q2.2020",51.6025641025641,0.0788739655294552,7.57585609911534,5.01209447922595,2.40023347077461,0.45176437108708,0.786141149686966,-9.41285186757305,8.39553435143912,2.03310669696311,0
"EST","Q3.2020",25.503663003663,0.151875583258193,0.505122367672168,0.505122367672168,0,0,0,-6.48886253917556,-0.278968464955717,3.84258500617346,0
"EST","Q4.2020",32.6923076923077,0.344461967428241,0.302361980648833,0.302361980648833,0,0,0,-5.67763280524861,-0.281501396966522,5.30913714331664,0.01
"EST","Q1.2021",38.3898134157509,0.937589364722974,0.981787137165623,0.881474103585657,0.100313033579966,0.0165765509391007,0,-2.78800327153714,0.416935521220676,15.1440483556105,5.37
"EST","Q2.2021",41.9288644688645,0.85941667194496,0.385244735344337,0.385244735344337,0,0,0.892857142857143,-1.66246094794933,1.31888306281984,17.2393629188593,33.91
"EST","Q3.2021",15.2525961538462,0.857533607044094,0,0,0,0,0,-3.08139850542315,0.178057989151821,13.161604197612,54.68
"EST","Q4.2021",25.3221737637363,1.84446968116748,0,0,0,0,0,-2.63701557441636,-0.665883864641682,27.7311928193282,62.41
"EST","Q1.2022",33.6057188644689,6.70382627692784,0,0,0,0,0,-4.38557281298323,-0.615800946722327,10.4583030758981,64.19
"EST","Q2.2022",12.3466174450549,4.30794671962863,0,0,0,0,0,-6.62897124775296,-0.307931231162001,3.34597947113854,64.51
"EST","Q3.2022",0,4.97427434720349,0,0,0,0,0,-7.90045082499146,-0.811883364489805,10.2348327199874,64.8
"EST","Q4.2022",0,7.37044278955416,0,0,0,0,0,-10.4703692690237,3.26269639692435,12.0080861555739,64.92
"FIN","Q4.2019",0,0,0,0,0,0,0,-1.12568431083081,-0.933983863629898,0,0
"FIN","Q1.2020",33.2440476190476,0.0704293589171038,5.23784383742731,0.41570189185931,1.95795591065735,0.378288721591972,0,-1.80455745841298,4.29153958057649,-5.03334684095377,0
"FIN","Q2.2020",52.3809523809524,0.0944199832732855,2.83373933494528,1.24465303441596,1.03431012865454,1.79404465469722,1.07666789991561,-8.64453286168812,2.70617766908744,4.84142702241667,0
"FIN","Q3.2020",26.0874542124542,0.0741943906819031,0,0,0,0.0249421135115586,0.083140378371862,-4.58599882029636,-1.48615662058841,2.63413403578455,0
"FIN","Q4.2020",30.2598443223443,0.0801977356969414,0.749302660076406,0.582398350494893,0.166904309581513,0,0.449789446991773,-4.10456092386717,1.44259835843383,1.53938071364704,0
"FIN","Q1.2021",34.375,0.0114104589321931,0,0,0,0,0,-5.25194514884954,1.73191490941925,-3.70738965217477,1.65
"FIN","Q2.2021",33.9858058608059,0.205805422959025,0.460181994288256,0.083140378371862,0.201407566605836,0.120137846747341,0.247758327548149,-4.21287495119507,0.0677121455415914,0.547270101191585,17.83
"FIN","Q3.2021",26.7628205128205,0.574650276640164,0,0,0,0,0,-3.6075921459113,-0.834475590261881,9.5612694298361,61.46
"FIN","Q4.2021",16.8332944139194,0.765380893347591,0.0718332869132887,0.0718332869132887,0,0.00432329967533682,0.00153809699987945,-3.28507261011647,-2.15693250354465,12.4020620796305,73.73
"FIN","Q1.2022",13.2545707417582,6.18181565178671,0,0,0,0,0,-4.4067188738515,1.14017377529984,9.90822613794322,77.77
"FIN","Q2.2022",9.375,4.52938863326855,0,0,0,0,0,-4.56626910946291,0.113275300664689,11.5081815253448,78.22
"FIN","Q3.2022",0.309065934065934,6.82052222469211,0,0,0,0,0,-5.21413822202834,-0.971045615622195,13.7555513863602,78.38
"FIN","Q4.2022",0,10.0407022125642,0,0,0,0,0,-6.51657816424321,1.05178656225985,19.4242075716077,78.46
"FRA","Q4.2019",0,0,0,0,0,0,0,-0.645048041879548,-3.71362687938849,0,0
"FRA","Q1.2020",46.7559523809524,0.771709830390678,14.7288956461371,2.3580744261057,4.33193113103473,0,0.0577151083312583,-6.08867185774826,1.82096718858267,-1.57999508727774,0
"FRA","Q2.2020",74.9542124542124,0.0331123595741331,2.58356961010011,0.473057762929421,1.27460515244285,0.537368883641395,0.329800619035762,-17.9214382651366,1.49311125806901,12.9632926371304,0
"FRA","Q3.2020",38.5531135531135,0.0958352098563947,0.194994616004894,0.194994616004894,0,0.023498294106298,0,-5.73544493478203,4.15817766171625,1.13382215509523,0
"FRA","Q4.2020",57.7724358974359,0.561819254003547,3.03416569512901,2.20966414753961,0.288575541656292,0,0,-6.21969074759703,-1.64694338468752,18.6944765133205,0
"FRA","Q1.2021",57.7266483516483,0.239641931125803,0.495142036881603,0.495142036881603,0,0.00247350464276822,0,-6.25786577589465,1.90177594452518,5.07180986954728,4.32
"FRA","Q2.2021",57.5219047619048,0.174344918399722,0.00824501547589405,0.00824501547589405,0,0,0,-5.53656655013761,0.735394582930013,6.16026313807421,31.27
"FRA","Q3.2021",31.2048019688645,0.223240820216693,0.164900309517881,0.164900309517881,0,0,0,-3.12915879370254,2.59165632265349,2.28477636503004,65.78
"FRA","Q4.2021",34.786875,0.503740360117617,1.16524654624547,1.14967609638093,0.0155704498645344,0.646540068342933,0.00164900309517881,-3.00710078396826,-0.979667419943809,7.30308688951345,73.21
"FRA","Q1.2022",29.2975938644689,2.37915260305409,0,0,0,0,0,-3.51838891646809,1.67339837708899,3.27756795535162,77.81
"FRA","Q2.2022",8.6685554029304,1.89403813986732,0,0,0,0,0,-3.52272400345171,0.457670818109477,4.91789650734136,78.13
"FRA","Q3.2022",3.32910943223443,3.00201194727525,0,0,0,0,0,-3.4441156932008,-0.0432042465926088,6.69007917769637,78.3
"FRA","Q4.2022",0,5.61797260883452,0,0,0,0,0,-3.49002572620722,-1.61491816611733,11.4355165827307,78.37
"GBR","Q4.2019",0,0,0,0,0,0,0,-0.815292265350542,1.48445917850729,0,0
"GBR","Q1.2020",20.0595238095238,0.982023302755961,17.5197568005082,4.7303979513204,4.47627559721573,0.906854739015327,0,-3.99504891548307,-0.939150880488981,-2.84362424101379,0
"GBR","Q2.2020",68.246336996337,0.446333825549222,3.32874341515178,1.95569315284067,1.07978877954497,0.257934753380628,0.498995692214404,-23.4704238495571,0.219154500707617,41.6010824590486,0
"GBR","Q3.2020",53.6172161172161,0.0616906207255189,1.1557209450058,1.1557209450058,0,0.567934699240047,2.52656046690837,-10.9117158773463,7.13453328957077,-0.5062364860823,0
"GBR","Q4.2020",60.1362179487179,0.616714811177949,0.897380137264421,0.897380137264421,0,0.0990276351574498,1.628729158132,-10.1210540758579,3.52560038063048,14.0097051913625,0
"GBR","Q1.2021",79.6588827838828,0.462617248572595,1.30366008377353,1.30366008377353,0,0.2391209013324,0.0744432994714074,-11.5097361298018,-0.45285087833264,19.0689030664104,6.69
"GBR","Q2.2021",49.702380952381,0.0538764944499964,0,0,0,0,0,-5.77982313645269,4.17517323189465,-6.5373571200187,48.95
"GBR","Q3.2021",32.3202838827839,0.675788415670961,0,0,0,0.0225585755973962,0,-4.64479541438643,0.694924803244263,10.0269659151583,66.51
"GBR","Q4.2021",27.9528788919414,0.644819032833972,0.0451171511947924,0.0451171511947924,0,0,0,-3.78934262171911,0.627141833621764,13.5598960280476,70.26
"GBR","Q1.2022",21.0186389652015,0.211574204319573,0,0,0,0,0,-3.27504853270764,-2.50610688612252,-1.8752823570655,73.24
"GBR","Q2.2022",2.42673992673993,4.51333315404894,0,0,0,0,0,-3.19642484372099,-0.587682207016229,6.5824677363781,74.34
"GBR","Q3.2022",0,5.82359421741253,0,0,0,0,0,-3.55784945541427,-1.6338421919653,12.9232700188151,75.19
"GBR","Q4.2022",0,6.28334995482249,0,0,0,0,0,-3.76517964516324,-0.607079420553163,14.5792634770581,75.19
"GRC","Q4.2019",0,0,0,0,0,0,0,-0.112876905485147,0.824842747499815,0,0
"GRC","Q1.2020",37.3809523809524,0.0503622218754375,5.82018180266303,1.64320160464322,3.47308168316832,0.322208945032434,0,-2.44563405931191,-0.887804910854868,1.13970518560734,0
"GRC","Q2.2020",63.5531135531135,0.068577116550869,2.18199831361448,1.86032455616251,0.112585815108189,0.0549462273813588,0,-16.2116546492451,2.58385262438011,-1.42088183058047,0
"GRC","Q3.2020",51.5453296703297,0.152821449127156,1.30857374530556,1.30857374530556,0,0.66239544213042,0,-11.4212496295845,3.16349684077824,5.28480378554227,0
"GRC","Q4.2020",61.5728021978022,0.542689340654479,1.19576860703312,0.955712273813588,0.240056333219529,0.52925699897576,0.419298395356777,-9.47347568079327,4.62000245576968,14.5668993878074,0
"GRC","Q1.2021",78.1707875457875,0.4124319544117,1.48344144759304,0.549889040628201,0.933552406964834,0.132297712529874,0,-6.02874819692857,3.71798144536581,-2.56055030925929,5.85
"GRC","Q2.2021",67.566768543956,0.828376158492408,2.76433936497098,0.737730454079891,1.50782050187777,0.777249061113008,0,-5.11518570084292,2.22033762858356,15.3974863113487,36.48
"GRC","Q3.2021",53.0572516025641,1.48485085120184,0.369153294639809,0.369153294639809,0,0,0,-2.76972815495267,3.70393670303625,22.536672315237,58.96
"GRC","Q4.2021",61.5546428571429,1.88966000101492,0.11047925913281,0.11047925913281,0,0,0,-1.78150452324317,-7.45883393445999,24.5441017992545,67.8
"GRC","Q1.2022",59.6108173076923,10.5661075677401,0,0,0,0,0,-0.106571393614972,-0.70347630193038,16.385553130619,73.15
"GRC","Q2.2022",26.8873992673993,4.41498973145851,0,0,0,0,0,-0.328445538401635,-2.15613826202861,10.0760146973358,73.46
"GRC","Q3.2022",3.52564102564103,5.98992600252624,0,0,0,0,0,0.240419653012159,0.149090096011633,12.1441236216566,73.55
"GRC","Q4.2022",0,3.32991029042651,0,0,0,0,0,0.700162235563294,-1.9689425991233,5.98633091841728,73.6
"HUN","Q4.2019",0,0,0,0,0,0,0,0.149668859994285,-0.93139559881898,0,0
"HUN","Q1.2020",31.9642857142857,0.0826453365897001,0.280635224777701,0.280635224777701,0,0.0235109480011783,0,-1.25731551343982,-0.79473077013175,-7.28191951866329,0
"HUN","Q2.2020",59.3063186813187,0.0340104721521098,6.6065763883311,0.990879590304205,2.85241233227023,0.191293622373223,4.25334422930407,-16.5449613341264,1.11509384070749,-0.628578913117921,0
"HUN","Q3.2020",39.6062271062271,0.125714462478108,0.425334422930407,0.425334422930407,0,0.00427471781839605,0,-7.79035463927023,3.46287024273735,-0.339611846701491,0
"HUN","Q4.2020",53.2051282051282,1.84035173524394,0.597034876183012,0.597034876183012,0,0.763037130583695,0.115001715764864,-7.19726539949208,3.62755415575221,40.3218493751493,0
"HUN","Q1.2021",70.6730769230769,1.73948522094687,0.489882661988188,0.489882661988188,0,0.0624108801485823,0,-7.05028474973838,0.187966051024901,17.3302858600747,7.9
"HUN","Q2.2021",56.5247161172161,0.666057015060219,0.598460494575447,0.598460494575447,0,0.112425078623816,0,-6.11836744924014,-0.582590230373803,23.3990484693726,49.33
"HUN","Q3.2021",20.255782967033,0.277819825340153,0.213735890919803,0.213735890919803,0,0.320603836379704,0.111741123772873,-6.04793106348075,3.41190399612848,2.33447187383679,56.7
"HUN","Q4.2021",21.8779109432234,3.07928994507636,0,0,0,0.213735890919803,0,-4.76747125809568,-2.05705482053536,34.6253776035546,60.01
"HUN","Q1.2022",15.1110416666667,2.38863178059692,0,0,0,0,0,-4.67775459504045,0.120469574058362,3.97069855346761,62.08
"HUN","Q2.2022",0,2.5212669729612,0,0,0,0,0,-4.93341514298301,1.23354173336057,2.43665312006259,62.19
"HUN","Q3.2022",0,4.24394125900502,0,0,0,0,0,-7.04909827916335,-0.471589911804564,6.11029726689772,62.25
"HUN","Q4.2022",0,4.56568150880071,0,0,0,0,0,-8.92441503425568,-1.42540781932242,7.94224440107327,62.28
"IRL","Q4.2019",0,0,0,0,0,0,0,-0.202745144219119,-2.9637667075198,0,0
"IRL","Q1.2020",24.1071428571429,0.459765518066749,1.27562488761014,1.03960618593778,0.208623673799676,2.51078942636217,0.122223970508901,1.36945753888884,3.98061570810917,-0.850118780035348,0
"IRL","Q2.2020",80.9294871794872,0.0897208276426975,2.07457463248516,0.572765155772343,1.04522567883474,0.00842923934544147,0.0674339147635317,-4.56022070285207,4.37397040482309,16.8401933414874,0
"IRL","Q3.2020",44.1792582417582,0.0547765986807657,1.02597891566265,0.884789156626506,0.141189759036145,0.26636396331595,0,4.94472824433592,0.135575962710448,0.0147117897791907,0
"IRL","Q4.2020",67.5423534798535,0.103301722449098,0.612833396365312,0.612833396365312,0,0.0944074806689444,0,0.566666939075036,-3.6038058854845,1.45289830301148,0
"IRL","Q1.2021",84.3177655677656,0.268011564578295,0.0763689084696997,0.0763689084696997,0,0.08063972307139,0,8.59278065958714,4.38883888475494,11.2192410306491,5.47
"IRL","Q2.2021",62.1794871794872,0.111409360781008,1.47601600431577,1.47601600431577,0,0,0,9.74839760179804,0.872895644999005,0.885995381851957,37.61
"IRL","Q3.2021",34.3654212454212,0.485433665157168,0.609434004675418,0.0474847149793203,0.196682251393634,1.06993177935623,0,11.1317790670106,-1.23880486366381,11.1877188971216,74.45
"IRL","Q4.2021",34.7867445054945,0.475817103143752,0.0245852814242043,0.0245852814242043,0,0.112670832584068,1.3537358388779,7.36799592427341,-1.32056268612252,15.3178248466523,77.3
"IRL","Q1.2022",12.5810828754579,1.67190715502995,0,0,0,0,0,9.8111737046283,-0.861957552102069,0.148542765214913,80.17
"IRL","Q2.2022",0,3.93155274012961,0,0,0,0,0,10.9039410504277,-1.38618257040489,14.0391450523742,80.66
"IRL","Q3.2022",0,3.7826996352342,0,0,0,0,0,11.2835439709879,-1.07151707784322,13.8682127118449,80.79
"IRL","Q4.2022",0,5.90400407379319,0,0,0,0,0,7.94277714688766,-3.22706405054793,18.0782237262015,80.84
"ISL","Q4.2019",0,0,0,0,0,0,0,-0.774880880364942,4.59516541793076,0,0
"ISL","Q1.2020",22.827380952381,0.14567891502343,2.74851288830139,1.82319894249835,0.323859881031064,0.660938532716457,0,-7.89810467172464,0.345544870107517,2.84473857528864,0
"ISL","Q2.2020",40.9455128205128,0.0707553117697606,1.25908790482485,0.175148711169861,1.08393919365499,0.555188367481824,0.0330469266358229,-15.2179267319344,5.11744622065913,-2.34074049324477,0
"ISL","Q3.2020",34.8557692307692,0.124029471562363,0.53536021150033,0,0.187376074025116,0,0,-12.2733609025235,-1.55909045435115,-4.52418001225604,0
"ISL","Q4.2020",42.2275641025641,0.22755727000216,1.52141440846001,1.52141440846001,0,0,0,-9.05136132724773,0.297950772843109,7.25533046304948,0
"ISL","Q1.2021",37.8319597069597,0.11655370392593,0.763384005287508,0.763384005287508,0,2.2207534699273,0,-13.0002125294278,4.19267281447976,-1.2899418053338,6.36
"ISL","Q2.2021",38.4615384615385,0.233107422974892,0,0,0,0.0991407799074686,0,-10.6423893596759,0.870637401057422,3.18249940487907,51.54
"ISL","Q3.2021",19.2193223443223,0.272751575860844,0,0,0,0,0,-8.55183888330851,-2.8400332768048,4.65938403661416,74.15
"ISL","Q4.2021",26.3049450549451,0.578804190542339,0.442828816920026,0.442828816920026,0,0,0,-6.86993888998919,-1.09188418957113,1.36583755496741,76.14
"ISL","Q1.2022",19.2352850274725,10.6147133831386,0,0,0,0,0,-7.97309382748041,0.245951431714502,27.5206813890732,77.82
"ISL","Q2.2022",0,4.84054701137733,0,0,0,0,0,-5.8885916228959,1.87516387747702,12.4154435051982,77.82
"ISL","Q3.2022",0,3.96044798783193,0,0,0,0,0,-5.12750909000319,-2.37309760826803,16.0320630727436,77.82
"ISL","Q4.2022",0,5.5351125799204,0,0,0,0,0,-1.83022118285332,1.00502596470123,9.78321869652682,77.82
"ISR","Q4.2019",0,0,0,0,0,0,0,-0.74477742849755,0.16539611246035,0,0
"ISR","Q1.2020",44.3452380952381,0.0738903386128188,2.31455647027295,0.892838736690056,0.774836164802676,3.73911763932301,0.781944753470591,-3.53045797385983,0.618407258900604,-2.4897828256566,0
"ISR","Q2.2020",75.5608974358974,0.0357767091774301,2.64937099653172,1.22765326294883,1.14448277553423,0.680220849632735,0.000177714716697861,-12.0232948893942,4.07588798641871,4.22852329642175,0
"ISR","Q3.2020",47.1153846153846,0.247236945303321,0.0284343546716578,0.0284343546716578,0,1.24755731121899,0,-5.29601172831675,3.79854332015725,13.2328233619763,0
"ISR","Q4.2020",63.3699633699634,0.137082130697295,0.0492625194686472,0.0492625194686472,0,0,0,-3.67327264328026,2.17675731422905,10.7023401871048,0
"ISR","Q1.2021",65.2228937728938,0.186071625636934,0.341923114926685,0.341923114926685,0,0.0497601206754012,0.867247817485564,-4.05838102391917,2.38121684123479,11.222844263246,50.92
"ISR","Q2.2021",36.4252197802198,0.0681124362045494,0.177714716697862,0.177714716697862,0,0,0,-1.66215217068926,2.02642719581635,3.32188739225435,55.04
"ISR","Q3.2021",36.1986378205128,0.624156545209177,0.174160422363904,0.174160422363904,0,0,0,-1.01808563529685,-1.82227552051417,18.353752981223,60.1
"ISR","Q4.2021",44.3063713369963,0.188104265735876,0.0106628830018717,0.0106628830018717,0,0,0,2.54786339128568,-0.344847311416089,6.70290508960029,62.89
"ISR","Q1.2022",27.8404178113553,5.60268311713539,0,0,0,0,0,0.873029634661121,-1.49082897179048,18.6592163509625,64.97
"ISR","Q2.2022",6.02106227106227,1.69887012307753,0,0,0,0,0,1.64829953486345,0.373412956994898,6.95836713854343,65.09
"ISR","Q3.2022",4.16666666666667,2.08381743471284,0,0,0,0,0,0.460430020944376,-2.85131527263496,11.3658886011935,65.16
"ISR","Q4.2022",4.16666666666667,0.880877780338317,0,0,0,0,0,1.37376298913146,-0.399489469813872,4.55495696567198,65.18
"ITA","Q4.2019",0,0,0,0,0,0,0,-1.05653042010026,-2.09841948920624,0,0
"ITA","Q1.2020",65.3869047619048,1.49951067203814,7.92654104656074,1.91311011850654,2.10470082481897,0,0.271303627916864,-6.90742404177636,1.47413786951545,11.1703792455117,0
"ITA","Q2.2020",74.4848901098901,0.115879998821972,16.1131979425675,1.40126925346751,5.84002036175682,0.0335633354123955,0.59854614818772,-18.7195545606609,3.03764016711605,16.7629687398045,0
"ITA","Q3.2020",58.3218864468864,0.165417415447578,1.90192234003575,1.20268618561084,0.699236154424906,0.22375556941597,0,-7.41244096556522,3.52574388074383,4.06217463331247,0
"ITA","Q4.2020",68.8186813186813,1.14177444040293,0.00279694461769962,0,0.00279694461769962,0.302070018711559,0,-7.37310726952976,-1.27191282982011,31.6377723581388,0
"ITA","Q1.2021",66.1057692307692,0.612889412229579,0,0,0,0,0,-6.06155180691201,4.28712479299796,10.4035213945101,5.54
"ITA","Q2.2021",59.2834249084249,0.43840666737833,0.213966263254021,0.190192234003574,0.0237740292504468,0,0,-3.90929669815455,1.29148691014149,13.2963171933956,32.11
"ITA","Q3.2021",45.7091311813187,0.556236038171526,2.93679184858461,2.93679184858461,0,0.363602800300951,0.44751113883194,-1.87616003070989,-0.320717547080562,8.97872279050859,69.54
"ITA","Q4.2021",43.1690052655678,0.705142819088257,0.00493940419485754,0.00493940419485754,0,0.00279694461769962,0,-0.517806924086588,-1.69926518006611,9.42139950615915,75.77
"ITA","Q1.2022",41.0597836538462,4.71122611461692,0,0,0,0,0,-0.0348281452684538,2.4348396793612,7.19943164171306,80.97
"ITA","Q2.2022",17.9822756410256,5.20908063046814,0,0,0,0,0,1.27429913224485,-0.943066888979757,9.00652430516563,81.17
"ITA","Q3.2022",7.97228021978022,6.85562398676544,0,0,0,0,0,1.1830709770127,-2.08270103794706,16.5531348218826,81.22
"ITA","Q4.2022",7.43609693877551,6.95980978487751,0,0,0,0,0,0.761399290227613,-1.52545751959872,12.4815680177685,81.24
"JPN","Q4.2019",0,0,0,0,0,0,0,-2.65101232472707,-2.88779913187983,0,0
"JPN","Q1.2020",30.0595238095238,0,0,0,0,0,0,-2.25529263920965,-1.45283637043806,-4.64198008503016,0
"JPN","Q2.2020",27.2779304029304,0,25.4223490320717,1.24776076278532,16.415811904074,2.86745160358278,0.73522825772898,-9.82609571889517,5.40304706112204,-2.45533012146905,0
"JPN","Q3.2020",23.6378205128205,0.0117282040050934,0.487575845131465,0,0.487575845131465,0,0,-5.05766730523216,6.64608867973553,-1.55369403139275,0
"JPN","Q4.2020",31.0897435897436,0.0407160195736314,1.28214388904941,1.28214388904941,0,1.91418665125686,0.632042762207454,-3.56900540740031,2.26782547583338,0.811153769302444,0
"JPN","Q1.2021",40.8253205128205,0.0269937898593603,0,0,0,0,0,-3.44681277482674,-1.01522486060631,-2.53761200304856,0.1
"JPN","Q2.2021",40.0297619047619,0.133658415357779,0,0,0,0,0,-2.95447373134139,1.20238349956108,2.72677377509763,14.79
"JPN","Q3.2021",40.625,0.221356781620016,0,0,0,0,0,-3.45052603288436,1.15963479508929,3.13820117195408,63.28
"JPN","Q4.2021",40.625,0.067926194228441,2.59802080323606,2.14845781566021,0.449562987575845,0.557678416642589,0.533227390927478,-2.48839877870326,0.773827632766057,1.29383533488721,80.44
"JPN","Q1.2022",40.3044871794872,4.16442265145436,0,0,0,0,0,-3.07388472590667,-0.189675899731725,5.95611406884407,81.27
"JPN","Q2.2022",35.7321268315018,2.07007182311808,0,0,0,0,0,-2.30159403049626,1.4331568897608,3.67298096765164,82.6
"JPN","Q3.2022",29.5516735347985,6.78793746301709,0,0,0,0,0,-2.8192525541332,-0.420621860017974,11.3360458897497,83.01
"JPN","Q4.2022",29.4413919413919,8.04565928017058,0,0,0,0,0,-2.68578142656607,-5.05722883394992,11.8486243284664,83.22
"KOR","Q4.2019",0,0,0,0,0,0,0,-0.272161972054092,-1.25712424792426,0,0
"KOR","Q1.2020",55.6845238095238,0.00439790630952144,4.21564993076225,0.130273483645311,3.51295475997944,0.325063607331125,0.109429726262061,-2.27736887302558,3.142989097152,-0.814574176004996,0
"KOR","Q2.2020",45.5242673992674,0.0082295251490084,2.39978868598765,0.00275658691393477,0.8389612346758,0.745164326451176,0,-5.64857861608444,1.38676723952841,-1.04010195535228,0
"KOR","Q3.2020",34.5695970695971,0.039531235398529,2.12606325309147,1.08387538392898,1.04218786916248,1.50596147093979,0.135484422991123,-4.26813792124434,0.304843225940083,1.79149634341558,0
"KOR","Q4.2020",46.5716575091575,0.0211734404921976,0.239703209907371,0.239703209907371,0,0,0.0416875147664994,-3.46534633422788,-0.629717812221472,0.57438275638401,0
"KOR","Q1.2021",54.4070512820513,0.00213663623311411,0.797273719909301,0.13027348364531,0.548451366146757,0,0.218859452524122,-2.71814279950982,1.23306072664843,-4.60229778457891,0.08
"KOR","Q2.2021",47.4587912087912,0.0400321751287674,0,0,0,0,0,-2.08978738500927,0.373753071253233,-0.289223182460438,9.69
"KOR","Q3.2021",33.322393543956,0.190842842592656,0.96923471832111,0.771219023180238,0.198015695140872,0,0.255336027944809,-2.81266087844954,-0.257285166787867,4.91032465791953,49.46
"KOR","Q4.2021",32.6534558150183,0.397571929828027,0.125062544299498,0.125062544299498,0,0,0,-2.02980190913809,0.64527995025523,9.9367779269856,81.67
"KOR","Q1.2022",36.3449954212454,10.506037512339,0,0,0,0,0,-2.38047046873888,1.68067037062796,22.8025309787858,85.24
"KOR","Q2.2022",9.51236263736264,2.56570245693137,0,0,0,0,0,-2.241873589227,-0.694179736672872,21.5117545094339,85.47
"KOR","Q3.2022",3.125,4.08998235001433,0,0,0,0,0,-2.48226087558048,-0.686776677557667,13.3622585077427,85.55
"KOR","Q4.2022",0.159438775510204,4.71501406058315,0,0,0,0,0,-3.55604622384571,0.228927315973813,14.4955550862802,85.6
"LTU","Q4.2019",0,0,0,0,0,0,0,0.257505511938434,0.639241316159705,0,0
"LTU","Q1.2020",35.0595238095238,0.206297264457462,2.06470794706089,2.06470794706089,0,1.57950157950158,0,-1.2634673176111,-2.09983655437338,-3.82339002538574,0
"LTU","Q2.2020",65.2586996336996,0.271649323129897,3.32005037887391,0.562632915574092,1.50192017839077,1.92637251460781,0,-7.47679578007125,6.11996088998437,8.61947680447523,0
"LTU","Q3.2020",32.1886446886447,0.446405770330186,0.228150228150228,0.083620671855966,0.144529556294262,0.0123882476823653,0.211839035368447,-3.04122218969677,3.81610088790102,12.4468208892797,0
"LTU","Q4.2020",53.1021062271062,2.3557646299782,0.774265480147833,0.526500526500526,0.126979538744245,0,0,-3.72335312755285,0.750123400722913,43.5022650923917,0
"LTU","Q1.2021",71.0164835164835,0.807440509662635,1.18307765366589,1.18307765366589,0,0,0,-2.6259715138898,-0.859675516691077,24.2594224194493,6.15
"LTU","Q2.2021",43.1349370421245,1.4188372179673,0.261804967687321,0.261804967687321,0,0,0,-2.48713168745449,-0.660629026792087,21.7443995062522,38.3
"LTU","Q3.2021",21.3575183150183,2.61492116882814,0,0,0,0,0,-1.74786271414577,1.08805830136886,27.2721461309977,59.87
"LTU","Q4.2021",27.2416437728938,3.50848850599758,0,0,0,0,0,-1.55849004280405,-0.514684044235175,49.3201642498064,66.62
"LTU","Q1.2022",12.5736813186813,11.4464957686568,0,0,0,0,0,-1.72479294711278,-3.55715329369192,18.6496592932702,68.1
"LTU","Q2.2022",2.72435897435897,8.20304751826877,0,0,0,0,0,-4.24874303805989,-0.489672468604113,12.8465770842207,68.24
"LTU","Q3.2022",0,11.6928335470185,0,0,0,0,0,-4.22044706252831,-1.04203786454677,19.3600791177856,68.32
"LTU","Q4.2022",0,12.0089672380725,0,0,0,0,0,-5.62877065620495,1.80610463225134,21.1630781924988,68.36
"LUX","Q4.2019",0,0,0,0,0,0,0,0.148041308943325,4.46532331729165,0,0
"LUX","Q1.2020",35.7142857142857,0.227557795432888,2.76771691400365,2.59944228981698,0.0588961184653354,0.0176287701528895,0.395846020705792,-1.09656222535019,-2.18660906643123,-11.3198517943769,0
"LUX","Q2.2020",54.5787545787546,0.0328887972591361,0.886246354049809,0.389435558832014,0.332222186608545,0.0657072342062246,0,-8.36273319139697,-0.260398363602448,2.96636833695935,0
"LUX","Q3.2020",31.2156593406593,0.117887084928445,0.259623705888009,0.259623705888009,0,0,0,-1.1535453388394,3.45468569012108,-1.4889252147761,0
"LUX","Q4.2020",49.5306776556776,0.583232421432051,0.267636783230232,0.267636783230232,0,0,0,-0.90982652967864,0.225335313277299,22.8803269287483,0
"LUX","Q1.2021",50.0801282051282,0.0878619944349742,0.0837767236129363,0.0837767236129363,0,0.0240392320266675,0,1.38663318097558,1.42206764679642,-2.14324879277143,3.48
"LUX","Q2.2021",39.6863553113553,0.0923468233553157,0.253213244014231,0.253213244014231,0,0,0,0.745417564349111,-1.24631990712015,-5.72658534090955,5.85
"LUX","Q3.2021",31.0782967032967,0.0823579003536363,0,0,0,0,0,1.07768203526428,-0.654856398188876,-6.82451840385741,5.85
"LUX","Q4.2021",37.4252804487179,0.552857853044677,4.00653867111125,0,1.40228853488894,0,0,2.61606350479599,1.53431138180895,7.75554266344165,5.85
"LUX","Q1.2022",37.6048592032967,0.41586648464722,0,0,0,0,0,-0.862255115342748,-3.3283510598016,-5.70527538718342,5.85
"LUX","Q2.2022",14.3665178571429,1.14057497897315,0,0,0,0,0,-2.02796021391912,3.76248611104267,-1.34637104845665,5.85
"LUX","Q3.2022",9.009375,0.559585205296116,0,0,0,0,0,-1.83173276536339,-0.83330552423854,-4.8849501732318,5.85
"LUX","Q4.2022",0.459661989795918,0.699634221423163,0,0,0,0,0,-3.09182929585243,1.16612007053402,-4.42031124033392,5.85
"LVA","Q4.2019",0,0,0,0,0,0,0,-1.91235205574863,0.280436189392994,0,0
"LVA","Q1.2020",26.3690476190476,0,7.0908255676598,3.26814542590891,1.87114450715317,0,0.0262501640635254,-2.96706112464677,0.522081647054073,-9.22207266548554,0
"LVA","Q2.2020",50.2747252747253,0.123445407379609,0.97509515684473,0.154777529859562,0.820317626985169,0.246095288095551,0,-13.2143985684985,3.51321358697685,1.76050806977557,0
"LVA","Q3.2020",36.4010989010989,0.107507059920517,2.03504396902481,0.230345189657435,0.844927155794724,0,0,-4.54348714397806,2.8373232736314,1.866345272094,0
"LVA","Q4.2020",40.521978021978,1.12640243736778,2.65179157369734,1.83147394671217,0.308439427746423,0,0,-4.78833947107737,-1.07465568835397,15.0047081896938,0
"LVA","Q1.2021",53.5141941391941,0.622460760472265,0,0,0,0,0,-5.25066605068965,1.17021950605011,18.6941358647896,1.34
"LVA","Q2.2021",47.5389194139194,1.3588667243048,0,0,0,0,0,-5.03857714508183,-1.65360692691457,15.2137334921934,29.77
"LVA","Q3.2021",33.1845238095238,1.58473910926685,0.00213282583016144,0.00213282583016144,0,0,0,-0.0782771670467813,4.13321304880416,15.8062171546327,46.23
"LVA","Q4.2021",39.8946485805861,3.95431438498082,0,0,0,0,0,-0.856988999557679,2.69861432394992,46.6521621467471,68.22
"LVA","Q1.2022",31.2503743131868,8.58220977869418,0,0,0,0,0,-1.97028993604802,-1.34700464102629,13.9359869225014,70.38
"LVA","Q2.2022",2.1418315018315,4.19424563364868,0,0,0,0,0,-2.77987089516651,0.725249785995082,5.49628221073417,70.56
"LVA","Q3.2022",0,6.42303693418651,0,0,0,0,0,-3.45489009217963,-2.00455771008426,8.3357658959167,70.57
"LVA","Q4.2022",0,8.13221406086044,0,0,0,0,0,-3.79990665642242,3.79693416353692,12.0056314105505,70.57
"MEX","Q4.2019",0,0,0,0,0,0,0,-1.68890942446712,0.0576072768189402,0,0
"MEX","Q1.2020",12.5892857142857,0.0276882797367354,0.228157715155201,0,0.0811960910353409,0.0288807234373672,0,-5.48358409696939,0.165807589926488,-2.7869063557322,0
"MEX","Q2.2020",73.5004578754579,0.918727237047046,0.500874260756625,0.268178146204124,0.232696114552501,0.980294269816921,0.020629088169548,-19.4380293669414,0.62717246199581,49.6899803827488,0
"MEX","Q3.2020",57.3660714285714,0.873709959110833,0.145872408264508,0.145872408264508,0,0,0,-12.4600689032777,-0.493268449390354,68.5671084480306,0
"MEX","Q4.2020",56.2328296703297,1.52468420904424,0,0,0,0.000907679879460112,0.0268178146204124,-10.1524740735948,-0.18881455984719,51.96287647369,0
"MEX","Q1.2021",45.5242673992674,1.28651938753655,0.0082516352678192,0,0.0082516352678192,0,0,-10.7547541577081,0.081324425984171,81.4520710571597,0.74
"MEX","Q2.2021",28.6057692307692,0.235815152200584,0,0,0,0,0.0384072363540645,-6.12227747645848,0.294284733026955,9.42831404202455,15.35
"MEX","Q3.2021",33.7339743589744,2.5129743575472,0,0,0,0,0,-6.79575187697791,0.253144707110261,62.0750858049658,35.74
"MEX","Q4.2021",25.1945970695971,0.421263924692646,0,0,0,0,0,-6.34695948508242,0.0471927029653152,16.8379496351009,57.08
"MEX","Q1.2022",25.3763472985348,7.53179743923096,0,0,0,0,0,-6.94236071189037,0.0291309212999593,23.6923477898232,62.52
"MEX","Q2.2022",13.9729166666667,0.269431392903625,0,0,0,0,0,-4.98006730376006,0.0235165091804888,-5.33155470047143,62.7
"MEX","Q3.2022",13.9652014652015,0.662578935043615,0,0,0,0,0,-5.08064979101107,0.0728479752615723,2.23536639726217,62.7
"MEX","Q4.2022",3.125,0.349863793466332,0,0,0,0,0,-4.94618142549159,-0.0270994164379221,-1.63867465322178,64.19
"NLD","Q4.2019",0,0,0,0,0,0,0,-0.562406545495298,-1.2546177676435,0,0
"NLD","Q1.2020",32.1130952380952,0.938109970000303,3.89770033088675,2.45307912278601,0.507622984102379,0,0,-2.19139481827913,1.92073691711091,-1.62463994472805,0
"NLD","Q2.2020",68.0288461538461,0.0852345615617514,3.62778263912116,1.82216040293886,0.782785989951213,0.0635608647733346,0,-10.8711397577235,4.90287217079349,18.4564605480103,0
"NLD","Q3.2020",41.4262820512821,0.113063531277852,0.605247535628024,0.185128732349518,0.227584921635007,0.000308547887249197,0,-5.60136000353861,-0.871336112238964,1.01467724002446,0
"NLD","Q4.2020",59.7069597069597,0.599114963117702,0,0,0,0,0,-5.85164481357711,-1.5992125981458,17.2897022729262,0
"NLD","Q1.2021",75.5837912087912,0.130435356850557,0.775072292769982,0.704723374477166,0.0462821830873795,1.08176889269568,0.0888617915277687,-5.44513834929626,1.53610488855397,5.21813993350152,3.68
"NLD","Q2.2021",65.121336996337,0.166361920547212,0.0475163746363763,0,0.0166307311227317,0,0,-2.328193328381,2.32214790860863,4.3864508311045,30.73
"NLD","Q3.2021",32.3070970695971,0.368230869069004,0.286332439367255,0.286332439367255,0,0,0,-1.13041654573036,-1.64114535665071,5.64257187370932,63.26
"NLD","Q4.2021",37.7853617216117,1.37404275305295,0,0,0,0,0,-1.67210404193753,-0.509958157299629,24.1554788043812,67.08
"NLD","Q1.2022",36.1424221611722,2.39926435258867,0,0,0,0,0,-1.01969586142994,-1.20297407172832,-0.633017008604661,67.81
"NLD","Q2.2022",5.92627174908425,3.19971807846395,0,0,0,0,0,0.725445451211041,2.24339674047035,9.53360726953498,68.01
"NLD","Q3.2022",4.61473214285714,4.23732705579013,0,0,0,0,0,0.261485884826577,-1.58087026240577,9.37744894596462,68.08
"NLD","Q4.2022",0,6.73297737972213,0,0,0,0,0,-0.529377452872838,1.28187052343735,15.004275970945,68.08
"NOR","Q4.2019",0,0,0,0,0,0,0,0.272948809054433,1.97042442522926,0,0
"NOR","Q1.2020",31.1309523809524,0.0885578315745914,3.8103770820655,0.750670543421913,2.03416954042419,0.0490229224423558,0.304280208262898,-1.06903968046963,2.08983730701505,-3.17451650166722,0
"NOR","Q2.2020",56.1927655677656,0.0144973994171467,1.27628642910271,0.670543421912683,0.239479793540244,0.037189803232132,0,-6.56425551819217,-1.01808689373479,0.0396750915895789,0
"NOR","Q3.2020",31.547619047619,0.0685533955286159,0,0,0,0,0,-3.56549656404575,-0.109025400572087,1.84274648414907,0
"NOR","Q4.2020",37.0650183150183,0.0306546252635502,0,0,0,0,0,-3.18893549909855,1.00627436914855,0.452493425741884,0
"NOR","Q1.2021",60.4510073260073,0,0,0,0,0.0239479793540244,0,-1.84013016420313,-0.968164921147007,-8.29156057381826,5.52
"NOR","Q2.2021",54.3269230769231,0.0252470992694456,0.100018031419749,0.100018031419749,0,0.0126783420109541,0,-3.53534187225205,-2.61150500681846,-2.11773579211168,29.01
"NOR","Q3.2021",36.7101648351648,0.42453327442157,0,0,0,0,0,0.601277886799172,-0.572621928990326,7.5170625066669,67.63
"NOR","Q4.2021",17.9029304029304,0.804803514300721,1.50590528996777,0.0972006220839813,0.493046633759326,0,0,-0.248303608033327,1.87637096126848,17.7309516834563,72.31
"NOR","Q1.2022",19.1964285714286,3.80318027873928,0,0,0,0,0,-0.78691381015278,-1.62237847500206,6.0440543253385,74.18
"NOR","Q2.2022",0,4.46927374301676,0,0,0,0,0,-0.00369758309649905,0.468755930372904,12.8401753324215,74.5
"NOR","Q3.2022",0,4.59461460788379,0,0,0,0,0,2.17541479808542,1.31216990237124,14.2140093478805,74.59
"NOR","Q4.2022",0,6.30446933057277,0,0,0,0,0,0.145037571876444,2.14894440126129,16.3367905824327,74.61
"NZL","Q4.2019",0,0,0,0,0,0,0,-0.694540529413245,-1.98336756131759,0,0
"NZL","Q1.2020",30.922619047619,0.0145295081101073,9.40146384385666,6.9950538609215,1.05238774530717,0.933233788395904,0,-2.43687771754998,8.62785272006296,-1.27739255092746,0
"NZL","Q2.2020",56.2843406593407,0,2.58925714590444,1.70168515358362,0.887571992320819,0.399957337883959,0,-12.9652082082736,6.41465806862595,-7.01423013759572,0
"NZL","Q3.2020",26.8830128205128,0,0.371827005119454,0.340163715870307,0.0316632892491468,2.07311220136519,0,-1.71529906423685,1.07083686789892,-13.3594258598697,0
"NZL","Q4.2020",13.9938186813187,0.0583466621864439,0.103655610068259,0.103655610068259,0,0,0,-2.17134105773835,1.60301289090658,-2.22098898290182,0
"NZL","Q1.2021",17.5080128205128,0.0345964736913981,0.970563139931741,0.970563139931741,0,0.0147984215017065,1.99378732935154,-1.05468854519534,-3.45186212092341,1.0186501361285,0.3
"NZL","Q2.2021",12.5,0.0293765223924375,0,0,0,1.56649957337884,0,-1.08158776730166,-0.392248208124371,-1.85811436150316,8.8
"NZL","Q3.2021",40.8882783882784,0.00127006189773665,0,0,0,0,0,-6.13075571138836,3.21040598792383,-3.16427125405697,37.24
"NZL","Q4.2021",50.7282738095238,0.0944926051916066,0.167982081911263,0.10132252559727,0.0233308447098976,0,0,-3.33885666162763,4.36508504091306,-1.65658735008239,74.37
"NZL","Q1.2022",40.7255551739927,2.64503118729268,0,0,0,0,0,-4.15019118642713,-1.79926500957703,4.95956833704418,78.23
"NZL","Q2.2022",10.1047161172161,3.85971833977695,0,0,0,0,0,-3.77671920340639,0.986575175697865,10.9817488714391,79.33
"NZL","Q3.2022",3.72587912087912,1.49740297743151,0,0,0,0,0,-2.25521478291833,1.83875091676452,5.72212119022598,79.7
"NZL","Q4.2022",0,1.86737231056406,0,0,0,0,0,-3.29797762211888,0.694681827263722,3.70860426949658,79.81
"POL","Q4.2019",0,0,0,0,0,0,0,-0.575979030851684,-0.620870413245129,0,0
"POL","Q1.2020",26.4880952380952,0.0167268542204695,4.57433201557384,1.3195188506463,1.13918460772464,1.3195188506463,0.329879712661575,-1.19147945299101,2.64631606298339,-6.14735885883434,0
"POL","Q2.2020",71.8635531135531,0.0320310978086829,3.41605836847652,3.15655299451608,0.259505373960439,0.404652447531532,0,-11.1728865808895,4.76477523491767,0.550672147573591,0
"POL","Q3.2020",30.8264652014652,0.264230705185899,0.00624572255972582,0.00624572255972582,0,0.17593584675284,0,-6.48613866424224,1.83547654002865,4.94848958526289,0
"POL","Q4.2020",56.4903846153846,2.19132000956194,0.299090939479828,0.270501364382492,0.0285895750973365,0,0,-7.48875809733067,0.0762437321583249,57.5824600265157,0
"POL","Q1.2021",68.0059523809524,1.40575130437363,1.84732639090482,1.84732639090482,0,0,0,-6.46828456940345,1.03873798870447,20.5054205087179,5.12
"POL","Q2.2021",59.4189571886447,0.852643712038563,0,0,0,0,0,-5.25459560566873,0.460218355552584,29.4412370887309,33.35
"POL","Q3.2021",30.4833527930403,0.227727469930801,0,0,0,0,0,-4.47527998017803,0.213896762006009,2.45033363424518,48.68
"POL","Q4.2021",30.8686217948718,3.25775905876858,0,0,0,0,0,-3.75101979789848,-1.12729647347167,36.9046742886675,52.8
"POL","Q1.2022",30.182480540293,3.51505075597971,0,0,0,0,0,-1.78145359850176,-0.448995877490276,13.4587400489573,56.08
"POL","Q2.2022",4.16666666666667,1.06797650780925,0,0,0,0,0,-4.05258765838329,-1.20559060610665,1.0353532032219,56.49
"POL","Q3.2022",4.16666666666667,2.69153248914207,0,0,0,0,0,-4.69044726671175,-0.773848973314557,2.97114466673912,56.61
"POL","Q4.2022",4.16666666666667,2.00265142560682,0,0,0,0,0,-7.37747797038652,-0.747561606489974,3.40266429672343,56.76
"PRT","Q4.2019",0,0,0,0,0,0,0,0.0186916609238312,-1.75038765207502,0,0
"PRT","Q1.2020",36.1904761904762,0.364913092220862,9.43618389137203,1.59428412639353,2.8518139986153,0.282590982521748,0,-4.90617524653506,1.64831829941248,-4.27289698857358,0
"PRT","Q2.2020",66.9299450549451,0.252681554168501,0.923130542904376,0.137998596464787,0.785131946439589,0.264922610391387,0,-19.7776302904683,-0.403119715080607,9.32864127528321,0
"PRT","Q3.2020",52.1863553113553,0.296597796555824,0.88450977529307,0.33581228423001,0.54869749106306,0.525383735005016,0,-8.92059615322526,4.7628987694699,13.7033887571222,0
"PRT","Q4.2020",58.6881868131868,0.980283918425442,0.852482797273939,0.475694820578275,0.131875791843482,0.211943236891311,0,-9.24797762941575,1.09584969713103,18.6634253829151,0
"PRT","Q1.2021",73.4546703296703,0.751842529714515,0.390789903966164,0.390789903966164,0,0.0286358862288704,0,-12.5089895719015,-0.541608031773009,22.321927845196,4.65
"PRT","Q2.2021",61.4583333333333,0.0574500906970142,0,0,0,0.0941969941739159,0,-9.10593528783333,1.78786443019231,-5.09478417318558,32.47
"PRT","Q3.2021",49.5910485347985,0.397085112847962,0,0,0,0,0,-6.53526983813935,-1.69579611031358,5.72203803259413,79.81
"PRT","Q4.2021",33.5087385531136,0.587448834574719,0.0047098497086958,0,0.0047098497086958,0,0,-5.36935005301689,-1.05910610502768,10.0344381209227,83.09
"PRT","Q1.2022",20.0778388278388,1.7961496491699,0,0,0,0,0,-4.65222343836145,0.418450278211679,-2.76714488554774,85.68
"PRT","Q2.2022",4.17811355311355,9.12900450840455,0,0,0,0,0,-4.95030355406785,0.157996039546745,15.2959532321385,86.31
"PRT","Q3.2022",2.88461538461538,4.4180972974736,0,0,0,0,0,-4.54405723054689,-2.08389387834634,14.1582774943094,86.54
"PRT","Q4.2022",0,6.77080859043735,0,0,0,0,0,-4.53277840687094,-4.99940452512008,10.7862151083093,86.62
"SVK","Q4.2019",0,0,0,0,0,0,0,-0.48895314810544,-0.700907012115962,0,0
"SVK","Q1.2020",36.7261904761905,0.0661053510784095,0,0,0,0.0609529472980004,0,-3.44508628948689,0.546252445081279,-3.02810227570825,0
"SVK","Q2.2020",61.1836080586081,0.0303969982570139,5.11663599233742,2.68224825052298,2.38228387520619,0.0643510210149622,0,-11.5535889735545,8.72771138972947,-0.65666971766525,0
"SVK","Q3.2020",27.415293040293,0.158099690083145,0.0265474509137633,0,0.0265474509137633,0,0.0849518429240424,-3.47061808689972,2.941281885862,2.39810654684992,0
"SVK","Q4.2020",56.0782967032967,1.71650165744649,0.190929266971785,0.190929266971785,0,0,0,-3.36076289977965,-3.10747188866743,36.6520301969311,0
"SVK","Q1.2021",62.4542124542124,2.08871997088441,0.00849518429240424,0.00849518429240424,0,0,0,-3.04530029361037,0.814343679495316,65.9784876872366,4.74
"SVK","Q2.2021",53.112847985348,0.419608604444579,1.15746885984008,1.15746885984008,0,0,0,-2.73671863964779,2.79622897818202,15.4680414800266,30.26
"SVK","Q3.2021",24.0562831959707,0.49832630932772,0.0796423527412898,0.0106189803655053,0.0690233723757845,0,0,-2.83663901681212,0.143482470371744,4.11680134967024,42.1
"SVK","Q4.2021",30.3451104624542,3.50885594272104,1.06189803655053,1.06189803655053,0,0,0,-3.2230071064216,-0.295063935949031,55.2210169746842,43.44
"SVK","Q1.2022",32.2825732600733,5.7685622548346,0,0,0,0,0,-4.16350455950541,-0.92626525392123,13.1763890264844,45.6
"SVK","Q2.2022",2.44605196886447,3.08013553223542,0,0,0,0,0,-5.13647227497786,-0.391414475880559,7.70850023483954,45.67
"SVK","Q3.2022",0,4.5025496795413,0,0,0,0,0,-5.63290571607939,0.465344695095524,9.1175527751601,45.68
"SVK","Q4.2022",0,5.66098251260321,0,0,0,0,0,-5.94372879402338,0.185186528743749,12.179377818984,45.68
"SVN","Q4.2019",0,0,0,0,0,0,0,-1.08107708990739,-2.55160442492858,0,0
"SVN","Q1.2020",30.8333333333333,0.0768073565556403,4.58266502801675,4.16605911637886,0.14581206907326,0,0,-4.40713162202215,5.98707172089117,-5.00291164463431,0
"SVN","Q2.2020",57.7209249084249,0.0632387534164439,6.78439215032056,1.84452267377674,2.13704063753523,0.718645197575354,0.62074280834045,-14.7433952302522,7.68715628258543,2.14352354263722,0
"SVN","Q3.2020",41.1057692307692,0.135057553116983,0.624908867456829,0.624908867456829,0,0,0,-5.86517097311865,-0.740971458468451,0.668670874794942,0
"SVN","Q4.2020",69.8832417582417,2.13339056022364,4.11751827858437,4.11751827858437,0,0,1.68996188055909,-8.90616149537995,-0.132409238760232,58.4698439451147,0
"SVN","Q1.2021",68.1318681318681,0.141217540763424,0.736225967046472,0.736225967046472,0,0,0,-5.85019762187301,6.88306049298423,9.44080293144264,5.52
"SVN","Q2.2021",49.9049381868132,0.264404735353668,0.0323286187431,0.0323286187431,0,0,0,-5.6585109016134,-2.88855918773775,5.2093087372183,32.48
"SVN","Q3.2021",35.363801510989,0.358773848357124,0.0851959089299477,0.0851959089299477,0,0,0,-4.10511590416144,1.28182235340861,-0.909453365813652,48.78
"SVN","Q4.2021",42.8533985805861,1.65182673701931,0.00833211823275772,0.00833211823275772,0,0,0,-3.90402005094106,-4.20492290634594,27.0221594208701,56.09
"SVN","Q1.2022",27.8941678113553,2.89250013309697,0,0,0,0,0,-5.0220265172344,3.27006043826579,4.91389016159293,57.55
"SVN","Q2.2022",1.82542124542125,1.45587620094182,0,0,0,0,0,-5.30554110329846,-0.340598593154297,1.84905290628742,57.65
"SVN","Q3.2022",0,2.62112738639475,0,0,0,0,0,-6.50261255650948,-2.33289700617284,4.57085783584703,57.66
"SVN","Q4.2022",0,4.84958993488373,0,0,0,0,0,-6.91233615789814,-1.8437908595304,8.1817284345977,57.66
"SWE","Q4.2019",0,0,0,0,0,0,0,0.761786777732311,0.623581535115274,0,0
"SWE","Q1.2020",21.5178571428571,0.553292802869215,6.50231962535486,1.86207315458095,2.63378796463455,0,0,0.236290275298862,0.503845829496107,-3.31727790371555,0
"SWE","Q2.2020",59.1804029304029,0.2977015088778,1.00100546695937,0.813536773953281,0.176292882729496,0.70101577584224,0.754786872284684,-8.86393911594363,1.26769288041694,26.3733743743614,0
"SWE","Q3.2020",52.2435897435897,0.0179030592447719,0,0,0,0,0,-4.12254432555184,0.902085567560118,0.143312709675837,0
"SWE","Q4.2020",54.8534798534798,0.497353715928555,0,0,0,0,0,-3.33128742156066,0.989466253417028,10.6395261077304,0
"SWE","Q1.2021",63.9669436813187,0.0678947990223142,0.135463332593151,0.135463332593151,0,0,0,-1.43733218698789,0.262730682623729,4.40923754278096,4.14
"SWE","Q2.2021",57.0376510989011,0.0300466234292965,0.061338880386196,0.061338880386196,0,0,0,-1.20613191705499,-0.559240903399793,-1.11901108585656,28.86
"SWE","Q3.2021",29.6056936813187,0.176670412707737,0.0597456627138272,0,0.0209109819498395,0,0,-2.14578770562476,-1.45517705861729,2.11363882868848,61.2
"SWE","Q4.2021",7.02137133699634,0.340515983605986,0,0,0,0,0,-0.680161770723187,0.43764823784953,4.93678441338929,68.78
"SWE","Q1.2022",18.3229853479853,1.45879585322294,0,0,0,0,0,-1.45861535885144,-0.0510987238598801,3.62735763240299,71.36
"SWE","Q2.2022",0.216043956043956,1.38270272851597,0,0,0,0,0,-1.28023959897115,-0.241373826391317,1.21419374735066,71.73
"SWE","Q3.2022",0,3.3992688711894,0,0,0,0,0,-2.38091908539565,-0.267914101361438,7.81926395444452,71.86
"SWE","Q4.2022",0,4.35060176241353,0,0,0,0,0,-3.67068891634765,-0.559501910156158,9.5521589232784,71.95
"TUR","Q4.2019",0,0,0,0,0,0,0,-1.05071082221705,2.19645999209003,0,0
"TUR","Q1.2020",42.8273809523809,0.025250366081297,8.39314743260194,1.1249502626157,2.54386900949518,0.0932829127230717,0.0050923674439394,-1.65308614540242,4.01597332724565,-3.58308655199432,0
"TUR","Q2.2020",67.6167582417582,0.0284256690994059,1.61358606598643,0.587936968527549,0.35897718411061,0.167261123408664,0,-12.7066364995268,4.59946449162008,0.742455953421328,0
"TUR","Q3.2020",48.08836996337,0.320974031240287,0.36706710420905,0.36706710420905,0,0,0,0.00908611642553784,2.80038260981699,17.7713585564284,0
"TUR","Q4.2020",61.3324175824176,0.706618530437944,0,0,0,0,0,0.307370164858916,-3.24449455475958,44.9289594143815,0
"TUR","Q1.2021",68.2864010989011,0.44165454015561,0,0,0,0,0,2.00926164812304,1.11309048646845,5.15222502627533,8.02
"TUR","Q2.2021",61.6128663003663,0.493198998383457,0.14538709052447,0.14538709052447,0,0.130225723816378,0,2.6508062429696,-0.347128588139661,25.2000664594995,17.83
"TUR","Q3.2021",29.2382783882784,1.46030247839879,0.196310764963864,0.177793065167721,0.0185176997961433,0,0.449054220056474,5.235712628327,-1.37513250126393,35.9718619615892,52.14
"TUR","Q4.2021",29.6105128205128,2.92806288728447,0.157168977019766,0.157168977019766,0,0.10471759234719,0,6.13956155851642,4.29942696929309,39.2436976424325,60.47
"TUR","Q1.2022",19.5603170787546,5.52160276935625,0,0,0,0,0,4.81304010327203,-4.03074912510625,25.8437958597075,62.08
"TUR","Q2.2022",2.99908424908425,1.0285240392183,0,0,0,0,0,5.55293674097888,-6.97865266874753,2.34029337384777,62.21
"TUR","Q3.2022",0,1.51525680022651,0,0,0,0,0,5.48454577330579,-1.63300334663678,8.36364638308692,62.29
"TUR","Q4.2022",0,1.77945432080747,0,0,0,0,0,5.48902472618252,-1.44949092300494,4.75378284628007,62.31
"USA","Q4.2019",0,0,0,0,0,0,0,0.466432501713491,1.39457146244244,0,0
"USA","Q1.2020",28.2589285714286,0.436380504322356,4.52473204569074,2.09515833478163,2.42957371090911,3.55555451874368,2.0538206452832,-1.48617364330352,1.9796320368327,-0.697777789462566,0
"USA","Q2.2020",47.5961538461538,0.318786894251763,3.32101212020123,1.50140727771952,0.818822179116768,0,0.425041028589958,-9.82271538828303,14.2045219232746,20.9984249601933,0
"USA","Q3.2020",45.5586080586081,0.382102281711851,0,0,0,0.205288751459475,0,-3.44054542039555,2.41163982996346,17.5690984742269,0
"USA","Q4.2020",47.0409798534798,0.926045532962227,2.49192550351149,1.07356685706421,0.557079021005938,1.58165651692641,0.400779630690202,-2.96670391632037,2.16971807751156,24.8550961627051,0.01
"USA","Q1.2021",46.9436813186813,0.374513486610473,1.40259340346588,1.35593686904327,0.0466565344226079,3.60767453334717,1.77854709218981,-2.23763612676819,-0.11212595057836,20.3477214949412,19.53
"USA","Q2.2021",40.0657680860806,0.261515153195935,0,0,0,0,0,-1.20576441572091,-0.403379151549345,5.52799073013102,49.34
"USA","Q3.2021",35.6952861721612,1.51196475581881,0,0,0,0,0,-1.02376320319122,-0.984670446198862,23.4264329495489,57.56
"USA","Q4.2021",35.0987866300366,1.29511131305995,0,0,0,0,0,0.0345555244127132,0.630091693370701,22.0104832159884,63.36
"USA","Q1.2022",29.2678090659341,5.79234493599024,0,0,0,0,0,-0.85451717534552,0.534255244012471,18.4421330389344,66.23
"USA","Q2.2022",18.1591746794872,1.93559978733018,0,0,0,0,0,-1.33044781287588,-2.6117880462651,2.73008975517241,67.32
"USA","Q3.2022",16.8477174908425,3.46850486272312,0,0,0,0,0,-1.24980938894926,0.155319845391162,8.4392640983461,68.22
"USA","Q4.2022",17.2726165674603,4.35992115276584,0,0,0,0,0,-1.20016984277241,-0.101607109358937,9.38191542796799,69.15
